-- MySQL dump 10.13  Distrib 8.0.38, for Win64 (x86_64)
--
-- Host: localhost    Database: editorial_manager
-- ------------------------------------------------------
-- Server version	9.0.0

/*!40101 SET @OLD_CHARACTER_SET_CLIENT=@@CHARACTER_SET_CLIENT */;
/*!40101 SET @OLD_CHARACTER_SET_RESULTS=@@CHARACTER_SET_RESULTS */;
/*!40101 SET @OLD_COLLATION_CONNECTION=@@COLLATION_CONNECTION */;
/*!50503 SET NAMES utf8 */;
/*!40103 SET @OLD_TIME_ZONE=@@TIME_ZONE */;
/*!40103 SET TIME_ZONE='+00:00' */;
/*!40014 SET @OLD_UNIQUE_CHECKS=@@UNIQUE_CHECKS, UNIQUE_CHECKS=0 */;
/*!40014 SET @OLD_FOREIGN_KEY_CHECKS=@@FOREIGN_KEY_CHECKS, FOREIGN_KEY_CHECKS=0 */;
/*!40101 SET @OLD_SQL_MODE=@@SQL_MODE, SQL_MODE='NO_AUTO_VALUE_ON_ZERO' */;
/*!40111 SET @OLD_SQL_NOTES=@@SQL_NOTES, SQL_NOTES=0 */;

--
-- Table structure for table `account_author`
--

DROP TABLE IF EXISTS `account_author`;
/*!40101 SET @saved_cs_client     = @@character_set_client */;
/*!50503 SET character_set_client = utf8mb4 */;
CREATE TABLE `account_author` (
  `id` bigint NOT NULL AUTO_INCREMENT,
  `institution` varchar(255) NOT NULL,
  `address` longtext NOT NULL,
  `city` varchar(100) NOT NULL,
  `state` varchar(100) NOT NULL,
  `mobile_no` varchar(25) NOT NULL,
  `zipcode` varchar(10) NOT NULL,
  `orcid_id` varchar(19) NOT NULL,
  `scopus_id` varchar(15) NOT NULL,
  `is_active` tinyint(1) NOT NULL,
  `is_reviewer` tinyint(1) NOT NULL,
  `country_id` bigint NOT NULL,
  `title_id` bigint NOT NULL,
  `user_id` int NOT NULL,
  `latitude` double DEFAULT NULL,
  `longitude` double DEFAULT NULL,
  PRIMARY KEY (`id`),
  UNIQUE KEY `user_id` (`user_id`),
  KEY `account_author_country_id_85d7fe10_fk_account_country_id` (`country_id`),
  KEY `account_author_title_id_69e3b3c0_fk_account_title_id` (`title_id`),
  CONSTRAINT `account_author_country_id_85d7fe10_fk_account_country_id` FOREIGN KEY (`country_id`) REFERENCES `account_country` (`id`),
  CONSTRAINT `account_author_title_id_69e3b3c0_fk_account_title_id` FOREIGN KEY (`title_id`) REFERENCES `account_title` (`id`),
  CONSTRAINT `account_author_user_id_0a275a24_fk_auth_user_id` FOREIGN KEY (`user_id`) REFERENCES `auth_user` (`id`)
) ENGINE=InnoDB AUTO_INCREMENT=27 DEFAULT CHARSET=utf8mb4 COLLATE=utf8mb4_0900_ai_ci;
/*!40101 SET character_set_client = @saved_cs_client */;

--
-- Dumping data for table `account_author`
--

LOCK TABLES `account_author` WRITE;
/*!40000 ALTER TABLE `account_author` DISABLE KEYS */;
INSERT INTO `account_author` VALUES (1,'college of Engineerng','3/38A,park town ,Edyarpalayam','Chennai','Tamil nadu','7395829944','641008','dr6tufjki6','ujr56tu8tdfgjh',1,0,1,1,14,13.0836939,80.270186),(2,'rvs','3/38A,park town ,Edyarpalayam','Los Angeles','California ','+1 07395829944','641008','nhfhgnfn','fhgjnryt6',1,0,2,1,15,34.0536909,-118.242766),(3,'kit','3/38A,town hall,Edyarpalayam','Madurai','Tamil nadu','67687878','641008','fjxgfjgjng','khgm',1,0,1,1,16,9.9261153,78.1140983),(4,'hff','3/38A,town ,madur','London','England ','8799899','641008','yhjjjfgjfj','tkytkkkk',1,0,4,1,17,51.5074456,-0.1277653),(5,'hde','3/38A,pn palayam  ,palayam','Belfast','Northern Ireland','898789999','641008','update','update',1,0,4,1,18,54.597580449999995,-5.9277097276495745),(6,'hef','3/38A,, dolakpur,','Durban','KwaZulu-Natal','7896898','641008','thdtghdh','thdtjht',1,0,11,1,11,-29.861825,31.009909),(7,'ywx','3/38A,RR park ,sundrapuram','Berlin ','Berlin ','567896759678','641008','shggfhgfj','jjgfjhjhjhj',1,1,5,2,12,52.503379,13.3386522),(8,'hce','3/38A,patchapalam ,Edyarpalayam','Salem','Tamil Nadu','6385845670','641008','ghgsfhgh','tjhtsfjyskjykj',1,1,1,1,10,11.64696155,78.21069575456464),(10,'GHJ','gljgk','Brisbane','Queensland ','917657585065566','djhhjh','ggfj-fjfj-f','hjhjjj',1,0,8,1,20,-27.4689682,153.0234991),(12,'VKC','Sundrapuram, Coimbatore','Melbourne','Victoria ','916564976464324','453656','yhg6-5bh6-y65y-hu76','64yhu424yuhbu4u',1,0,8,1,29,-37.8142454,144.9631732),(13,'hef','3/38A,park town ,Edyarpalayam','Salvador','Bahia ','91+1 07395829944','641008','','',1,0,9,1,34,-12.9822499,-38.4812772),(15,'hce','3/38A,park town ,Edyarpalayam','Tiruchirappalli','Tamil Nadu','91+1 07395829944','641008','','',1,1,1,1,40,10.8071144,78.6880939),(16,'hce','3/38A,park town ,Edyarpalayam','Coimbatore','Tamil Nadu','91+1 07395829944','641008','','',1,0,1,1,41,11.0018115,76.9628425),(17,'update','update','Coimbatore','Tamil Nadu','update','641008','','',1,1,1,1,45,11.0018115,76.9628425),(18,'update','update','Chennai','Tamil Nadu','update','641008','467','67657',1,1,1,1,6,13.0836939,80.270186),(19,'update','update','Durban','KwaZulu-Natal','11','641008','wrtt','36q35',1,1,11,1,7,-29.861825,31.009909),(20,'update','update','Berlin ','Berlin ','5','641008','dhdh','ety6q35',1,1,5,1,8,52.503379,13.3386522),(21,'update','update','London','England ','4','641008','dtyhw5y','5t6q',1,1,4,1,43,51.5074456,-0.1277653),(25,'update','update','update','update','update','','','',1,1,1,1,38,NULL,NULL),(26,'update','update','update','update','update','','','',1,1,1,1,58,NULL,NULL);
/*!40000 ALTER TABLE `account_author` ENABLE KEYS */;
UNLOCK TABLES;

--
-- Table structure for table `account_country`
--

DROP TABLE IF EXISTS `account_country`;
/*!40101 SET @saved_cs_client     = @@character_set_client */;
/*!50503 SET character_set_client = utf8mb4 */;
CREATE TABLE `account_country` (
  `id` bigint NOT NULL AUTO_INCREMENT,
  `country` varchar(100) NOT NULL,
  `code` varchar(3) NOT NULL,
  `ph_code` varchar(3) NOT NULL,
  PRIMARY KEY (`id`)
) ENGINE=InnoDB AUTO_INCREMENT=12 DEFAULT CHARSET=utf8mb4 COLLATE=utf8mb4_0900_ai_ci;
/*!40101 SET character_set_client = @saved_cs_client */;

--
-- Dumping data for table `account_country`
--

LOCK TABLES `account_country` WRITE;
/*!40000 ALTER TABLE `account_country` DISABLE KEYS */;
INSERT INTO `account_country` VALUES (1,'India','IND','91'),(2,'United States','USA','+1'),(3,'Canada','CAN','+1'),(4,'United Kingdom','GBR','+44'),(5,'Germany','DEU','+49'),(6,'France','FRA','+33'),(7,'Mexico','MEX','+52'),(8,'Australia','AUS','+61'),(9,'Brazil','BRA','+55'),(10,'Japan','JPN','+81'),(11,'South Africa','ZAF','+27');
/*!40000 ALTER TABLE `account_country` ENABLE KEYS */;
UNLOCK TABLES;

--
-- Table structure for table `account_editor`
--

DROP TABLE IF EXISTS `account_editor`;
/*!40101 SET @saved_cs_client     = @@character_set_client */;
/*!50503 SET character_set_client = utf8mb4 */;
CREATE TABLE `account_editor` (
  `id` bigint NOT NULL AUTO_INCREMENT,
  `affliation` varchar(255) NOT NULL,
  `mobile_number` varchar(25) NOT NULL,
  `is_active` tinyint(1) NOT NULL,
  `user_id` int NOT NULL,
  PRIMARY KEY (`id`),
  UNIQUE KEY `user_id` (`user_id`),
  CONSTRAINT `account_editor_user_id_68c4052d_fk_auth_user_id` FOREIGN KEY (`user_id`) REFERENCES `auth_user` (`id`)
) ENGINE=InnoDB AUTO_INCREMENT=17 DEFAULT CHARSET=utf8mb4 COLLATE=utf8mb4_0900_ai_ci;
/*!40101 SET character_set_client = @saved_cs_client */;

--
-- Dumping data for table `account_editor`
--

LOCK TABLES `account_editor` WRITE;
/*!40000 ALTER TABLE `account_editor` DISABLE KEYS */;
INSERT INTO `account_editor` VALUES (1,'','',1,9),(2,'','',1,8),(3,'','',1,6),(4,'','',1,3),(5,'','',1,5),(6,'','',1,4),(8,'','',1,21),(9,'','',1,22),(12,'ASP','73234450950',1,25),(13,'','',1,27),(14,'','',1,38),(15,'','',1,2),(16,'','',1,13);
/*!40000 ALTER TABLE `account_editor` ENABLE KEYS */;
UNLOCK TABLES;

--
-- Table structure for table `account_feedback`
--

DROP TABLE IF EXISTS `account_feedback`;
/*!40101 SET @saved_cs_client     = @@character_set_client */;
/*!50503 SET character_set_client = utf8mb4 */;
CREATE TABLE `account_feedback` (
  `id` bigint NOT NULL AUTO_INCREMENT,
  `assigned_on` datetime(6) NOT NULL,
  `created_by_id` int NOT NULL,
  `user_id` int NOT NULL,
  `feedback_type_id` bigint NOT NULL,
  `is_active` tinyint(1) NOT NULL,
  PRIMARY KEY (`id`),
  KEY `account_feedback_created_by_id_2a7335cc_fk_auth_user_id` (`created_by_id`),
  KEY `account_feedback_user_id_d72751ae_fk_auth_user_id` (`user_id`),
  KEY `account_feedback_feedback_type_id_572a0c27_fk_account_f` (`feedback_type_id`),
  CONSTRAINT `account_feedback_created_by_id_2a7335cc_fk_auth_user_id` FOREIGN KEY (`created_by_id`) REFERENCES `auth_user` (`id`),
  CONSTRAINT `account_feedback_feedback_type_id_572a0c27_fk_account_f` FOREIGN KEY (`feedback_type_id`) REFERENCES `account_feedbacktype` (`id`),
  CONSTRAINT `account_feedback_user_id_d72751ae_fk_auth_user_id` FOREIGN KEY (`user_id`) REFERENCES `auth_user` (`id`)
) ENGINE=InnoDB AUTO_INCREMENT=49 DEFAULT CHARSET=utf8mb4 COLLATE=utf8mb4_0900_ai_ci;
/*!40101 SET character_set_client = @saved_cs_client */;

--
-- Dumping data for table `account_feedback`
--

LOCK TABLES `account_feedback` WRITE;
/*!40000 ALTER TABLE `account_feedback` DISABLE KEYS */;
INSERT INTO `account_feedback` VALUES (18,'2025-06-27 08:54:51.266106',7,14,39,0),(19,'2025-06-27 09:09:23.551971',7,14,39,0),(20,'2025-06-27 10:16:08.271304',7,18,38,1),(21,'2025-06-27 10:16:33.463042',7,17,38,0),(22,'2025-06-27 10:16:49.226396',7,17,39,1),(23,'2025-06-27 10:17:01.315296',7,20,38,0),(24,'2025-06-27 10:17:11.859382',7,20,39,1),(25,'2025-06-27 10:36:28.530123',1,11,36,1),(26,'2025-06-27 10:36:56.533018',1,16,36,0),(27,'2025-06-27 10:37:12.166553',1,18,36,0),(28,'2025-06-27 10:37:27.128142',1,18,36,0),(29,'2025-06-27 10:37:45.856550',1,12,37,0),(30,'2025-06-27 10:37:54.792821',1,18,37,1),(31,'2025-06-27 10:38:04.007478',1,16,37,0),(32,'2025-06-27 10:39:36.317853',1,11,37,1),(33,'2025-06-27 11:27:24.420137',7,16,38,0),(34,'2025-06-27 11:27:39.719964',7,18,38,1),(35,'2025-06-27 12:41:40.622191',7,41,39,0),(36,'2025-06-28 05:00:32.878007',1,11,39,1),(37,'2025-06-28 05:05:08.747163',1,15,39,1),(38,'2025-06-28 05:45:27.293125',1,16,39,1),(39,'2025-06-28 05:48:08.160178',1,45,39,1),(40,'2025-06-28 05:48:51.504278',1,29,39,1),(41,'2025-06-28 05:51:59.332432',1,29,39,0),(42,'2025-06-28 05:52:43.143004',1,12,39,1),(43,'2025-06-28 05:55:33.832525',1,14,39,1),(44,'2025-06-28 06:02:52.706266',1,14,36,1),(45,'2025-06-28 06:03:53.075412',1,11,36,1),(46,'2025-06-28 06:04:34.897276',1,12,36,1),(47,'2025-06-28 06:05:59.497045',1,29,36,1),(48,'2025-06-28 06:06:39.725135',1,45,36,1);
/*!40000 ALTER TABLE `account_feedback` ENABLE KEYS */;
UNLOCK TABLES;

--
-- Table structure for table `account_feedbackoptions`
--

DROP TABLE IF EXISTS `account_feedbackoptions`;
/*!40101 SET @saved_cs_client     = @@character_set_client */;
/*!50503 SET character_set_client = utf8mb4 */;
CREATE TABLE `account_feedbackoptions` (
  `id` bigint NOT NULL AUTO_INCREMENT,
  `options` varchar(225) NOT NULL,
  `value` int NOT NULL,
  PRIMARY KEY (`id`)
) ENGINE=InnoDB AUTO_INCREMENT=8 DEFAULT CHARSET=utf8mb4 COLLATE=utf8mb4_0900_ai_ci;
/*!40101 SET character_set_client = @saved_cs_client */;

--
-- Dumping data for table `account_feedbackoptions`
--

LOCK TABLES `account_feedbackoptions` WRITE;
/*!40000 ALTER TABLE `account_feedbackoptions` DISABLE KEYS */;
INSERT INTO `account_feedbackoptions` VALUES (1,'Strongly Disagree',1),(2,'Disagree',2),(3,'Okay',3),(4,'Agree',4),(5,'Strongly Agree',5);
/*!40000 ALTER TABLE `account_feedbackoptions` ENABLE KEYS */;
UNLOCK TABLES;

--
-- Table structure for table `account_feedbackquestion`
--

DROP TABLE IF EXISTS `account_feedbackquestion`;
/*!40101 SET @saved_cs_client     = @@character_set_client */;
/*!50503 SET character_set_client = utf8mb4 */;
CREATE TABLE `account_feedbackquestion` (
  `id` bigint NOT NULL AUTO_INCREMENT,
  `feedback_type_id` bigint NOT NULL,
  `question_id` bigint NOT NULL,
  PRIMARY KEY (`id`),
  KEY `account_feedbackques_feedback_type_id_4367fc0f_fk_account_f` (`feedback_type_id`),
  KEY `account_feedbackques_question_id_adabccd8_fk_account_q` (`question_id`),
  CONSTRAINT `account_feedbackques_feedback_type_id_4367fc0f_fk_account_f` FOREIGN KEY (`feedback_type_id`) REFERENCES `account_feedbacktype` (`id`),
  CONSTRAINT `account_feedbackques_question_id_adabccd8_fk_account_q` FOREIGN KEY (`question_id`) REFERENCES `account_question` (`id`)
) ENGINE=InnoDB AUTO_INCREMENT=119 DEFAULT CHARSET=utf8mb4 COLLATE=utf8mb4_0900_ai_ci;
/*!40101 SET character_set_client = @saved_cs_client */;

--
-- Dumping data for table `account_feedbackquestion`
--

LOCK TABLES `account_feedbackquestion` WRITE;
/*!40000 ALTER TABLE `account_feedbackquestion` DISABLE KEYS */;
INSERT INTO `account_feedbackquestion` VALUES (98,36,76),(99,36,77),(100,36,78),(101,36,79),(102,36,80),(103,37,81),(104,37,82),(105,37,83),(106,37,84),(107,37,85),(108,38,86),(109,38,87),(110,38,88),(111,38,89),(112,38,90),(113,39,91),(114,39,92),(115,39,93),(116,39,94),(117,39,95);
/*!40000 ALTER TABLE `account_feedbackquestion` ENABLE KEYS */;
UNLOCK TABLES;

--
-- Table structure for table `account_feedbackresponse`
--

DROP TABLE IF EXISTS `account_feedbackresponse`;
/*!40101 SET @saved_cs_client     = @@character_set_client */;
/*!50503 SET character_set_client = utf8mb4 */;
CREATE TABLE `account_feedbackresponse` (
  `id` bigint NOT NULL AUTO_INCREMENT,
  `submitted_on` datetime(6) NOT NULL,
  `feedback_id` bigint NOT NULL,
  `question_id` bigint NOT NULL,
  `options_id` bigint NOT NULL,
  PRIMARY KEY (`id`),
  KEY `account_feedbackresp_feedback_id_9a566ea2_fk_account_f` (`feedback_id`),
  KEY `account_feedbackresp_question_id_79de2ba4_fk_account_q` (`question_id`),
  KEY `account_feedbackresp_options_id_ebb96c8b_fk_account_f` (`options_id`),
  CONSTRAINT `account_feedbackresp_feedback_id_9a566ea2_fk_account_f` FOREIGN KEY (`feedback_id`) REFERENCES `account_feedback` (`id`),
  CONSTRAINT `account_feedbackresp_options_id_ebb96c8b_fk_account_f` FOREIGN KEY (`options_id`) REFERENCES `account_feedbackoptions` (`id`),
  CONSTRAINT `account_feedbackresp_question_id_79de2ba4_fk_account_q` FOREIGN KEY (`question_id`) REFERENCES `account_question` (`id`)
) ENGINE=InnoDB AUTO_INCREMENT=166 DEFAULT CHARSET=utf8mb4 COLLATE=utf8mb4_0900_ai_ci;
/*!40101 SET character_set_client = @saved_cs_client */;

--
-- Dumping data for table `account_feedbackresponse`
--

LOCK TABLES `account_feedbackresponse` WRITE;
/*!40000 ALTER TABLE `account_feedbackresponse` DISABLE KEYS */;
INSERT INTO `account_feedbackresponse` VALUES (72,'2025-06-27 14:29:25.765152',32,81,4),(73,'2025-06-27 14:29:25.782061',32,82,2),(74,'2025-06-27 14:29:25.796052',32,83,4),(75,'2025-06-27 14:29:25.807426',32,84,4),(76,'2025-06-27 14:29:25.817422',32,85,3),(77,'2025-06-27 14:38:04.588286',25,76,2),(78,'2025-06-27 14:38:04.600415',25,77,3),(79,'2025-06-27 14:38:04.617411',25,78,2),(80,'2025-06-27 14:38:04.629409',25,79,3),(81,'2025-06-27 14:38:04.638409',25,80,2),(82,'2025-06-27 14:38:37.683934',20,86,3),(83,'2025-06-27 14:38:37.703787',20,87,2),(84,'2025-06-27 14:38:37.719800',20,88,3),(85,'2025-06-27 14:38:37.737587',20,89,2),(86,'2025-06-27 14:38:37.747796',20,90,2),(87,'2025-06-27 14:38:48.300446',34,87,2),(88,'2025-06-27 14:38:48.316342',34,88,3),(89,'2025-06-27 14:38:48.327339',34,89,3),(90,'2025-06-27 14:38:48.340105',34,90,3),(91,'2025-06-27 14:39:03.830541',30,81,3),(92,'2025-06-27 14:39:03.850540',30,82,2),(93,'2025-06-27 14:39:03.861539',30,83,3),(94,'2025-06-27 14:39:03.873539',30,84,2),(95,'2025-06-27 14:39:03.886542',30,85,3),(96,'2025-06-27 14:39:47.768979',22,91,3),(97,'2025-06-27 14:39:47.787980',22,92,3),(98,'2025-06-27 14:39:47.799974',22,93,2),(99,'2025-06-27 14:39:47.811975',22,94,4),(100,'2025-06-27 14:39:47.825972',22,95,4),(101,'2025-06-27 14:40:06.212060',24,91,3),(102,'2025-06-27 14:40:06.225088',24,92,1),(103,'2025-06-27 14:40:06.235090',24,93,4),(104,'2025-06-27 14:40:06.249858',24,94,4),(105,'2025-06-27 14:40:06.268394',24,95,1),(106,'2025-06-28 05:02:33.329813',36,91,3),(107,'2025-06-28 05:02:33.343858',36,92,5),(108,'2025-06-28 05:02:33.356799',36,93,2),(109,'2025-06-28 05:02:33.371786',36,94,5),(110,'2025-06-28 05:02:33.384788',36,95,5),(111,'2025-06-28 05:05:43.015605',37,91,2),(112,'2025-06-28 05:05:43.030881',37,92,4),(113,'2025-06-28 05:05:43.041882',37,93,2),(114,'2025-06-28 05:05:43.053389',37,94,4),(115,'2025-06-28 05:05:43.068469',37,95,2),(116,'2025-06-28 05:46:17.276277',38,91,2),(117,'2025-06-28 05:46:17.289687',38,92,4),(118,'2025-06-28 05:46:17.305714',38,93,3),(119,'2025-06-28 05:46:17.323622',38,94,4),(120,'2025-06-28 05:46:17.332049',38,95,2),(121,'2025-06-28 05:48:28.956659',39,91,2),(122,'2025-06-28 05:48:28.969741',39,92,4),(123,'2025-06-28 05:48:28.978741',39,93,1),(124,'2025-06-28 05:48:28.990527',39,94,4),(125,'2025-06-28 05:48:29.001525',39,95,2),(126,'2025-06-28 05:49:15.444181',40,91,2),(127,'2025-06-28 05:49:15.466031',40,92,4),(128,'2025-06-28 05:49:15.484211',40,93,1),(129,'2025-06-28 05:49:15.498971',40,94,2),(130,'2025-06-28 05:49:15.513537',40,95,3),(131,'2025-06-28 05:53:10.832579',42,91,2),(132,'2025-06-28 05:53:10.849223',42,92,3),(133,'2025-06-28 05:53:10.861221',42,93,2),(134,'2025-06-28 05:53:10.872490',42,94,2),(135,'2025-06-28 05:53:10.881490',42,95,3),(136,'2025-06-28 06:00:28.631412',43,91,3),(137,'2025-06-28 06:00:28.643416',43,92,5),(138,'2025-06-28 06:00:28.655416',43,93,2),(139,'2025-06-28 06:00:28.667411',43,94,1),(140,'2025-06-28 06:00:28.696412',43,95,5),(141,'2025-06-28 06:03:27.673208',44,76,1),(142,'2025-06-28 06:03:27.686665',44,77,3),(143,'2025-06-28 06:03:27.696667',44,78,1),(144,'2025-06-28 06:03:27.712116',44,79,4),(145,'2025-06-28 06:03:27.727296',44,80,3),(146,'2025-06-28 06:04:18.899654',45,76,1),(147,'2025-06-28 06:04:18.912676',45,77,3),(148,'2025-06-28 06:04:18.926683',45,78,1),(149,'2025-06-28 06:04:18.936676',45,79,5),(150,'2025-06-28 06:04:18.950675',45,80,2),(151,'2025-06-28 06:04:59.234652',46,76,2),(152,'2025-06-28 06:04:59.253649',46,77,5),(153,'2025-06-28 06:04:59.269649',46,78,2),(154,'2025-06-28 06:04:59.286654',46,79,3),(155,'2025-06-28 06:04:59.310653',46,80,4),(156,'2025-06-28 06:06:24.459115',47,76,2),(157,'2025-06-28 06:06:24.469448',47,77,4),(158,'2025-06-28 06:06:24.482660',47,78,3),(159,'2025-06-28 06:06:24.492698',47,79,3),(160,'2025-06-28 06:06:24.504302',47,80,3),(161,'2025-06-28 06:07:09.198213',48,76,2),(162,'2025-06-28 06:07:09.210020',48,77,4),(163,'2025-06-28 06:07:09.221389',48,78,2),(164,'2025-06-28 06:07:09.230077',48,79,5),(165,'2025-06-28 06:07:09.240890',48,80,2);
/*!40000 ALTER TABLE `account_feedbackresponse` ENABLE KEYS */;
UNLOCK TABLES;

--
-- Table structure for table `account_feedbacktype`
--

DROP TABLE IF EXISTS `account_feedbacktype`;
/*!40101 SET @saved_cs_client     = @@character_set_client */;
/*!50503 SET character_set_client = utf8mb4 */;
CREATE TABLE `account_feedbacktype` (
  `id` bigint NOT NULL AUTO_INCREMENT,
  `type` varchar(100) NOT NULL,
  PRIMARY KEY (`id`)
) ENGINE=InnoDB AUTO_INCREMENT=40 DEFAULT CHARSET=utf8mb4 COLLATE=utf8mb4_0900_ai_ci;
/*!40101 SET character_set_client = @saved_cs_client */;

--
-- Dumping data for table `account_feedbacktype`
--

LOCK TABLES `account_feedbacktype` WRITE;
/*!40000 ALTER TABLE `account_feedbacktype` DISABLE KEYS */;
INSERT INTO `account_feedbacktype` VALUES (36,'Post Publish'),(37,'Post Publishing Later'),(38,'After Rejection'),(39,'After Acceptance');
/*!40000 ALTER TABLE `account_feedbacktype` ENABLE KEYS */;
UNLOCK TABLES;

--
-- Table structure for table `account_latexdocument`
--

DROP TABLE IF EXISTS `account_latexdocument`;
/*!40101 SET @saved_cs_client     = @@character_set_client */;
/*!50503 SET character_set_client = utf8mb4 */;
CREATE TABLE `account_latexdocument` (
  `id` bigint NOT NULL AUTO_INCREMENT,
  `title` varchar(100) NOT NULL,
  `tex_file` varchar(100) NOT NULL,
  `is_active` tinyint(1) NOT NULL,
  PRIMARY KEY (`id`)
) ENGINE=InnoDB AUTO_INCREMENT=5 DEFAULT CHARSET=utf8mb4 COLLATE=utf8mb4_0900_ai_ci;
/*!40101 SET character_set_client = @saved_cs_client */;

--
-- Dumping data for table `account_latexdocument`
--

LOCK TABLES `account_latexdocument` WRITE;
/*!40000 ALTER TABLE `account_latexdocument` DISABLE KEYS */;
INSERT INTO `account_latexdocument` VALUES (1,'IEEE','latex_docs/IEEE_template_eDAbl9D.tex',1),(2,'Journal','latex_docs/journal_temp.tex',0),(3,'Research','latex_docs/research_paper_temp.tex',0),(4,'Springer LNCS Template','latex_docs/Springer_LNCS_Template_IugLULS.tex',0);
/*!40000 ALTER TABLE `account_latexdocument` ENABLE KEYS */;
UNLOCK TABLES;

--
-- Table structure for table `account_modes`
--

DROP TABLE IF EXISTS `account_modes`;
/*!40101 SET @saved_cs_client     = @@character_set_client */;
/*!50503 SET character_set_client = utf8mb4 */;
CREATE TABLE `account_modes` (
  `id` bigint NOT NULL AUTO_INCREMENT,
  `name` varchar(100) NOT NULL,
  `is_active` tinyint(1) NOT NULL,
  PRIMARY KEY (`id`),
  UNIQUE KEY `name` (`name`)
) ENGINE=InnoDB AUTO_INCREMENT=6 DEFAULT CHARSET=utf8mb4 COLLATE=utf8mb4_0900_ai_ci;
/*!40101 SET character_set_client = @saved_cs_client */;

--
-- Dumping data for table `account_modes`
--

LOCK TABLES `account_modes` WRITE;
/*!40000 ALTER TABLE `account_modes` DISABLE KEYS */;
INSERT INTO `account_modes` VALUES (2,'Whatsapp',0),(3,'SMS',0),(4,'Email',1),(5,'Skip AE',0);
/*!40000 ALTER TABLE `account_modes` ENABLE KEYS */;
UNLOCK TABLES;

--
-- Table structure for table `account_question`
--

DROP TABLE IF EXISTS `account_question`;
/*!40101 SET @saved_cs_client     = @@character_set_client */;
/*!50503 SET character_set_client = utf8mb4 */;
CREATE TABLE `account_question` (
  `id` bigint NOT NULL AUTO_INCREMENT,
  `question` longtext NOT NULL,
  PRIMARY KEY (`id`)
) ENGINE=InnoDB AUTO_INCREMENT=97 DEFAULT CHARSET=utf8mb4 COLLATE=utf8mb4_0900_ai_ci;
/*!40101 SET character_set_client = @saved_cs_client */;

--
-- Dumping data for table `account_question`
--

LOCK TABLES `account_question` WRITE;
/*!40000 ALTER TABLE `account_question` DISABLE KEYS */;
INSERT INTO `account_question` VALUES (76,'The post publishing process was easy to complete.'),(77,'I understood the publishing options clearly.'),(78,'The confirmation message was helpful.'),(79,'Publishing the post took an appropriate amount of time.'),(80,'I am satisfied with the post-publish notifications.'),(81,'Scheduling the post for later was straightforward.'),(82,'I found it easy to change the scheduled time.'),(83,'The interface for later publishing is intuitive.'),(84,'I am confident my post will be published at the scheduled time.'),(85,'The option to publish later meets my needs.'),(86,'The rejection reason was clearly communicated.'),(87,'I understood what changes are needed after rejection.'),(88,'I found the feedback provided helpful for improving my post.'),(89,'The time to respond to rejection was reasonable.'),(90,'I feel supported after my post was rejected.'),(91,'I received clear confirmation after acceptance.'),(92,'The acceptance notification was timely.'),(93,'I feel confident my post meets the platform standards.'),(94,'I understand the next steps after acceptance.'),(95,'I am satisfied with the acceptance process.'),(96,'Test');
/*!40000 ALTER TABLE `account_question` ENABLE KEYS */;
UNLOCK TABLES;

--
-- Table structure for table `account_title`
--

DROP TABLE IF EXISTS `account_title`;
/*!40101 SET @saved_cs_client     = @@character_set_client */;
/*!50503 SET character_set_client = utf8mb4 */;
CREATE TABLE `account_title` (
  `id` bigint NOT NULL AUTO_INCREMENT,
  `title` varchar(25) NOT NULL,
  PRIMARY KEY (`id`)
) ENGINE=InnoDB AUTO_INCREMENT=3 DEFAULT CHARSET=utf8mb4 COLLATE=utf8mb4_0900_ai_ci;
/*!40101 SET character_set_client = @saved_cs_client */;

--
-- Dumping data for table `account_title`
--

LOCK TABLES `account_title` WRITE;
/*!40000 ALTER TABLE `account_title` DISABLE KEYS */;
INSERT INTO `account_title` VALUES (1,'Mr'),(2,'Mrs');
/*!40000 ALTER TABLE `account_title` ENABLE KEYS */;
UNLOCK TABLES;

--
-- Table structure for table `auth_group`
--

DROP TABLE IF EXISTS `auth_group`;
/*!40101 SET @saved_cs_client     = @@character_set_client */;
/*!50503 SET character_set_client = utf8mb4 */;
CREATE TABLE `auth_group` (
  `id` int NOT NULL AUTO_INCREMENT,
  `name` varchar(150) NOT NULL,
  PRIMARY KEY (`id`),
  UNIQUE KEY `name` (`name`)
) ENGINE=InnoDB AUTO_INCREMENT=6 DEFAULT CHARSET=utf8mb4 COLLATE=utf8mb4_0900_ai_ci;
/*!40101 SET character_set_client = @saved_cs_client */;

--
-- Dumping data for table `auth_group`
--

LOCK TABLES `auth_group` WRITE;
/*!40000 ALTER TABLE `auth_group` DISABLE KEYS */;
INSERT INTO `auth_group` VALUES (1,'Admin Office'),(2,'AE'),(5,'Author'),(3,'EIC'),(4,'Reviewer');
/*!40000 ALTER TABLE `auth_group` ENABLE KEYS */;
UNLOCK TABLES;

--
-- Table structure for table `auth_group_permissions`
--

DROP TABLE IF EXISTS `auth_group_permissions`;
/*!40101 SET @saved_cs_client     = @@character_set_client */;
/*!50503 SET character_set_client = utf8mb4 */;
CREATE TABLE `auth_group_permissions` (
  `id` bigint NOT NULL AUTO_INCREMENT,
  `group_id` int NOT NULL,
  `permission_id` int NOT NULL,
  PRIMARY KEY (`id`),
  UNIQUE KEY `auth_group_permissions_group_id_permission_id_0cd325b0_uniq` (`group_id`,`permission_id`),
  KEY `auth_group_permissio_permission_id_84c5c92e_fk_auth_perm` (`permission_id`),
  CONSTRAINT `auth_group_permissio_permission_id_84c5c92e_fk_auth_perm` FOREIGN KEY (`permission_id`) REFERENCES `auth_permission` (`id`),
  CONSTRAINT `auth_group_permissions_group_id_b120cbf9_fk_auth_group_id` FOREIGN KEY (`group_id`) REFERENCES `auth_group` (`id`)
) ENGINE=InnoDB DEFAULT CHARSET=utf8mb4 COLLATE=utf8mb4_0900_ai_ci;
/*!40101 SET character_set_client = @saved_cs_client */;

--
-- Dumping data for table `auth_group_permissions`
--

LOCK TABLES `auth_group_permissions` WRITE;
/*!40000 ALTER TABLE `auth_group_permissions` DISABLE KEYS */;
/*!40000 ALTER TABLE `auth_group_permissions` ENABLE KEYS */;
UNLOCK TABLES;

--
-- Table structure for table `auth_permission`
--

DROP TABLE IF EXISTS `auth_permission`;
/*!40101 SET @saved_cs_client     = @@character_set_client */;
/*!50503 SET character_set_client = utf8mb4 */;
CREATE TABLE `auth_permission` (
  `id` int NOT NULL AUTO_INCREMENT,
  `name` varchar(255) NOT NULL,
  `content_type_id` int NOT NULL,
  `codename` varchar(100) NOT NULL,
  PRIMARY KEY (`id`),
  UNIQUE KEY `auth_permission_content_type_id_codename_01ab375a_uniq` (`content_type_id`,`codename`),
  CONSTRAINT `auth_permission_content_type_id_2f476e4b_fk_django_co` FOREIGN KEY (`content_type_id`) REFERENCES `django_content_type` (`id`)
) ENGINE=InnoDB AUTO_INCREMENT=181 DEFAULT CHARSET=utf8mb4 COLLATE=utf8mb4_0900_ai_ci;
/*!40101 SET character_set_client = @saved_cs_client */;

--
-- Dumping data for table `auth_permission`
--

LOCK TABLES `auth_permission` WRITE;
/*!40000 ALTER TABLE `auth_permission` DISABLE KEYS */;
INSERT INTO `auth_permission` VALUES (1,'Can add log entry',1,'add_logentry'),(2,'Can change log entry',1,'change_logentry'),(3,'Can delete log entry',1,'delete_logentry'),(4,'Can view log entry',1,'view_logentry'),(5,'Can add permission',2,'add_permission'),(6,'Can change permission',2,'change_permission'),(7,'Can delete permission',2,'delete_permission'),(8,'Can view permission',2,'view_permission'),(9,'Can add group',3,'add_group'),(10,'Can change group',3,'change_group'),(11,'Can delete group',3,'delete_group'),(12,'Can view group',3,'view_group'),(13,'Can add user',4,'add_user'),(14,'Can change user',4,'change_user'),(15,'Can delete user',4,'delete_user'),(16,'Can view user',4,'view_user'),(17,'Can add content type',5,'add_contenttype'),(18,'Can change content type',5,'change_contenttype'),(19,'Can delete content type',5,'delete_contenttype'),(20,'Can view content type',5,'view_contenttype'),(21,'Can add session',6,'add_session'),(22,'Can change session',6,'change_session'),(23,'Can delete session',6,'delete_session'),(24,'Can view session',6,'view_session'),(25,'Can add country',7,'add_country'),(26,'Can change country',7,'change_country'),(27,'Can delete country',7,'delete_country'),(28,'Can view country',7,'view_country'),(29,'Can add title',8,'add_title'),(30,'Can change title',8,'change_title'),(31,'Can delete title',8,'delete_title'),(32,'Can view title',8,'view_title'),(33,'Can add editor',9,'add_editor'),(34,'Can change editor',9,'change_editor'),(35,'Can delete editor',9,'delete_editor'),(36,'Can view editor',9,'view_editor'),(37,'Can add author',10,'add_author'),(38,'Can change author',10,'change_author'),(39,'Can delete author',10,'delete_author'),(40,'Can view author',10,'view_author'),(41,'Can add article_ status',11,'add_article_status'),(42,'Can change article_ status',11,'change_article_status'),(43,'Can delete article_ status',11,'delete_article_status'),(44,'Can view article_ status',11,'view_article_status'),(45,'Can add article_ type',12,'add_article_type'),(46,'Can change article_ type',12,'change_article_type'),(47,'Can delete article_ type',12,'delete_article_type'),(48,'Can view article_ type',12,'view_article_type'),(49,'Can add category',13,'add_category'),(50,'Can change category',13,'change_category'),(51,'Can delete category',13,'delete_category'),(52,'Can view category',13,'view_category'),(53,'Can add decision',14,'add_decision'),(54,'Can change decision',14,'change_decision'),(55,'Can delete decision',14,'delete_decision'),(56,'Can view decision',14,'view_decision'),(57,'Can add file_ category',15,'add_file_category'),(58,'Can change file_ category',15,'change_file_category'),(59,'Can delete file_ category',15,'delete_file_category'),(60,'Can view file_ category',15,'view_file_category'),(61,'Can add journal',16,'add_journal'),(62,'Can change journal',16,'change_journal'),(63,'Can delete journal',16,'delete_journal'),(64,'Can view journal',16,'view_journal'),(65,'Can add request_ status',17,'add_request_status'),(66,'Can change request_ status',17,'change_request_status'),(67,'Can delete request_ status',17,'delete_request_status'),(68,'Can view request_ status',17,'view_request_status'),(69,'Can add specialization',18,'add_specialization'),(70,'Can change specialization',18,'change_specialization'),(71,'Can delete specialization',18,'delete_specialization'),(72,'Can view specialization',18,'view_specialization'),(73,'Can add submission',19,'add_submission'),(74,'Can change submission',19,'change_submission'),(75,'Can delete submission',19,'delete_submission'),(76,'Can view submission',19,'view_submission'),(77,'Can add submission_ reviewer',20,'add_submission_reviewer'),(78,'Can change submission_ reviewer',20,'change_submission_reviewer'),(79,'Can delete submission_ reviewer',20,'delete_submission_reviewer'),(80,'Can view submission_ reviewer',20,'view_submission_reviewer'),(81,'Can add submission_ files',21,'add_submission_files'),(82,'Can change submission_ files',21,'change_submission_files'),(83,'Can delete submission_ files',21,'delete_submission_files'),(84,'Can view submission_ files',21,'view_submission_files'),(85,'Can add reviewer_ specialization',22,'add_reviewer_specialization'),(86,'Can change reviewer_ specialization',22,'change_reviewer_specialization'),(87,'Can delete reviewer_ specialization',22,'delete_reviewer_specialization'),(88,'Can view reviewer_ specialization',22,'view_reviewer_specialization'),(89,'Can add reviewer_ invitation',23,'add_reviewer_invitation'),(90,'Can change reviewer_ invitation',23,'change_reviewer_invitation'),(91,'Can delete reviewer_ invitation',23,'delete_reviewer_invitation'),(92,'Can view reviewer_ invitation',23,'view_reviewer_invitation'),(93,'Can add keyword',24,'add_keyword'),(94,'Can change keyword',24,'change_keyword'),(95,'Can delete keyword',24,'delete_keyword'),(96,'Can view keyword',24,'view_keyword'),(97,'Can add journal_ editor_ assignment',25,'add_journal_editor_assignment'),(98,'Can change journal_ editor_ assignment',25,'change_journal_editor_assignment'),(99,'Can delete journal_ editor_ assignment',25,'delete_journal_editor_assignment'),(100,'Can view journal_ editor_ assignment',25,'view_journal_editor_assignment'),(101,'Can add funder',26,'add_funder'),(102,'Can change funder',26,'change_funder'),(103,'Can delete funder',26,'delete_funder'),(104,'Can view funder',26,'view_funder'),(105,'Can add correction_ comments',27,'add_correction_comments'),(106,'Can change correction_ comments',27,'change_correction_comments'),(107,'Can delete correction_ comments',27,'delete_correction_comments'),(108,'Can view correction_ comments',27,'view_correction_comments'),(109,'Can add communication',28,'add_communication'),(110,'Can change communication',28,'change_communication'),(111,'Can delete communication',28,'delete_communication'),(112,'Can view communication',28,'view_communication'),(113,'Can add co author',29,'add_coauthor'),(114,'Can change co author',29,'change_coauthor'),(115,'Can delete co author',29,'delete_coauthor'),(116,'Can view co author',29,'view_coauthor'),(117,'Can add a e_ assignment',30,'add_ae_assignment'),(118,'Can change a e_ assignment',30,'change_ae_assignment'),(119,'Can delete a e_ assignment',30,'delete_ae_assignment'),(120,'Can view a e_ assignment',30,'view_ae_assignment'),(121,'Can add accepted_ submission',31,'add_accepted_submission'),(122,'Can change accepted_ submission',31,'change_accepted_submission'),(123,'Can delete accepted_ submission',31,'delete_accepted_submission'),(124,'Can view accepted_ submission',31,'view_accepted_submission'),(125,'Can add issue',32,'add_issue'),(126,'Can change issue',32,'change_issue'),(127,'Can delete issue',32,'delete_issue'),(128,'Can view issue',32,'view_issue'),(129,'Can add published_article',33,'add_published_article'),(130,'Can change published_article',33,'change_published_article'),(131,'Can delete published_article',33,'delete_published_article'),(132,'Can view published_article',33,'view_published_article'),(133,'Can add volume',34,'add_volume'),(134,'Can change volume',34,'change_volume'),(135,'Can delete volume',34,'delete_volume'),(136,'Can view volume',34,'view_volume'),(137,'Can add date',35,'add_date'),(138,'Can change date',35,'change_date'),(139,'Can delete date',35,'delete_date'),(140,'Can view date',35,'view_date'),(141,'Can add email',36,'add_email'),(142,'Can change email',36,'change_email'),(143,'Can delete email',36,'delete_email'),(144,'Can view email',36,'view_email'),(145,'Can add feedback',37,'add_feedback'),(146,'Can change feedback',37,'change_feedback'),(147,'Can delete feedback',37,'delete_feedback'),(148,'Can view feedback',37,'view_feedback'),(149,'Can add chat history',38,'add_chathistory'),(150,'Can change chat history',38,'change_chathistory'),(151,'Can delete chat history',38,'delete_chathistory'),(152,'Can view chat history',38,'view_chathistory'),(153,'Can add modes',39,'add_modes'),(154,'Can change modes',39,'change_modes'),(155,'Can delete modes',39,'delete_modes'),(156,'Can view modes',39,'view_modes'),(157,'Can add question',40,'add_question'),(158,'Can change question',40,'change_question'),(159,'Can delete question',40,'delete_question'),(160,'Can view question',40,'view_question'),(161,'Can add feedback question',41,'add_feedbackquestion'),(162,'Can change feedback question',41,'change_feedbackquestion'),(163,'Can delete feedback question',41,'delete_feedbackquestion'),(164,'Can view feedback question',41,'view_feedbackquestion'),(165,'Can add feedback response',42,'add_feedbackresponse'),(166,'Can change feedback response',42,'change_feedbackresponse'),(167,'Can delete feedback response',42,'delete_feedbackresponse'),(168,'Can view feedback response',42,'view_feedbackresponse'),(169,'Can add feedback type',43,'add_feedbacktype'),(170,'Can change feedback type',43,'change_feedbacktype'),(171,'Can delete feedback type',43,'delete_feedbacktype'),(172,'Can view feedback type',43,'view_feedbacktype'),(173,'Can add feedback options',44,'add_feedbackoptions'),(174,'Can change feedback options',44,'change_feedbackoptions'),(175,'Can delete feedback options',44,'delete_feedbackoptions'),(176,'Can view feedback options',44,'view_feedbackoptions'),(177,'Can add latex document',45,'add_latexdocument'),(178,'Can change latex document',45,'change_latexdocument'),(179,'Can delete latex document',45,'delete_latexdocument'),(180,'Can view latex document',45,'view_latexdocument');
/*!40000 ALTER TABLE `auth_permission` ENABLE KEYS */;
UNLOCK TABLES;

--
-- Table structure for table `auth_user`
--

DROP TABLE IF EXISTS `auth_user`;
/*!40101 SET @saved_cs_client     = @@character_set_client */;
/*!50503 SET character_set_client = utf8mb4 */;
CREATE TABLE `auth_user` (
  `id` int NOT NULL AUTO_INCREMENT,
  `password` varchar(128) NOT NULL,
  `last_login` datetime(6) DEFAULT NULL,
  `is_superuser` tinyint(1) NOT NULL,
  `username` varchar(150) NOT NULL,
  `first_name` varchar(150) NOT NULL,
  `last_name` varchar(150) NOT NULL,
  `email` varchar(254) NOT NULL,
  `is_staff` tinyint(1) NOT NULL,
  `is_active` tinyint(1) NOT NULL,
  `date_joined` datetime(6) NOT NULL,
  PRIMARY KEY (`id`),
  UNIQUE KEY `username` (`username`)
) ENGINE=InnoDB AUTO_INCREMENT=59 DEFAULT CHARSET=utf8mb4 COLLATE=utf8mb4_0900_ai_ci;
/*!40101 SET character_set_client = @saved_cs_client */;

--
-- Dumping data for table `auth_user`
--

LOCK TABLES `auth_user` WRITE;
/*!40000 ALTER TABLE `auth_user` DISABLE KEYS */;
INSERT INTO `auth_user` VALUES (1,'pbkdf2_sha256$870000$lDfGOcPQtLXqq5bYMBNJyU$1ffbYAwfXq7SylP4qnaOobg/jmdT/2zTVr/Vb50jY4k=','2025-07-12 10:13:58.054491',1,'admin','Admin','','admin@gmail.com',1,1,'2024-07-26 09:15:04.000000'),(2,'pbkdf2_sha256$870000$URj42ZkfMGjA1qLmzqjVZ9$i2dhy4cp3UfgX0OZRyEaFhYOPUN88BkkjfOMoW0uc3g=',NULL,0,'mitung@gmail.com','Mitun','G','mitung@gmail.com',0,1,'2024-07-26 09:16:46.000000'),(3,'pbkdf2_sha256$260000$HyAxsFZUeijOEcwP1NOI7W$BfJ1gJsv/LN4E/frNdgd/6Fv9tWeUKQ7FiA9sxc2MRM=',NULL,0,'madanumk@gmail.com','Madhan','K','madanumk@gmail.com',0,1,'2024-07-26 09:17:28.000000'),(4,'pbkdf2_sha256$260000$8l4EwvlpfhkXWt0yZB2SRN$lrVJmxGz9Aj7j+4qJK7Uq8lSb6nJA0Z/GTwmuet2Ul8=',NULL,0,'vikash@gmail.com','Vikash','R','vikash@gmail.com',0,1,'2024-07-26 09:17:49.000000'),(5,'pbkdf2_sha256$870000$LSYz0PMplHJgOBhR32UQJH$GMphoUVNMgz/7YhkbH7N3imOcfDTOOUK9SXHzllODZk=','2025-03-28 10:59:09.059396',0,'afsal@gmail.com','Afsal','E','afsal@gmail.com',0,1,'2024-07-26 09:19:18.000000'),(6,'pbkdf2_sha256$870000$M9HoV0aiGsjreRAbivYzjJ$ou5NKhx94dJjeyuoOZAJRqso9TXvxx1l4lLl9JK9+Ag=','2025-07-09 07:24:29.813612',0,'siva@gmail.com','Siva','S','siva@gmail.com',0,1,'2024-07-26 09:19:43.000000'),(7,'pbkdf2_sha256$870000$LjCTnuumfIg6iWrFSyRNGm$+RJqyUeXZ5Z3eIwaDTuO5dYpQRwl38MZkXG3XQxp02M=','2025-07-16 07:36:59.425095',0,'surya@gmail.com','Surya','Prakesh','surya@gmail.com',0,1,'2024-07-26 09:19:54.000000'),(8,'pbkdf2_sha256$870000$R9T7joWXEPMx4OUxHgvSiF$EUzBt0Z2sR12qBqP8Vfk7vxZqeXYZeFwrsbAQ0Wh/A0=','2025-07-09 09:14:03.337077',0,'mohamad@gmail.com','Mohamad','A','afsalsyed12@gmail.com',0,1,'2024-07-26 09:20:31.000000'),(9,'pbkdf2_sha256$870000$72gADMUOUvHECvOtemYcQY$d4HqLbpwLJfLkLAx64nxrU5B4YeewIjJg7uSSo/4PSI=','2025-07-10 07:20:47.678334',0,'guru@gmail.com','guru@gmail.com','S','20csa24@karpagamtech.ac.in',0,1,'2024-07-26 09:20:43.000000'),(10,'pbkdf2_sha256$870000$73xZ3gigUfy3Nd4vnTyBae$IhKiErbxDtYRRWFwgqqvDbkvBMBa+Z4oBIXkFinZltM=','2025-07-10 07:07:09.560367',0,'mukesh@gmail.com','Mukesh','A','21ita62@karpagamtech.ac.in',0,1,'2024-07-26 09:21:05.000000'),(11,'pbkdf2_sha256$260000$IleQAe8emMiwRa2gZkmjS0$q7V1wXLToUQEu17yRLJhz+ljCzN3tea+t1hfKQ5n2A0=','2024-08-05 09:48:19.000000',0,'lingash@gmail.com','Lingash','H','lingash@gmail.com',0,1,'2024-07-26 09:21:14.000000'),(12,'pbkdf2_sha256$260000$xorogPOSIZk2dhh7WMTOIh$rm3yoMXj/E24J9hEHK8yfcAKtVdHxuHNLT8OPCCE0VA=','2024-08-05 09:49:00.000000',0,'keerthi@gmail.com','Keerthi','Shatti','keerthi@gmail.com',0,1,'2024-07-26 09:21:24.000000'),(13,'pbkdf2_sha256$260000$IUXuFlNXpaZjsCdTLAWvye$fN2h9M4pkc7kxNNl7JeTdJJPiAsA8e8pRfqHVS8AT0A=','2024-08-01 13:39:25.000000',0,'ajmal@gmail.com','Ajmal','A','ajmal@gmail.com',0,1,'2024-07-26 09:21:48.000000'),(14,'pbkdf2_sha256$870000$gqLyhk5qDY9XPPZE5O9Ipt$I/VptACsoKGJ6OLjQ6Z6sDwymJ37CeWeuyFovKzmZ7U=','2025-07-10 08:36:45.167251',0,'author_a@gmail.com','Arun','K','author_a@gmail.com',0,1,'2024-07-26 09:22:12.000000'),(15,'pbkdf2_sha256$870000$Q8fWYSKlGitfOYTsbrGufB$Hpr58FgRzwn4r98/O+8de9RAVY6NWADVOL1e9Su9cv0=',NULL,0,'kumar@gmail.com','Kumar','C','kumar@gmail.com',0,1,'2024-07-26 09:22:23.000000'),(16,'pbkdf2_sha256$870000$iqvIOQYJBd5PXO2IJUTNXQ$gY8Du8G/MKSuAps5WCmQeQiKvov/bpqRB3RDawa/meE=','2025-05-06 06:54:21.000000',0,'author_c@gmail.com','Charlas','S','charlas@gmail.com',0,1,'2024-07-26 09:22:35.000000'),(17,'pbkdf2_sha256$260000$sXrpbHFvGYD00EXXckEfVz$P90nLlKz0C+/Zgl/NEeZ0/+Ss9FaCSsZGk38x/IfiDA=',NULL,0,'author_d@gmail.com','Dhamudaran','H','dhamudaran@gmail.com',0,1,'2024-07-26 09:22:52.000000'),(18,'pbkdf2_sha256$870000$xoBl8RJ7VWMTSZrCQfV2Rj$yw0rlsPWmKm4cke7R9m6Wa2/pZ/WyiU42/7EWKJKt7A=','2025-06-27 05:41:04.105777',0,'eshwar@gmail.com','Eshwar','S','eshwar@gmail.com',0,1,'2024-07-26 09:23:03.000000'),(20,'pbkdf2_sha256$260000$21fRaUH1wz4zLPBThz4Oxe$mDWvuMJdT7xO4Qi3oAOSJpTuVOTh4puMQwca03x/Quo=','2024-08-09 15:51:34.100638',0,'vikashvip780@gmail.com','Vikash','R','vikashvip780@gmail.com',0,1,'2024-08-01 13:28:24.918387'),(21,'pbkdf2_sha256$870000$tH1HOIj7YiCXzRUE44xhfL$c10Z6M8eO4o92jcbY6B8MvEpAs6ZuSgRvUG9tjgVI2U=','2025-07-10 07:21:19.403807',0,'selva@gmail.com','Selva','C','selva@gmail.com',0,1,'2024-08-09 12:19:19.000000'),(22,'pbkdf2_sha256$260000$kSYYUSsxeHITOcNcqxkc3C$kyXxlUkDjKXvovnbcbe9u221I5UAb+t1qcqpaUCBtAg=',NULL,0,'ajay@gmail.com','Ajay','N','ajay@gmail.com',0,1,'2024-08-09 12:19:54.320949'),(23,'pbkdf2_sha256$260000$xzWZ7WyD7HjIRDZLbBnQKa$sclfAIHhw9rq7riFcehyK42NeRxyEUWsTSqmSuPmBUs=','2024-08-13 07:07:49.000000',1,'mitun','Mitun','G','',1,1,'2024-08-13 07:00:32.000000'),(25,'pbkdf2_sha256$260000$TtKSNle8KfBESmkkLCRSqX$PHF5sf+AsHMguGohdiVbmf9XLj1qfBRhon4u6cPIvdk=','2024-08-14 07:00:42.963801',0,'20csa24@karpagamtech.ac.in','Mitun','G','20csa24@karpagamtech.ac.in',0,1,'2024-08-14 05:32:20.104560'),(27,'pbkdf2_sha256$260000$u6X9puBbZ6bsjs7Ps9f511$SQzpL5UilmklpI5xEQx4UGCNN+lWOvFegYk7ptq/GD4=',NULL,0,'adhul@gmail.com','Adhul','F','adhul@gmail.com',0,1,'2024-08-14 07:30:10.095553'),(29,'pbkdf2_sha256$260000$oiSYN14Io3s0Bpx4DOjoOp$Ne5zSBjZH97hBAPL45pHMFhPHNy5gVHT77ugg5Q2nIs=',NULL,0,'luccas9655@gmail.com','Salem','K','luccas9655@gmail.com',0,1,'2024-08-16 06:33:43.648187'),(34,'pbkdf2_sha256$870000$aQODUgY0kVwagrNiz2C4d1$mRIC+ABR/jpgINqWgo9plg9wynWEpYqtT0ZvKQQhG1Q=','2024-10-25 08:24:12.000000',0,'midhung2015@gmail.com','Afsal','A','midhung2015@gmail.com',0,0,'2024-10-25 05:30:54.000000'),(38,'pbkdf2_sha256$870000$CQDWd03XKK5cJ9CBXW7BN0$EP4BwNyv0R2+5px1jI5qvklYooQxq67MkMqNT2QZqCo=','2025-06-24 06:00:30.891976',0,'midung2015@gmail.com','Mohamad','G','midung2015@gmail.com',0,1,'2024-10-25 05:35:31.000000'),(40,'pbkdf2_sha256$870000$qlYWHqHvFbDBRaMHLRC5n9$x719zs6Xx8zcM+3QlkotFPFDuFDmTAT20em0H8sfzGo=','2024-10-25 08:15:09.720554',0,'myname@gmail.com','Mitun','M','myname@gmail.com',0,1,'2024-10-25 08:13:47.851659'),(41,'pbkdf2_sha256$870000$pmxpvU6Bw21Ii04jgGBPfC$RAmrZFhrb9+zxubb8M/lY/gGS0IoHhU6esoke6ZSR/8=',NULL,0,'pnr.cse@karpagamtech.ac.in','Ramesh','P.N','pnr.cse@karpagamtech.ac.in',0,0,'2024-10-25 08:16:07.000000'),(43,'pbkdf2_sha256$720000$yDvb58HkUhzCzTBOZ2MUMj$a2VonXd6u9CUg4qlhOgQ2SWi1TzsioOVOh3+bDllX+c=','2025-03-05 11:54:16.922319',0,'mitung62@gmail.com','Mitun','G','mitung62@gmail.com',0,1,'2025-03-05 10:59:57.000000'),(45,'pbkdf2_sha256$870000$4pDE1zflCVUGfWbKFM6MEA$Ij8gYJWl6JblKXYOUML+/EsFSUqYMtITK1ODM74vqqg=',NULL,0,'velu@gmail.com','Velu','G','velu@gmail.com',0,1,'2025-05-05 10:30:40.000000'),(49,'pbkdf2_sha256$870000$Mm1M0lRSCd3aAbdZDpukwJ$kzjhxG+lztuKADkN33BS4UTtChq+Ii1C8jlmhyqsf2w=',NULL,0,'21ecb28@gmail.com','Harish','F','21ecb28@gmail.com',0,1,'2025-06-02 12:02:15.000000'),(50,'pbkdf2_sha256$870000$eJJRL75znrT5iQVwaDGp4P$03bvFhB1iWgdQYg8LGZ0B9i8QdJBGuKgkCOTA/5OINM=',NULL,0,'inbarepute@gmail.com','Inba','Thamilan','inbarepute@gmail.com',0,1,'2025-06-02 12:19:43.000000'),(52,'pbkdf2_sha256$870000$nD35IO5yqiqbIJIwbemjhn$wxA04IEzK7Emow5IMz0b+TbRUvSWwrG5e3i37dWoNzw=',NULL,0,'21ecb29@gmail.com','Raja','H','21ecb29@gmail.com',0,1,'2025-06-02 12:21:36.000000'),(57,'pbkdf2_sha256$870000$AowC9PQAHPH9xsKeMvcDUz$3y+GE38S17ukHGIMyBKMSl73jy4VBIH+RivYSTIMAZA=',NULL,0,'dfrxtghdfg@gmail.com','Mitun','G','dfrxtghdfg@gmail.com',0,1,'2025-06-02 12:49:22.257074'),(58,'pbkdf2_sha256$870000$TZJQvqbkQp6kygEaEAbOB1$faq3gT7tHCimDUMRihp0jKorRlfmX/OTGxQ8ptetQjE=','2025-06-24 11:36:41.752796',0,'22ita16@karpagamtech.ac.in','harrish','ragavan','22ita16@karpagamtech.ac.in',0,1,'2025-06-20 08:53:19.000000');
/*!40000 ALTER TABLE `auth_user` ENABLE KEYS */;
UNLOCK TABLES;

--
-- Table structure for table `auth_user_groups`
--

DROP TABLE IF EXISTS `auth_user_groups`;
/*!40101 SET @saved_cs_client     = @@character_set_client */;
/*!50503 SET character_set_client = utf8mb4 */;
CREATE TABLE `auth_user_groups` (
  `id` bigint NOT NULL AUTO_INCREMENT,
  `user_id` int NOT NULL,
  `group_id` int NOT NULL,
  PRIMARY KEY (`id`),
  UNIQUE KEY `auth_user_groups_user_id_group_id_94350c0c_uniq` (`user_id`,`group_id`),
  KEY `auth_user_groups_group_id_97559544_fk_auth_group_id` (`group_id`),
  CONSTRAINT `auth_user_groups_group_id_97559544_fk_auth_group_id` FOREIGN KEY (`group_id`) REFERENCES `auth_group` (`id`),
  CONSTRAINT `auth_user_groups_user_id_6a12ed8b_fk_auth_user_id` FOREIGN KEY (`user_id`) REFERENCES `auth_user` (`id`)
) ENGINE=InnoDB AUTO_INCREMENT=124 DEFAULT CHARSET=utf8mb4 COLLATE=utf8mb4_0900_ai_ci;
/*!40101 SET character_set_client = @saved_cs_client */;

--
-- Dumping data for table `auth_user_groups`
--

LOCK TABLES `auth_user_groups` WRITE;
/*!40000 ALTER TABLE `auth_user_groups` DISABLE KEYS */;
INSERT INTO `auth_user_groups` VALUES (122,2,2),(8,3,2),(10,4,2),(21,5,2),(7,6,2),(110,7,1),(5,8,2),(120,9,3),(86,10,4),(2,11,4),(19,11,5),(1,12,4),(20,12,5),(123,13,3),(18,14,5),(98,16,5),(113,18,4),(22,21,3),(23,22,3),(28,25,2),(29,27,2),(31,29,5),(105,34,3),(106,34,4),(107,38,3),(108,38,4),(91,40,4),(92,43,4),(100,45,4),(112,58,4);
/*!40000 ALTER TABLE `auth_user_groups` ENABLE KEYS */;
UNLOCK TABLES;

--
-- Table structure for table `auth_user_user_permissions`
--

DROP TABLE IF EXISTS `auth_user_user_permissions`;
/*!40101 SET @saved_cs_client     = @@character_set_client */;
/*!50503 SET character_set_client = utf8mb4 */;
CREATE TABLE `auth_user_user_permissions` (
  `id` bigint NOT NULL AUTO_INCREMENT,
  `user_id` int NOT NULL,
  `permission_id` int NOT NULL,
  PRIMARY KEY (`id`),
  UNIQUE KEY `auth_user_user_permissions_user_id_permission_id_14a6b632_uniq` (`user_id`,`permission_id`),
  KEY `auth_user_user_permi_permission_id_1fbb5f2c_fk_auth_perm` (`permission_id`),
  CONSTRAINT `auth_user_user_permi_permission_id_1fbb5f2c_fk_auth_perm` FOREIGN KEY (`permission_id`) REFERENCES `auth_permission` (`id`),
  CONSTRAINT `auth_user_user_permissions_user_id_a95ead1b_fk_auth_user_id` FOREIGN KEY (`user_id`) REFERENCES `auth_user` (`id`)
) ENGINE=InnoDB DEFAULT CHARSET=utf8mb4 COLLATE=utf8mb4_0900_ai_ci;
/*!40101 SET character_set_client = @saved_cs_client */;

--
-- Dumping data for table `auth_user_user_permissions`
--

LOCK TABLES `auth_user_user_permissions` WRITE;
/*!40000 ALTER TABLE `auth_user_user_permissions` DISABLE KEYS */;
/*!40000 ALTER TABLE `auth_user_user_permissions` ENABLE KEYS */;
UNLOCK TABLES;

--
-- Table structure for table `chatbot_chathistory`
--

DROP TABLE IF EXISTS `chatbot_chathistory`;
/*!40101 SET @saved_cs_client     = @@character_set_client */;
/*!50503 SET character_set_client = utf8mb4 */;
CREATE TABLE `chatbot_chathistory` (
  `id` bigint NOT NULL AUTO_INCREMENT,
  `question` longtext NOT NULL,
  `answer` longtext NOT NULL,
  `created_at` datetime(6) NOT NULL,
  `user_id` int NOT NULL,
  PRIMARY KEY (`id`),
  KEY `chatbot_chathistory_user_id_7d9eeb37_fk_auth_user_id` (`user_id`),
  CONSTRAINT `chatbot_chathistory_user_id_7d9eeb37_fk_auth_user_id` FOREIGN KEY (`user_id`) REFERENCES `auth_user` (`id`)
) ENGINE=InnoDB AUTO_INCREMENT=125 DEFAULT CHARSET=utf8mb4 COLLATE=utf8mb4_0900_ai_ci;
/*!40101 SET character_set_client = @saved_cs_client */;

--
-- Dumping data for table `chatbot_chathistory`
--

LOCK TABLES `chatbot_chathistory` WRITE;
/*!40000 ALTER TABLE `chatbot_chathistory` DISABLE KEYS */;
INSERT INTO `chatbot_chathistory` VALUES (1,'how to login','You can login by clicking the \'Login\' button in the top right corner and entering your credentials.','2025-05-20 10:42:59.381909',1),(2,'how to login','You can login by clicking the \'Login\' button in the top right corner and entering your credentials.','2025-05-20 10:48:42.321283',1),(3,'login','I\'m sorry, I can only answer questions about this project\'s functionality. Please ask about how to use this application.','2025-05-20 10:52:19.016684',1),(4,'manuscripts','I can only answer questions about this manuscript submission system. Please ask about specific workflows or roles.','2025-05-20 10:54:44.705717',1),(5,'editor in chief','EIC makes final decisions on manuscripts.','2025-05-20 10:54:59.549885',1),(6,'assosiate editor','I can answer about author, admin, associate editor, reviewer, or editor-in-chief workflows. Please specify a role and question.','2025-05-20 11:02:14.779674',1),(7,'associate editor','AE manages review process and makes recommendations.','2025-05-20 11:02:30.953627',1),(8,'complete folow','I can answer about author, admin, associate editor, reviewer, or editor-in-chief workflows. Please specify a role and question.','2025-05-20 11:02:44.527864',1),(9,'associate editor','AE manages review process and makes recommendations.','2025-05-20 11:03:09.262529',1),(10,'associate editor complete flow','\n        ASSOCIATE EDITOR COMPLETE WORKFLOW:\n        \n        1. Manuscripts to Review:\n           - \'Invite\' reviewers\n           - \'Reject\' manuscript\n           - View plagiarism report\n        \n        2. Manuscripts with Review Reports:\n           - View reviewer comments\n           - Contact reviewers\n           - \'Recommend\' manuscript\n        \n        3. Manuscripts Under Review:\n           - View assigned reviewers\' progress\n        \n        4. Manuscripts to EIC:\n           - After recommendation  Goes to Editor-in-Chief\n        ','2025-05-20 11:03:44.209635',1),(11,'author submission flow','Author can submit manuscripts and track their progress through the system.','2025-05-20 11:05:23.319997',1),(12,'submission_flow','I can answer about author, admin, associate editor, reviewer, or editor-in-chief workflows. Please specify a role and question.','2025-05-20 11:06:23.449402',1),(13,'submission flow','I can answer about author, admin, associate editor, reviewer, or editor-in-chief workflows. Please specify a role and question.','2025-05-20 11:06:28.672606',1),(14,'hallo','I can answer about author, admin, associate editor, reviewer, or editor-in-chief workflows. Please specify a role and question.','2025-05-20 12:08:42.223321',1),(15,'hallo','I can answer about author, admin, associate editor, reviewer, or editor-in-chief workflows. Please specify a role and question.','2025-05-20 12:10:25.172639',1),(16,'hallo','I can answer about author, admin, associate editor, reviewer, or editor-in-chief workflows. Please specify a role and question.','2025-05-20 12:12:32.464839',1),(17,'hallo','I can answer about author, admin, associate editor, reviewer, or editor-in-chief workflows. Please specify a role and question.','2025-05-20 12:13:08.755058',1),(18,'hallo','Hello! I am your assistant. Please specify a role and your question.','2025-05-20 12:14:19.247704',1),(19,'halo','I can answer about author, admin, associate editor, reviewer, or editor-in-chief workflows. Please specify a role and question.','2025-05-20 13:00:01.081995',1),(20,'hallo','Hello! I am your assistant. Please specify a role and your question.','2025-05-20 13:00:05.892144',1),(21,'author','{\'overview\': \'Author can submit manuscripts and track their progress through the system.\', \'complete_flow\': \"\\n        AUTHOR COMPLETE WORKFLOW:\\n        \\n        1. Submission Flow:\\n           - Login/register  \'Start New Submission\'  \'Begin New Submission\'\\n        \\n        2. Step 1: Title, Category & Abstract\\n           - Enter title and abstract\\n           - Select manuscript category\\n           - Click \'Save and Continue\'\\n        \\n        3. Step 2: File Upload\\n           - Read instructions\\n           - Choose file and add article type\\n           - For multiple files: \'Add File\'\\n           - Verify and click \'Upload Files\'\\n        \\n        4. Step 3: Keywords\\n           - Add multiple keywords\\n           - Click \'Save and Continue\'\\n        \\n        5. Step 4: Authors & Affiliation\\n           - Add co-authors (Name, Email, Affiliation)\\n           - Click \'Save and Continue\'\\n        \\n        6. Step 5: Details & Comments\\n           - Enter cover letter\\n           - Answer remaining questions\\n           - Click \'Save and Continue\'\\n        \\n        7. Step 6: Review & Submit\\n           - System shows missing fields\\n           - Verify details  \'View Proof\'\\n           - \'I have viewed the proof\'  \'Submit\'\\n           - Confirmation email sent\\n        \", \'submission_flow\': \"Login/register  \'Start New Submission\'  \'Begin New Submission\'\", \'step1\': \"Title/Category/Abstract: Enter details, select category, click \'Save and Continue\'\", \'step2\': \"File Upload: Read instructions, add files, verify, click \'Upload Files\'\", \'step3\': \"Keywords: Add multiple keywords, click \'Save and Continue\'\", \'step4\': \"Authors & Affiliation: Add co-authors\' details, click \'Save and Continue\'\", \'step5\': \"Details & Comments: Enter cover letter, answer questions, click \'Save and Continue\'\", \'step6\': \'Review & Submit: Verify details, view proof, confirm and submit\', \'contact_admin\': \"Use the \'Contact Admin\' button for queries\"}','2025-05-21 04:58:24.351183',1),(22,'author flow','Author can submit manuscripts and track their progress through the system.','2025-05-21 04:59:02.914066',1),(23,'author overview','Author can submit manuscripts and track their progress through the system.','2025-05-21 04:59:14.265054',1),(24,'author work flow','Author can submit manuscripts and track their progress through the system.','2025-05-21 04:59:22.299215',1),(25,'author complete flow','Author can submit manuscripts and track their progress through the system.','2025-05-21 04:59:33.452044',1),(26,'hallo','Hello! I am your assistant. Please specify a role and your question.','2025-05-21 04:59:45.020117',1),(27,'author work flow','\n   AUTHOR COMPLETE WORKFLOW:\n\n   1. Submission Flow:\n      - Login/register  \'Start New Submission\'  \'Begin New Submission\'\n\n   2. Step 1: Title, Category & Abstract\n      - Enter title and abstract\n      - Select manuscript category\n      - Click \'Save and Continue\'\n\n   3. Step 2: File Upload\n      - Read instructions\n      - Choose file and add article type\n      - For multiple files: \'Add File\'\n      - Verify and click \'Upload Files\'\n\n   4. Step 3: Keywords\n      - Add multiple keywords\n      - Click \'Save and Continue\'\n\n   5. Step 4: Authors & Affiliation\n      - Add co-authors (Name, Email, Affiliation)\n      - Click \'Save and Continue\'\n\n   6. Step 5: Details & Comments\n      - Enter cover letter\n      - Answer remaining questions\n      - Click \'Save and Continue\'\n\n   7. Step 6: Review & Submit\n      - System shows missing fields\n      - Verify details  \'View Proof\'\n      - \'I have viewed the proof\'  \'Submit\'\n      - Confirmation email sent\n   ','2025-05-21 05:02:41.306716',1),(28,'author work flow','\n   AUTHOR COMPLETE WORKFLOW:\n\n   1. Submission Flow:\n      - Login/register  \'Start New Submission\'  \'Begin New Submission\'\n\n   2. Step 1: Title, Category & Abstract\n      - Enter title and abstract\n      - Select manuscript category\n      - Click \'Save and Continue\'\n\n   3. Step 2: File Upload\n      - Read instructions\n      - Choose file and add article type\n      - For multiple files: \'Add File\'\n      - Verify and click \'Upload Files\'\n\n   4. Step 3: Keywords\n      - Add multiple keywords\n      - Click \'Save and Continue\'\n\n   5. Step 4: Authors & Affiliation\n      - Add co-authors (Name, Email, Affiliation)\n      - Click \'Save and Continue\'\n\n   6. Step 5: Details & Comments\n      - Enter cover letter\n      - Answer remaining questions\n      - Click \'Save and Continue\'\n\n   7. Step 6: Review & Submit\n      - System shows missing fields\n      - Verify details  \'View Proof\'\n      - \'I have viewed the proof\'  \'Submit\'\n      - Confirmation email sent\n   ','2025-05-21 05:06:16.505375',1),(29,'author work flow','\n   AUTHOR COMPLETE WORKFLOW:\n\n   1. Submission Flow:\n      - Login/register  \'Start New Submission\'  \'Begin New Submission\'\n\n   2. Step 1: Title, Category & Abstract\n      - Enter title and abstract\n      - Select manuscript category\n      - Click \'Save and Continue\'\n\n   3. Step 2: File Upload\n      - Read instructions\n      - Choose file and add article type\n      - For multiple files: \'Add File\'\n      - Verify and click \'Upload Files\'\n\n   4. Step 3: Keywords\n      - Add multiple keywords\n      - Click \'Save and Continue\'\n\n   5. Step 4: Authors & Affiliation\n      - Add co-authors (Name, Email, Affiliation)\n      - Click \'Save and Continue\'\n\n   6. Step 5: Details & Comments\n      - Enter cover letter\n      - Answer remaining questions\n      - Click \'Save and Continue\'\n\n   7. Step 6: Review & Submit\n      - System shows missing fields\n      - Verify details  \'View Proof\'\n      - \'I have viewed the proof\'  \'Submit\'\n      - Confirmation email sent\n   ','2025-05-21 05:09:11.113932',1),(30,'author work flow','\n   AUTHOR COMPLETE WORKFLOW:\n\n   1. Submission Flow:\n      - Login/register  \'Start New Submission\'  \'Begin New Submission\'\n\n   2. Step 1: Title, Category & Abstract\n      - Enter title and abstract\n      - Select manuscript category\n      - Click \'Save and Continue\'\n\n   3. Step 2: File Upload\n      - Read instructions\n      - Choose file and add article type\n      - For multiple files: \'Add File\'\n      - Verify and click \'Upload Files\'\n\n   4. Step 3: Keywords\n      - Add multiple keywords\n      - Click \'Save and Continue\'\n\n   5. Step 4: Authors & Affiliation\n      - Add co-authors (Name, Email, Affiliation)\n      - Click \'Save and Continue\'\n\n   6. Step 5: Details & Comments\n      - Enter cover letter\n      - Answer remaining questions\n      - Click \'Save and Continue\'\n\n   7. Step 6: Review & Submit\n      - System shows missing fields\n      - Verify details  \'View Proof\'\n      - \'I have viewed the proof\'  \'Submit\'\n      - Confirmation email sent\n   ','2025-05-21 05:09:42.883974',1),(31,'editor in  chief workflow','I can answer about author, admin, associate editor, reviewer, or editor-in-chief workflows. Please specify a role and question.','2025-05-21 05:16:25.855674',1),(32,'editor in chief work flow','EIC makes final decisions on manuscripts.','2025-05-21 05:16:35.578971',1),(33,'editor in chief workflow','\n   EDITOR-IN-CHIEF COMPLETE WORKFLOW:\n   \n   1. Manuscripts Waiting for Decision:\n      - \'View\' AE comments\n      - \'View PDF\' to examine manuscript\n      - \'Make Decision\' for final recommendation\n   ','2025-05-21 05:17:05.474271',1),(34,'hallo','Hello! I am your assistant. Please specify a role and your question.','2025-05-21 07:05:06.420897',1),(35,'hallo','Hello! I am your assistant. Please specify a role and your question.','2025-05-23 05:58:11.732548',1),(36,'author work flow','\n   AUTHOR COMPLETE WORKFLOW:\n\n   1. Submission Flow:\n      - Login/register  \'Start New Submission\'  \'Begin New Submission\'\n\n   2. Step 1: Title, Category & Abstract\n      - Enter title and abstract\n      - Select manuscript category\n      - Click \'Save and Continue\'\n\n   3. Step 2: File Upload\n      - Read instructions\n      - Choose file and add article type\n      - For multiple files: \'Add File\'\n      - Verify and click \'Upload Files\'\n\n   4. Step 3: Keywords\n      - Add multiple keywords\n      - Click \'Save and Continue\'\n\n   5. Step 4: Authors & Affiliation\n      - Add co-authors (Name, Email, Affiliation)\n      - Click \'Save and Continue\'\n\n   6. Step 5: Details & Comments\n      - Enter cover letter\n      - Answer remaining questions\n      - Click \'Save and Continue\'\n\n   7. Step 6: Review & Submit\n      - System shows missing fields\n      - Verify details  \'View Proof\'\n      - \'I have viewed the proof\'  \'Submit\'\n      - Confirmation email sent\n   ','2025-05-23 05:58:32.462424',1),(37,'flow','I can answer about author, admin, associate editor, reviewer, or editor-in-chief workflows. Please specify a role and question.','2025-05-23 05:58:49.272131',1),(38,'hai','I can answer about author, admin, associate editor, reviewer, or editor-in-chief workflows. Please specify a role and question.','2025-05-29 09:09:15.144753',1),(39,'hai','Hello! I am your assistant. Please specify a role and your question.','2025-05-29 09:10:16.267615',1),(40,'How do I submit my article','I am your assistant. Please specify your role (Author/Admin/Associate Editor/Reviewer/EIC) and question.','2025-05-29 10:56:04.850717',1),(41,'How do I submit my article','1) Login/Register > 2) Enter title/abstract > 3) Upload files > 4) Add keywords > 5) Author details > 6) Cover letter > 7) Review & submit.','2025-05-29 11:01:18.212113',1),(42,'How do I submit my article','1) Login/Register \n 2) Enter title/abstract \n 3) Upload files \n 4) Add keywords \n 5) Author details \n 6) Cover letter \n 7) Review & submit.','2025-05-29 11:04:26.412135',1),(43,'How do I submit my article','1) Login/Register \n 2) Enter title/abstract \n 3) Upload files \n 4) Add keywords \n 5) Author details \n 6) Cover letter \n 7) Review & submit.','2025-05-29 11:09:52.168218',7),(44,'How do I submit my article','1) Login/Register \n 2) Click \'Begin New Submission\' 3) Enter title/abstract \n 4) Upload files \n 5) Add keywords \n 6) Author details \n 7) Cover letter \n 8) Review & submit.','2025-05-29 11:11:10.321728',7),(45,'How do I submit my article','1) Login/Register \n 2) Click \'Begin New Submission\' \n 3) Enter title/abstract \n 4) Upload files \n 5) Add keywords \n 6) Author details \n 7) Cover letter \n 8) Review & submit.','2025-05-29 11:11:50.244927',7),(46,'submit','1) Login/Register \n 2) Click \'Begin New Submission\' \n 3) Enter title/abstract \n 4) Upload files \n 5) Add keywords \n 6) Author details \n 7) Cover letter \n 8) Review & submit.','2025-05-29 11:17:35.553632',7),(47,'i need to publish my paper','1) Login/Register \n 2) Click \'Begin New Submission\' \n 3) Enter title/abstract \n 4) Upload files \n 5) Add keywords \n 6) Author details \n 7) Cover letter \n 8) Review & submit.','2025-05-30 08:28:51.092052',7),(48,'hai','I can help with:\n- Submission questions (upload, status)\n- Review processes (Review, accept\\Reject)\n- Editorial decisions\n\n','2025-05-30 08:29:04.477982',7),(49,'what is article processing charge','I can help with:\n- Submission questions (upload, status)\n- Review processes (Review, accept\\Reject)\n- Editorial decisions\n\n','2025-05-30 08:32:58.840106',7),(50,'where to upload papers','I can help with:\n- Submission questions (upload, status)\n- Review processes (Review, accept\\Reject)\n- Editorial decisions\n\n','2025-05-30 08:34:06.377874',7),(51,'hallo','I can help with:\n- Submission questions (upload, status)\n- Review processes (Review, accept\\Reject)\n- Editorial decisions\n\n','2025-05-30 10:16:24.038948',7),(52,'hi','Hello! I am your assistant. Please specify your role (Author/Admin/Associate Editor/Reviewer/EIC) and question.','2025-05-30 10:16:47.634213',7),(53,'authopr','I can help with:\n- Submission questions (upload, status)\n- Review processes (Review, accept\\Reject)\n- Editorial decisions\n\n','2025-05-30 10:17:01.984173',7),(54,'author','I can help with:\n- Submission questions (upload, status)\n- Review processes (Review, accept\\Reject)\n- Editorial decisions\n\n','2025-05-30 10:17:06.353582',7),(55,'hi','Hello! I am your assistant. Please specify your role (Author/Admin/Associate Editor/Reviewer/EIC) and question.','2025-05-30 10:32:00.020300',7),(56,'hi','Hello! I am your assistant. Please specify your role (Author/Admin/Associate Editor/Reviewer/EIC) and question.','2025-05-30 11:03:38.717156',7),(57,'hi','Hello! I am your assistant. Please specify your role (Author/Admin/Associate Editor/Reviewer/EIC) and question.','2025-05-30 11:04:12.014626',7),(58,'hi','Hello! I am your assistant. Please specify your role (Author/Admin/Associate Editor/Reviewer/EIC) and question.','2025-05-30 11:15:15.160941',7),(59,'edit submission','No direct edits post-submission. Contact the admin office for corrections.','2025-05-30 12:14:28.265334',7),(60,'upload','I can help with:\n- Submission questions (upload, status)\n- Review processes (Review, accept\\Reject)\n- Editorial decisions\n\n','2025-05-30 12:17:29.683534',7),(61,'upload article','I can help with:\n- Submission questions (upload, status)\n- Review processes (Review, accept\\Reject)\n- Editorial decisions\n\n','2025-05-30 12:17:42.533877',7),(62,'upload paper','In Step 2 (File Upload), click \'Choose File\'. Supported formats: PDF/DOCX. Use \'Add File\' for multiple uploads.','2025-05-30 12:17:52.290142',7),(63,'author','To submit your article, you must have an author account. If you dont have one, please register first.','2025-05-30 12:31:52.578229',7),(64,'registered','I can help with:\n- Submission questions (upload, status)\n- Review processes (Review, accept\\Reject)\n- Editorial decisions\n\n','2025-05-30 12:32:12.344193',7),(65,'registered','1)Verify that you are in \'Start New Submission\' tab \n 2) Click \'Begin New Submission\' \n 3) Enter title/abstract \n 4) Upload files \n 5) Add keywords \n 6) Author details \n 7) Cover letter \n 8) Review & submit.','2025-05-30 12:35:13.171291',7),(66,'hi','Hello! I am your assistant. Please specify your role (Author/Admin/Associate Editor/Reviewer/EIC) and question.','2025-05-30 12:43:50.140630',7),(67,'author','To submit your article, you must have an author account. If you dont have one, please register first.','2025-05-30 12:43:55.493335',7),(68,'ok','I can help with:\n- Submission questions (upload, status)\n- Review processes (Review, accept\\Reject)\n- Editorial decisions\n\n','2025-05-30 12:44:14.205400',7),(69,'ok','You\'re welcome! Just let me know whenever you want to chat','2025-05-30 12:52:09.415696',7),(70,'ok','You\'re welcome! Just let me know whenever you want to chat','2025-05-30 12:52:33.462266',7),(71,'hi','Hello! I am your assistant. Please specify your role (Author/Admin/Associate Editor/Reviewer/EIC) and question.','2025-05-31 05:17:08.418470',7),(72,'Author','To submit your article, you must have an author account. If you dont have one, please register first.','2025-05-31 05:17:18.921769',7),(73,'ok','You\'re welcome! Just let me know whenever you want to guide you through the process.','2025-05-31 05:17:33.764216',7),(74,'i registerd','I can help with:\n- Submission questions (upload, status)\n- Review processes (Review, accept\\Reject)\n- Editorial decisions\n\n','2025-05-31 05:17:42.634843',7),(75,'i registered','1)Verify that you are in \'Start New Submission\' tab \n 2) Click \'Begin New Submission\' \n 3) Enter title/abstract \n 4) Upload files \n 5) Add keywords \n 6) Author details \n 7) Cover letter \n 8) Review & submit.','2025-05-31 05:18:00.805823',7),(76,'help','I assist with manuscript workflows. Examples: \n \'Author: How to submit?\',\n \'Admin Office: Check plagiarism?\',\n \'Associate Editor: Assign reviewer?\',\n \'Reviewer: Submit Reviews?\' or\n \'Editor: Make Decision?\'.','2025-05-31 05:24:46.009309',7),(77,'admin','I can help with:\n- Submission questions (upload, status)\n- Review processes (Review, accept\\Reject)\n- Editorial decisions\n\n','2025-05-31 06:36:03.000274',7),(78,'author','1) Login/Register \n 2) Click \'Begin New Submission\' \n 3) Enter title/abstract \n 4) Upload files \n 5) Add keywords \n 6) Author details \n 7) Cover letter \n 8) Review & submit.','2025-05-31 06:38:20.600425',7),(79,'manuscripts submitted','\n    	All newly submitted manuscripts are displayed in this section.\n    	Check the format of each manuscript.\n    	Use an online plagiarism checker to test for plagiarism. After checking, upload the plagiarism report.\n    	If the manuscript format is incorrect or contains significant errors, you can reject it by clicking the Reject button and entering the reason in the comment box.\n    	If the manuscript meets the requirements, proceed by clicking Assign AE, select an Associate Editor (AE), and click Assign.\n','2025-05-31 06:56:52.538406',7),(80,'hi','Hello! I am your assistant. Please specify your role (Author/Admin Office/Associate Editor/Reviewer/EIC) and question.','2025-06-02 04:40:17.949213',7),(81,'Author and i need submission process','1) Login/Register \n 2) Click \'Begin New Submission\' \n 3) Enter title/abstract \n 4) Upload files \n 5) Add keywords \n 6) Author details \n 7) Cover letter \n 8) Review & submit.','2025-06-02 04:41:18.836760',7),(82,'ok','You\'re welcome! Just let me know whenever you want to guide you through the process.','2025-06-02 04:41:50.425487',7),(83,'hi','Hello! I am your assistant. Please specify your role (Author/Admin Office/Associate Editor/Reviewer/EIC) and question.','2025-06-10 11:46:06.622582',1),(84,'author','1) Login/Register \n 2) Click \'Begin New Submission\' \n 3) Enter title/abstract \n 4) Upload files \n 5) Add keywords \n 6) Author details \n 7) Cover letter \n 8) Review & submit.','2025-06-10 11:46:26.360819',1),(85,'Author','Authors can submit their papers here by following these steps:\n                \n Login/Register: Access your account or create a new one.\n                \n Begin New Submission: Click on the \'Begin New Submission\' option.\n                \n Enter Title & Abstract: Provide the title and abstract of your paper.\n                \n Upload Files: Upload all necessary files, such as your manuscript and figures.\n                \n Add Keywords: Include relevant keywords for your paper.\n                \n Author Details: Enter details for all authors.\n                \n Cover Letter: Provide a cover letter.\n                \n Review & Submit: Review all entered information and then submit your paper.','2025-06-10 12:01:45.865423',1),(86,'author','Authors can submit their papers here by following these steps:\n                \n 1) Login/Register: Ensure you have an author account. If not, register first.\n                \n 2) Begin New Submission: Click on the \'Begin New Submission\' option.\n                \n 3) Enter Title & Abstract: Provide the title and abstract of your paper.\n                \n 4) Upload Files: Upload all necessary files, such as your manuscript and figures.\n                \n 5) Add Keywords: Include relevant keywords for your paper.\n                \n 6) Author Details: Enter details for all authors.\n                \n 7) Cover Letter: Provide a cover letter.\n                \n 8) Review & Submit: Review all entered information and then submit your paper.','2025-06-10 12:04:22.249406',1),(87,'Hi I am Ramesh','I can help with:\n- Submission questions (upload, status)\n- Review processes (Review, accept\\Reject)\n- Editorial decisions\n\n','2025-06-16 06:09:07.233304',7),(88,'how to submit','1) Login/Register \n 2) Click \'Begin New Submission\' \n 3) Enter title/abstract \n 4) Upload files \n 5) Add keywords \n 6) Author details \n 7) Cover letter \n 8) Review & submit.','2025-06-16 06:12:01.674757',7),(89,'what is APC','I can help with:\n- Submission questions (upload, status)\n- Review processes (Review, accept\\Reject)\n- Editorial decisions\n\n','2025-06-16 06:12:13.891737',7),(90,'hii, i am mitun','I can help with:\n- Submission questions (upload, status)\n- Review processes (Review, accept\\Reject)\n- Editorial decisions\n\n','2025-06-18 08:36:24.226339',7),(91,'hii, i am mitun','Hello! I am your assistant. Should you have any doubts or questions, please feel free to ask. If you\'re unsure how to explain your question, kindly specify your role (Author/Admin Office/Associate Editor/Reviewer/EIC).','2025-06-18 08:44:06.891892',7),(92,'hey','Hello! I am your assistant. Should you have any doubts or questions, please feel free to ask. If you\'re unsure how to explain your question, kindly specify your role (Author/Admin Office/Associate Editor/Reviewer/EIC).','2025-06-18 09:14:11.242357',7),(93,'hey','Hello! I am your assistant. Should you have any doubts or questions, please feel free to ask. If you\'re unsure how to explain your question, kindly specify your role (Author/Admin Office/Associate Editor/Reviewer/EIC).','2025-06-18 09:15:43.485121',7),(94,'hey','Hello! I am your assistant. Should you have any doubts or questions, please feel free to ask. If you\'re unsure how to explain your question, kindly specify your role (Author/Admin Office/Associate Editor/Reviewer/EIC).','2025-06-18 09:26:17.521526',7),(95,'submission','I can help with:\n- Submission questions (upload, status)\n- Review processes (Review, accept\\Reject)\n- Editorial decisions\n\n','2025-06-25 11:45:12.800597',7),(96,'submission','1) Login/Register \n 2) Click \'Begin New Submission\' \n 3) Enter title/abstract \n 4) Upload files \n 5) Add keywords \n 6) Author details \n 7) Cover letter \n 8) Review & submit.','2025-06-25 11:46:36.304893',7),(97,'1','I can help with:\n- Submission questions (upload, status)\n- Review processes (Review, accept\\Reject)\n- Editorial decisions\n\n','2025-06-25 11:46:50.340030',7),(98,'4','I can help with:\n- Submission questions (upload, status)\n- Review processes (Review, accept\\Reject)\n- Editorial decisions\n\n','2025-06-25 11:46:59.631689',7),(99,'Login/Register','I can help with:\n- Submission questions (upload, status)\n- Review processes (Review, accept\\Reject)\n- Editorial decisions\n\n','2025-06-25 11:47:23.431705',7),(100,'apc','I can help with:\n- Submission questions (upload, status)\n- Review processes (Review, accept\\Reject)\n- Editorial decisions\n\n','2025-06-27 04:50:09.283321',7),(101,'review process','I can help with:\n- Submission questions (upload, status)\n- Review processes (Review, accept\\Reject)\n- Editorial decisions\n\n','2025-06-27 04:50:15.678406',7),(102,'submission','1) Login/Register \n 2) Click \'Begin New Submission\' \n 3) Enter title/abstract \n 4) Upload files \n 5) Add keywords \n 6) Author details \n 7) Cover letter \n 8) Review & submit.','2025-06-27 04:50:45.653585',7),(103,'add keywords','I can help with:\n- Submission questions (upload, status)\n- Review processes (Review, accept\\Reject)\n- Editorial decisions\n\n','2025-06-27 04:50:53.470747',7),(104,'review','I can help with:\n- Submission questions (upload, status)\n- Review processes (Review, accept\\Reject)\n- Editorial decisions\n\n','2025-06-27 05:06:51.207227',7),(105,'Review processes','I can help with:\n- Submission questions (upload, status)\n- Review processes (Review, accept\\Reject)\n- Editorial decisions\n\n','2025-06-27 05:06:59.515171',7),(106,'jh','I can help with:\n- Author Process \n- Reviewer processes \n- Editor in Chief process \n - Editorial decisions\n\n','2025-06-27 11:37:18.265208',7),(107,'hai','I can help with:\n- Author Process \n- Admin Office Process- Reviewer Processes \n- Editor in Chief Process \n - Associate Editor Process\n\n','2025-06-27 11:50:13.080489',7),(108,'hai','Hello! I am your assistant. Should you have any doubts or questions, please feel free to ask. If you\'re unsure how to explain your question, kindly specify your role (Author/Admin Office/Associate Editor/Reviewer/EIC).','2025-06-27 11:50:46.431168',7),(109,'ok','You\'re welcome! Just let me know whenever you want to guide you through the process.','2025-06-27 11:50:51.827162',7),(110,'yes','I can help with:\n- Author Process \n- Admin Office Process- Reviewer Processes \n- Editor in Chief Process \n - Associate Editor Process\n\n','2025-06-27 11:50:58.553403',7),(111,'yes','I can help with:\n- Author Process \n- Admin Office Process\n- Reviewer Processes \n- Editor in Chief Process \n - Associate Editor Process\n\n','2025-06-27 11:51:29.314192',7),(112,'ok','You\'re welcome! Just let me know whenever you want to guide you through the process.','2025-06-27 11:51:57.511591',7),(113,'yeah','I can help with:\n- Author Process \n- Admin Office Process\n- Reviewer Processes \n- Editor in Chief Process \n - Associate Editor Process\n\n','2025-06-27 11:52:09.686305',7),(114,'Author Process','Authors can submit their papers here by following these steps:\n                \n 1) Login/Register: Ensure you have an author account. If not, register first.\n                \n 2) Begin New Submission: Click on the \'Begin New Submission\' option.\n                \n 3) Enter Title & Abstract: Provide the title and abstract of your paper.\n                \n 4) Upload Files: Upload all necessary files, such as your manuscript and figures.\n                \n 5) Add Keywords: Include relevant keywords for your paper.\n                \n 6) Author Details: Enter details for all authors.\n                \n 7) Cover Letter: Provide a cover letter.\n                \n 8) Review & Submit: Review all entered information and then submit your paper.','2025-06-27 11:52:48.405723',7),(115,'Admin Office Process','In admin office which section you want to work? \n 1) Manuscripts submitted \n 2) Manuscripts with rejection \n 3) Manuscripts with acceptance \n 4) Manuscripts under review \n 5) Manuscripts waiting for revision \n 6) Manuscripts waiting for revision and overdue \n 7) Type setting and proof reading','2025-06-27 11:52:58.396985',7),(116,'i need to post feedback',' I didn\'t understand, do you mean Request Feedback or Post Feedback?\" ','2025-06-27 12:19:10.157447',7),(117,'i need to request feedback','\n    If you are \"Admin Office\", go to the \'Manuscripts Acceptance Page\', click \'Actions\', and choose \'Request Feedback\' to proceed  \n \n    (or)  \n \n    Go to the \'Manuscripts Rejection Page\'; in the \'Actions\' column, you will find the \'Request Feedback\' option  click that to proceed  \n \n\n    if you are \"Editor In Chief\", go to the \'Decisioned Manuscripts\' page; in the \'Actions\' column, you will find the \'Request Feedback\' option  click that to proceed  \n    ','2025-06-27 12:19:43.044310',7),(118,'ok','You\'re welcome! Just let me know whenever you want to guide you through the process.','2025-06-27 12:20:51.676720',7),(119,'thank you','You\'re welcome! Just let me know whenever you want to guide you through the process.','2025-06-27 12:20:56.491689',7),(120,'yes','I can help with:\n- Author Process \n- Admin Office Process\n- Reviewer Processes \n- Editor in Chief Process \n - Associate Editor Process\n\n','2025-06-27 12:21:06.505504',7),(121,'review','I can help with:\n- Author Process \n- Admin Office Process\n- Reviewer Processes \n- Editor in Chief Process \n - Associate Editor Process\n\n','2025-06-27 12:52:20.217506',21),(122,'how to submit article','1) Login/Register \n 2) Click \'Begin New Submission\' \n 3) Enter title/abstract \n 4) Upload files \n 5) Add keywords \n 6) Author details \n 7) Cover letter \n 8) Review & submit.','2025-06-27 12:52:32.328523',21),(123,'author process','Authors can submit their papers here by following these steps:\n                \n 1) Login/Register: Ensure you have an author account. If not, register first.\n                \n 2) Begin New Submission: Click on the \'Begin New Submission\' option.\n                \n 3) Enter Title & Abstract: Provide the title and abstract of your paper.\n                \n 4) Upload Files: Upload all necessary files, such as your manuscript and figures.\n                \n 5) Add Keywords: Include relevant keywords for your paper.\n                \n 6) Author Details: Enter details for all authors.\n                \n 7) Cover Letter: Provide a cover letter.\n                \n 8) Review & Submit: Review all entered information and then submit your paper.','2025-06-27 12:52:59.947547',21),(124,'reviewer process','in reviewer which section you want to work? \n 1) Invitation  \n 2) Manuscripts to Review  \n 3) Manuscripts Reviewed  ','2025-06-27 12:53:11.605974',21);
/*!40000 ALTER TABLE `chatbot_chathistory` ENABLE KEYS */;
UNLOCK TABLES;

--
-- Table structure for table `django_admin_log`
--

DROP TABLE IF EXISTS `django_admin_log`;
/*!40101 SET @saved_cs_client     = @@character_set_client */;
/*!50503 SET character_set_client = utf8mb4 */;
CREATE TABLE `django_admin_log` (
  `id` int NOT NULL AUTO_INCREMENT,
  `action_time` datetime(6) NOT NULL,
  `object_id` longtext,
  `object_repr` varchar(200) NOT NULL,
  `action_flag` smallint unsigned NOT NULL,
  `change_message` longtext NOT NULL,
  `content_type_id` int DEFAULT NULL,
  `user_id` int NOT NULL,
  PRIMARY KEY (`id`),
  KEY `django_admin_log_content_type_id_c4bce8eb_fk_django_co` (`content_type_id`),
  KEY `django_admin_log_user_id_c564eba6_fk_auth_user_id` (`user_id`),
  CONSTRAINT `django_admin_log_content_type_id_c4bce8eb_fk_django_co` FOREIGN KEY (`content_type_id`) REFERENCES `django_content_type` (`id`),
  CONSTRAINT `django_admin_log_user_id_c564eba6_fk_auth_user_id` FOREIGN KEY (`user_id`) REFERENCES `auth_user` (`id`),
  CONSTRAINT `django_admin_log_chk_1` CHECK ((`action_flag` >= 0))
) ENGINE=InnoDB AUTO_INCREMENT=953 DEFAULT CHARSET=utf8mb4 COLLATE=utf8mb4_0900_ai_ci;
/*!40101 SET character_set_client = @saved_cs_client */;

--
-- Dumping data for table `django_admin_log`
--

LOCK TABLES `django_admin_log` WRITE;
/*!40000 ALTER TABLE `django_admin_log` DISABLE KEYS */;
INSERT INTO `django_admin_log` VALUES (1,'2024-07-26 09:16:47.021209','2','mitung@gmail.com',1,'[{\"added\": {}}]',4,1),(2,'2024-07-26 09:17:29.240927','3','madanumk@gmail.com',1,'[{\"added\": {}}]',4,1),(3,'2024-07-26 09:17:49.941784','4','vikash@gmail.com',1,'[{\"added\": {}}]',4,1),(4,'2024-07-26 09:19:18.347140','5','afsal@gmail.com',1,'[{\"added\": {}}]',4,1),(5,'2024-07-26 09:19:43.476277','6','siva@gmail.com',1,'[{\"added\": {}}]',4,1),(6,'2024-07-26 09:19:54.784939','7','surya@gmail.com',1,'[{\"added\": {}}]',4,1),(7,'2024-07-26 09:20:32.311686','8','mohamad@gmail.com',1,'[{\"added\": {}}]',4,1),(8,'2024-07-26 09:20:44.212610','9','guru@gmail.com',1,'[{\"added\": {}}]',4,1),(9,'2024-07-26 09:21:05.861466','10','mukesh@gmail.com',1,'[{\"added\": {}}]',4,1),(10,'2024-07-26 09:21:15.027530','11','lingash@gmail.com',1,'[{\"added\": {}}]',4,1),(11,'2024-07-26 09:21:25.134281','12','keerthi@gmail.com',1,'[{\"added\": {}}]',4,1),(12,'2024-07-26 09:21:49.042170','13','ajmal@gmail.com',1,'[{\"added\": {}}]',4,1),(13,'2024-07-26 09:22:12.354019','14','author_a@gmail.com',1,'[{\"added\": {}}]',4,1),(14,'2024-07-26 09:22:24.313517','15','author_b@gmail.com',1,'[{\"added\": {}}]',4,1),(15,'2024-07-26 09:22:36.257562','16','author_c@gmail.com',1,'[{\"added\": {}}]',4,1),(16,'2024-07-26 09:22:53.257803','17','author_d@gmail.com',1,'[{\"added\": {}}]',4,1),(17,'2024-07-26 09:23:04.197682','18','author_e@gmail.com',1,'[{\"added\": {}}]',4,1),(18,'2024-07-26 09:23:29.454500','1','Mr',1,'[{\"added\": {}}]',8,1),(19,'2024-07-26 09:23:33.955466','2','Mrs',1,'[{\"added\": {}}]',8,1),(20,'2024-07-26 09:23:55.429979','1','India',1,'[{\"added\": {}}]',7,1),(21,'2024-07-26 09:24:47.784840','1','author_a@gmail.com',1,'[{\"added\": {}}]',10,1),(22,'2024-07-26 09:25:13.878789','2','author_b@gmail.com',1,'[{\"added\": {}}]',10,1),(23,'2024-07-26 09:25:54.378517','3','author_c@gmail.com',1,'[{\"added\": {}}]',10,1),(24,'2024-07-26 09:26:31.294840','4','author_d@gmail.com',1,'[{\"added\": {}}]',10,1),(25,'2024-07-26 09:27:58.284687','5','author_e@gmail.com',1,'[{\"added\": {}}]',10,1),(26,'2024-07-26 09:29:09.036207','6','lingash@gmail.com',1,'[{\"added\": {}}]',10,1),(27,'2024-07-26 09:30:17.357750','7','keerthi@gmail.com',1,'[{\"added\": {}}]',10,1),(28,'2024-07-26 09:31:06.828420','8','mukesh@gmail.com',1,'[{\"added\": {}}]',10,1),(29,'2024-07-26 09:34:40.861977','1','Admin Office',1,'[{\"added\": {}}]',3,1),(30,'2024-07-26 09:34:47.141604','2','AE',1,'[{\"added\": {}}]',3,1),(31,'2024-07-26 09:34:52.004279','3','EIC',1,'[{\"added\": {}}]',3,1),(32,'2024-07-26 09:34:58.800294','4','Reviewer',1,'[{\"added\": {}}]',3,1),(33,'2024-07-26 09:35:08.499891','5','Author',1,'[{\"added\": {}}]',3,1),(34,'2024-07-26 09:35:44.214790','5','afsal@gmail.com',2,'[{\"changed\": {\"fields\": [\"First name\", \"Last name\", \"Email address\"]}}]',4,1),(35,'2024-07-26 09:36:06.803395','13','ajmal@gmail.com',2,'[{\"changed\": {\"fields\": [\"First name\", \"Last name\", \"Email address\"]}}]',4,1),(36,'2024-07-26 09:36:52.865086','9','guru@gmail.com',2,'[{\"changed\": {\"fields\": [\"First name\", \"Last name\", \"Email address\"]}}]',4,1),(37,'2024-07-26 09:36:56.964054','9','guru@gmail.com',2,'[]',4,1),(38,'2024-07-26 09:37:35.577511','12','keerthi@gmail.com',2,'[{\"changed\": {\"fields\": [\"First name\", \"Last name\", \"Email address\"]}}]',4,1),(39,'2024-07-26 09:38:07.311646','11','lingash@gmail.com',2,'[{\"changed\": {\"fields\": [\"First name\", \"Last name\", \"Email address\"]}}]',4,1),(40,'2024-07-26 09:39:42.502947','1','Accepted',1,'[{\"added\": {}}]',11,1),(41,'2024-07-26 09:39:52.037879','2','Awaiting AE Recommendation',1,'[{\"added\": {}}]',11,1),(42,'2024-07-26 09:39:59.030831','3','Awaiting for Reviewers',1,'[{\"added\": {}}]',11,1),(43,'2024-07-26 09:41:07.750371','4','Proof Read Done',1,'[{\"added\": {}}]',11,1),(44,'2024-07-26 09:41:22.180191','5','Submitted',1,'[{\"added\": {}}]',11,1),(45,'2024-07-26 09:42:00.760002','6','AE Assigned',1,'[{\"added\": {}}]',11,1),(46,'2024-07-26 09:42:30.582811','7','Under Review',1,'[{\"added\": {}}]',11,1),(47,'2024-07-26 09:43:29.108070','8','Type Set Done',1,'[{\"added\": {}}]',11,1),(48,'2024-07-26 09:43:58.527856','9','Ready to Publish',1,'[{\"added\": {}}]',11,1),(49,'2024-07-26 09:44:27.637026','10','Awaiting Changes',1,'[{\"added\": {}}]',11,1),(50,'2024-07-26 09:45:07.850755','11','Corrected',1,'[{\"added\": {}}]',11,1),(51,'2024-07-26 09:45:51.804457','12','Awaiting for EIC Decision',1,'[{\"added\": {}}]',11,1),(52,'2024-07-26 09:46:03.901376','13','Payment Done',1,'[{\"added\": {}}]',11,1),(53,'2024-07-26 09:46:39.804132','14','Awaiting for Correction after Acceptance',1,'[{\"added\": {}}]',11,1),(54,'2024-07-26 09:47:34.616771','15','In Admin Processing',1,'[{\"added\": {}}]',11,1),(55,'2024-07-26 09:48:51.596033','16','Awaiting for Revision',1,'[{\"added\": {}}]',11,1),(56,'2024-07-26 09:49:08.666138','17','Awaiting for Proof Read',1,'[{\"added\": {}}]',11,1),(57,'2024-07-26 09:49:39.157338','18','Rejected',1,'[{\"added\": {}}]',11,1),(58,'2024-07-26 09:50:29.930505','1','Type 1',1,'[{\"added\": {}}]',12,1),(59,'2024-07-26 09:50:41.053178','2','Type 2',1,'[{\"added\": {}}]',12,1),(60,'2024-07-26 09:50:49.880497','3','Type 3',1,'[{\"added\": {}}]',12,1),(61,'2024-07-26 09:51:01.552372','1','Article',1,'[{\"added\": {}}]',13,1),(62,'2024-07-26 09:51:12.936210','2','Catagory 1',1,'[{\"added\": {}}]',13,1),(63,'2024-07-26 09:51:17.303106','3','Catagory 2',1,'[{\"added\": {}}]',13,1),(64,'2024-07-26 09:51:29.362271','1','Decision: Accepted',1,'[{\"added\": {}}]',14,1),(65,'2024-07-26 09:51:46.960333','2','Decision: Rejected',1,'[{\"added\": {}}]',14,1),(66,'2024-07-26 09:52:21.872607','3','Decision: Minimum Revision',1,'[{\"added\": {}}]',14,1),(67,'2024-07-26 09:52:40.040808','4','Decision: Maximum Revision',1,'[{\"added\": {}}]',14,1),(68,'2024-07-26 09:52:58.362586','4','Decision: Major Revision',2,'[{\"changed\": {\"fields\": [\"Decision\", \"Description\"]}}]',14,1),(69,'2024-07-26 09:53:23.399965','1','File 1',1,'[{\"added\": {}}]',15,1),(70,'2024-07-26 09:53:28.278387','2','File 2',1,'[{\"added\": {}}]',15,1),(71,'2024-07-26 09:53:32.302195','3','File 3',1,'[{\"added\": {}}]',15,1),(72,'2024-07-26 09:53:43.175142','1','JCM',1,'[{\"added\": {}}]',16,1),(73,'2024-07-26 09:53:47.102257','2','JCS',1,'[{\"added\": {}}]',16,1),(74,'2024-07-26 09:53:57.640010','3','IJAM',1,'[{\"added\": {}}]',16,1),(75,'2024-07-26 09:54:09.864911','1','Minimun Revision',1,'[{\"added\": {}}]',17,1),(76,'2024-07-26 09:54:12.704082','2','Major Revision',1,'[{\"added\": {}}]',17,1),(77,'2024-07-26 09:54:15.990822','3','Accepted',1,'[{\"added\": {}}]',17,1),(78,'2024-07-26 09:54:19.527041','4','Rejected',1,'[{\"added\": {}}]',17,1),(79,'2024-07-26 09:55:15.953411','1','Artificial Intelligence',1,'[{\"added\": {}}]',18,1),(80,'2024-07-26 09:57:05.943917','2','Data Analyst',1,'[{\"added\": {}}]',18,1),(81,'2024-07-26 09:57:55.496564','3','Economic',1,'[{\"added\": {}}]',18,1),(82,'2024-07-26 09:58:08.300440','1','author_a@gmail.com - Artificial Intelligence',1,'[{\"added\": {}}]',22,1),(83,'2024-07-26 09:58:12.907356','2','author_b@gmail.com - Data Analyst',1,'[{\"added\": {}}]',22,1),(84,'2024-07-26 09:58:18.167014','3','author_c@gmail.com - Economic',1,'[{\"added\": {}}]',22,1),(85,'2024-07-26 09:58:24.444388','4','author_d@gmail.com - Economic',1,'[{\"added\": {}}]',22,1),(86,'2024-07-26 09:58:29.165432','5','author_e@gmail.com - Data Analyst',1,'[{\"added\": {}}]',22,1),(87,'2024-07-26 09:58:39.599935','6','lingash@gmail.com - Artificial Intelligence',1,'[{\"added\": {}}]',22,1),(88,'2024-07-26 09:58:47.323786','7','keerthi@gmail.com - Artificial Intelligence',1,'[{\"added\": {}}]',22,1),(89,'2024-07-26 09:58:54.030192','8','mukesh@gmail.com - Economic',1,'[{\"added\": {}}]',22,1),(90,'2024-07-26 10:04:27.032433','1','Human impact of bio-diversity',1,'[{\"added\": {}}]',19,1),(91,'2024-07-26 10:05:21.677582','2','The human AI',1,'[{\"added\": {}}]',19,1),(92,'2024-07-26 10:06:22.208992','3','yjhyjyjhyt',1,'[{\"added\": {}}]',19,1),(93,'2024-07-26 10:07:16.111327','4','Fiction Science',1,'[{\"added\": {}}]',19,1),(94,'2024-07-26 10:07:58.968856','5','ukukiyukiyui',1,'[{\"added\": {}}]',19,1),(95,'2024-07-26 10:09:11.585029','6','Wireless notice board',1,'[{\"added\": {}}]',19,1),(96,'2024-07-26 10:25:03.880139','4','vikash@gmail.com',2,'[{\"changed\": {\"fields\": [\"First name\", \"Last name\", \"Email address\"]}}]',4,1),(97,'2024-07-26 10:25:33.047421','6','siva@gmail.com',2,'[{\"changed\": {\"fields\": [\"First name\", \"Last name\", \"Email address\"]}}]',4,1),(98,'2024-07-26 10:26:07.840188','3','madanumk@gmail.com',2,'[{\"changed\": {\"fields\": [\"First name\", \"Last name\", \"Email address\"]}}]',4,1),(99,'2024-07-26 10:28:22.047283','8','mohamad@gmail.com',2,'[{\"changed\": {\"fields\": [\"First name\", \"Last name\", \"Email address\"]}}]',4,1),(100,'2024-07-26 10:29:44.838727','7','surya@gmail.com',2,'[{\"changed\": {\"fields\": [\"First name\", \"Last name\", \"Email address\"]}}]',4,1),(101,'2024-07-26 10:30:09.455559','10','mukesh@gmail.com',2,'[{\"changed\": {\"fields\": [\"First name\", \"Last name\", \"Email address\"]}}]',4,1),(102,'2024-07-26 10:31:21.279607','1','author_a@gmail.com',2,'[{\"changed\": {\"fields\": [\"Is reviewer\"]}}]',10,1),(103,'2024-07-26 10:31:27.959034','7','keerthi@gmail.com',2,'[{\"changed\": {\"fields\": [\"Is reviewer\"]}}]',10,1),(104,'2024-07-26 10:31:32.846682','8','mukesh@gmail.com',2,'[{\"changed\": {\"fields\": [\"Is reviewer\"]}}]',10,1),(105,'2024-07-26 10:34:56.897151','5','author_e@gmail.com - Data Analyst',3,'',22,1),(106,'2024-07-26 10:35:00.113744','4','author_d@gmail.com - Economic',3,'',22,1),(107,'2024-07-26 10:35:03.531395','3','author_c@gmail.com - Economic',3,'',22,1),(108,'2024-07-26 10:35:06.500925','2','author_b@gmail.com - Data Analyst',3,'',22,1),(109,'2024-07-26 10:35:09.192955','1','author_a@gmail.com - Artificial Intelligence',3,'',22,1),(110,'2024-07-26 10:46:29.240967','4','Fiction Science',2,'[{\"changed\": {\"fields\": [\"Admin commments\"]}}]',19,1),(111,'2024-07-26 10:54:32.401712','1','Human impact of bio-diversity',2,'[{\"changed\": {\"fields\": [\"Decision by\", \"Article status\", \"Decision\", \"Admin commments\"]}}]',19,1),(112,'2024-07-26 11:05:31.846158','4','Fiction Science',2,'[{\"changed\": {\"fields\": [\"Article status\"]}}]',19,1),(113,'2024-07-27 04:15:24.310977','6','Wireless notice board',2,'[{\"changed\": {\"fields\": [\"Article status\"]}}]',19,1),(114,'2024-07-27 06:34:43.073153','13','ajmal@gmail.com',2,'[{\"changed\": {\"fields\": [\"Email address\"]}}]',4,1),(115,'2024-07-27 07:17:12.905653','1','India',2,'[{\"changed\": {\"fields\": [\"Ph code\"]}}]',7,1),(116,'2024-07-29 06:16:53.843567','1','1',1,'[{\"added\": {}}]',34,1),(117,'2024-07-29 06:17:13.460901','2','2',1,'[{\"added\": {}}]',34,1),(118,'2024-07-29 06:18:37.445590','3','3',1,'[{\"added\": {}}]',34,1),(119,'2024-07-29 06:18:51.780749','4','4',1,'[{\"added\": {}}]',34,1),(120,'2024-07-29 06:19:04.912956','5','5',1,'[{\"added\": {}}]',34,1),(121,'2024-07-29 06:19:35.430946','6','1',1,'[{\"added\": {}}]',34,1),(122,'2024-07-29 06:19:51.565903','7','2',1,'[{\"added\": {}}]',34,1),(123,'2024-07-29 06:19:59.565496','8','2',1,'[{\"added\": {}}]',34,1),(124,'2024-07-29 06:20:15.914680','9','3',1,'[{\"added\": {}}]',34,1),(125,'2024-07-29 06:20:22.233357','10','3',1,'[{\"added\": {}}]',34,1),(126,'2024-07-29 06:20:36.803305','11','4',1,'[{\"added\": {}}]',34,1),(127,'2024-07-29 06:20:43.836368','12','4',1,'[{\"added\": {}}]',34,1),(128,'2024-07-29 06:20:59.437065','13','5',1,'[{\"added\": {}}]',34,1),(129,'2024-07-29 06:21:05.790195','14','5',1,'[{\"added\": {}}]',34,1),(130,'2024-07-29 06:21:40.238606','15','1',1,'[{\"added\": {}}]',34,1),(131,'2024-07-29 06:22:43.709447','6','11',2,'[{\"changed\": {\"fields\": [\"Volume\", \"Description\", \"Year\"]}}]',34,1),(132,'2024-07-29 06:23:09.095149','7','12',2,'[{\"changed\": {\"fields\": [\"Volume\", \"Description\", \"Year\"]}}]',34,1),(133,'2024-07-29 06:23:21.031062','8','22',2,'[{\"changed\": {\"fields\": [\"Volume\", \"Description\", \"Year\"]}}]',34,1),(134,'2024-07-29 06:23:33.100693','9','13',2,'[{\"changed\": {\"fields\": [\"Volume\", \"Description\", \"Year\"]}}]',34,1),(135,'2024-07-29 06:23:48.445746','10','23',2,'[{\"changed\": {\"fields\": [\"Volume\", \"Description\", \"Year\"]}}]',34,1),(136,'2024-07-29 06:24:03.399636','11','14',2,'[{\"changed\": {\"fields\": [\"Volume\", \"Description\", \"Year\"]}}]',34,1),(137,'2024-07-29 06:24:16.768013','12','24',2,'[{\"changed\": {\"fields\": [\"Volume\", \"Description\", \"Year\"]}}]',34,1),(138,'2024-07-29 06:24:27.701885','13','15',2,'[{\"changed\": {\"fields\": [\"Volume\", \"Description\", \"Year\"]}}]',34,1),(139,'2024-07-29 06:24:38.734469','14','25',2,'[{\"changed\": {\"fields\": [\"Volume\", \"Description\", \"Year\"]}}]',34,1),(140,'2024-07-29 06:25:00.653440','15','21',2,'[{\"changed\": {\"fields\": [\"Volume\", \"Description\", \"Year\"]}}]',34,1),(141,'2024-07-29 06:27:07.749048','3','Human impact of bio-diversity',1,'[{\"added\": {}}]',31,1),(142,'2024-07-29 06:27:42.178989','4','The human AI',1,'[{\"added\": {}}]',31,1),(143,'2024-07-29 06:28:20.804052','5','yjhyjyjhyt',1,'[{\"added\": {}}]',31,1),(144,'2024-07-29 06:28:45.765920','6','ukukiyukiyui',1,'[{\"added\": {}}]',31,1),(145,'2024-07-29 06:29:22.585234','1','1',1,'[{\"added\": {}}]',32,1),(146,'2024-07-29 06:29:32.997525','2','2',1,'[{\"added\": {}}]',32,1),(147,'2024-07-29 06:29:48.985168','2','2',2,'[{\"changed\": {\"fields\": [\"Volume\"]}}]',32,1),(148,'2024-07-29 06:30:05.820994','3','3',1,'[{\"added\": {}}]',32,1),(149,'2024-07-29 06:30:10.784585','3','3',2,'[]',32,1),(150,'2024-07-29 06:30:28.303211','4','1',1,'[{\"added\": {}}]',32,1),(151,'2024-07-29 06:30:47.404257','5','2',1,'[{\"added\": {}}]',32,1),(152,'2024-07-29 06:31:13.435834','6','3',1,'[{\"added\": {}}]',32,1),(153,'2024-07-29 06:31:32.555302','7','1',1,'[{\"added\": {}}]',32,1),(154,'2024-07-29 06:31:42.439404','8','2',1,'[{\"added\": {}}]',32,1),(155,'2024-07-29 06:31:52.024175','9','3',1,'[{\"added\": {}}]',32,1),(156,'2024-07-29 06:32:04.094777','10','1',1,'[{\"added\": {}}]',32,1),(157,'2024-07-29 06:32:13.474501','11','1',1,'[{\"added\": {}}]',32,1),(158,'2024-07-29 06:32:20.927954','12','1',1,'[{\"added\": {}}]',32,1),(159,'2024-07-29 06:32:27.359055','13','1',1,'[{\"added\": {}}]',32,1),(160,'2024-07-29 06:32:35.494002','14','1',1,'[{\"added\": {}}]',32,1),(161,'2024-07-29 06:32:43.294758','15','1',1,'[{\"added\": {}}]',32,1),(162,'2024-07-29 06:32:50.427183','16','1',1,'[{\"added\": {}}]',32,1),(163,'2024-07-29 06:32:57.012685','17','1',1,'[{\"added\": {}}]',32,1),(164,'2024-07-29 06:33:05.326737','18','1',1,'[{\"added\": {}}]',32,1),(165,'2024-07-29 06:33:12.911874','19','1',1,'[{\"added\": {}}]',32,1),(166,'2024-07-29 06:33:22.196853','20','1',1,'[{\"added\": {}}]',32,1),(167,'2024-07-29 06:33:28.945087','21','1',1,'[{\"added\": {}}]',32,1),(168,'2024-07-29 06:33:42.846871','22','1',1,'[{\"added\": {}}]',32,1),(169,'2024-07-29 06:33:54.235067','23','2',1,'[{\"added\": {}}]',32,1),(170,'2024-07-29 06:33:59.932559','24','2',1,'[{\"added\": {}}]',32,1),(171,'2024-07-29 06:34:08.248979','25','2',1,'[{\"added\": {}}]',32,1),(172,'2024-07-29 06:34:19.513812','26','2',1,'[{\"added\": {}}]',32,1),(173,'2024-07-29 06:34:26.948675','27','2',1,'[{\"added\": {}}]',32,1),(174,'2024-07-29 06:34:34.031311','28','2',1,'[{\"added\": {}}]',32,1),(175,'2024-07-29 06:34:43.066262','29','2',1,'[{\"added\": {}}]',32,1),(176,'2024-07-29 06:35:12.923817','30','2',1,'[{\"added\": {}}]',32,1),(177,'2024-07-29 06:35:50.539683','31','2',1,'[{\"added\": {}}]',32,1),(178,'2024-07-29 06:35:55.818371','32','2',1,'[{\"added\": {}}]',32,1),(179,'2024-07-29 06:36:02.186020','33','2',1,'[{\"added\": {}}]',32,1),(180,'2024-07-29 06:36:08.789966','34','2',1,'[{\"added\": {}}]',32,1),(181,'2024-07-29 06:36:15.589398','35','2',1,'[{\"added\": {}}]',32,1),(182,'2024-07-29 06:36:52.561538','1','Fiction Science ok',1,'[{\"added\": {}}]',33,1),(183,'2024-07-29 06:37:10.943990','2','None',1,'[{\"added\": {}}]',33,1),(184,'2024-07-29 06:37:25.464797','2','None',2,'[]',33,1),(185,'2024-07-29 06:37:53.632624','3','Human impacts',1,'[{\"added\": {}}]',33,1),(186,'2024-07-29 09:38:13.048742','14','author_a@gmail.com',2,'[{\"changed\": {\"fields\": [\"First name\", \"Last name\", \"Email address\"]}}]',4,1),(187,'2024-07-29 09:41:54.839499','15','21',3,'',34,1),(188,'2024-07-29 09:41:54.850491','14','25',3,'',34,1),(189,'2024-07-29 09:41:54.854543','13','15',3,'',34,1),(190,'2024-07-29 09:41:54.858666','12','24',3,'',34,1),(191,'2024-07-29 09:41:54.861826','11','14',3,'',34,1),(192,'2024-07-29 09:41:54.865969','10','23',3,'',34,1),(193,'2024-07-29 09:41:54.871170','9','13',3,'',34,1),(194,'2024-07-29 09:41:54.874291','8','22',3,'',34,1),(195,'2024-07-29 09:41:54.878436','7','12',3,'',34,1),(196,'2024-07-29 09:41:54.884437','6','11',3,'',34,1),(197,'2024-07-29 09:42:12.047617','5','5',3,'',34,1),(198,'2024-07-29 09:42:12.052866','4','4',3,'',34,1),(199,'2024-07-29 09:42:48.026024','16','11',1,'[{\"added\": {}}]',34,1),(200,'2024-07-29 09:43:21.856421','17','12',1,'[{\"added\": {}}]',34,1),(201,'2024-07-29 09:43:33.993175','18','13',1,'[{\"added\": {}}]',34,1),(202,'2024-07-29 09:44:02.828297','19','21',1,'[{\"added\": {}}]',34,1),(203,'2024-07-29 09:44:15.328767','20','22',1,'[{\"added\": {}}]',34,1),(204,'2024-07-29 09:44:27.264528','21','23',1,'[{\"added\": {}}]',34,1),(205,'2024-07-29 09:45:03.595742','3','3',3,'',32,1),(206,'2024-07-29 09:45:41.717325','6','1',2,'[{\"changed\": {\"fields\": [\"Issue\", \"Volume\", \"Description\"]}}]',32,1),(207,'2024-07-29 09:45:52.002327','7','2',2,'[{\"changed\": {\"fields\": [\"Issue\", \"Description\"]}}]',32,1),(208,'2024-07-29 09:46:35.207037','8','1',2,'[{\"changed\": {\"fields\": [\"Issue\", \"Volume\", \"Description\"]}}]',32,1),(209,'2024-07-29 09:46:49.742049','9','2',2,'[{\"changed\": {\"fields\": [\"Issue\", \"Volume\", \"Description\"]}}]',32,1),(210,'2024-07-29 09:47:07.238077','36','1',1,'[{\"added\": {}}]',32,1),(211,'2024-07-29 09:47:17.772337','37','2',1,'[{\"added\": {}}]',32,1),(212,'2024-07-29 09:47:28.976553','38','1',1,'[{\"added\": {}}]',32,1),(213,'2024-07-29 09:47:39.675015','39','2',1,'[{\"added\": {}}]',32,1),(214,'2024-07-29 09:47:52.824129','40','1',1,'[{\"added\": {}}]',32,1),(215,'2024-07-29 09:48:04.263811','41','2',1,'[{\"added\": {}}]',32,1),(216,'2024-07-29 09:48:14.980105','42','1',1,'[{\"added\": {}}]',32,1),(217,'2024-07-29 09:48:28.109751','43','2',1,'[{\"added\": {}}]',32,1),(218,'2024-07-29 09:54:26.660487','1','Fiction Science ok',2,'[{\"changed\": {\"fields\": [\"Issue\"]}}]',33,1),(219,'2024-07-29 09:54:51.937283','2','Human impacts',2,'[{\"changed\": {\"fields\": [\"Accepted submission\", \"Issue\"]}}]',33,1),(220,'2024-07-29 10:19:07.948992','43','23',2,'[{\"changed\": {\"fields\": [\"Issue\", \"Description\"]}}]',32,1),(221,'2024-07-29 10:19:40.596887','42','231',2,'[{\"changed\": {\"fields\": [\"Issue\", \"Description\"]}}]',32,1),(222,'2024-07-29 10:19:49.918738','43','232',2,'[{\"changed\": {\"fields\": [\"Issue\", \"Description\"]}}]',32,1),(223,'2024-07-29 10:20:01.153301','41','212',2,'[{\"changed\": {\"fields\": [\"Issue\", \"Description\"]}}]',32,1),(224,'2024-07-29 10:20:13.703728','40','211',2,'[{\"changed\": {\"fields\": [\"Issue\", \"Description\"]}}]',32,1),(225,'2024-07-29 10:20:32.887891','39','132',2,'[{\"changed\": {\"fields\": [\"Issue\", \"Description\"]}}]',32,1),(226,'2024-07-29 10:20:44.939686','38','131',2,'[{\"changed\": {\"fields\": [\"Issue\", \"Description\"]}}]',32,1),(227,'2024-07-29 10:20:55.341624','37','122',2,'[{\"changed\": {\"fields\": [\"Issue\", \"Description\"]}}]',32,1),(228,'2024-07-29 10:21:02.289583','37','122',2,'[{\"changed\": {\"fields\": [\"Description\"]}}]',32,1),(229,'2024-07-29 10:21:14.792364','36','121',2,'[{\"changed\": {\"fields\": [\"Issue\", \"Description\"]}}]',32,1),(230,'2024-07-29 10:21:29.388927','9','112',2,'[{\"changed\": {\"fields\": [\"Issue\", \"Description\"]}}]',32,1),(231,'2024-07-29 10:21:37.941390','8','111',2,'[{\"changed\": {\"fields\": [\"Issue\", \"Description\"]}}]',32,1),(232,'2024-07-29 10:21:50.490031','7','32',2,'[{\"changed\": {\"fields\": [\"Issue\", \"Description\"]}}]',32,1),(233,'2024-07-29 10:22:03.758940','6','31',2,'[{\"changed\": {\"fields\": [\"Issue\", \"Description\"]}}]',32,1),(234,'2024-07-29 10:22:11.121877','5','22',2,'[{\"changed\": {\"fields\": [\"Issue\", \"Description\"]}}]',32,1),(235,'2024-07-29 10:22:19.461264','4','21',2,'[{\"changed\": {\"fields\": [\"Issue\", \"Description\"]}}]',32,1),(236,'2024-07-29 10:22:32.262059','2','12',2,'[{\"changed\": {\"fields\": [\"Issue\", \"Description\"]}}]',32,1),(237,'2024-07-29 10:22:42.343794','1','11',2,'[{\"changed\": {\"fields\": [\"Issue\", \"Description\"]}}]',32,1),(238,'2024-07-29 10:23:26.574476','1','Fiction Science ok',2,'[{\"changed\": {\"fields\": [\"Issue\"]}}]',33,1),(239,'2024-07-29 10:23:46.107648','1','Fiction Science ok',2,'[{\"changed\": {\"fields\": [\"Issue\"]}}]',33,1),(240,'2024-07-29 10:28:09.706294','3','Integrating AI in the Paper Submission and Review Process',2,'[{\"changed\": {\"fields\": [\"Title\", \"Abstract\"]}}]',19,1),(241,'2024-07-29 10:28:38.484507','5','Developing a Secure Online Platform for Research Paper Submissions',2,'[{\"changed\": {\"fields\": [\"Title\", \"Abstract\"]}}]',19,1),(242,'2024-07-29 10:30:46.482505','7','Online Paper Submission System for Academic Conferences',1,'[{\"added\": {}}]',19,1),(243,'2024-07-29 10:31:59.323427','8','Automated Submission and Review System for Research Papers',1,'[{\"added\": {}}]',19,1),(244,'2024-07-29 10:33:04.441675','9','Innovations in Academic Paper Submission Workflows',1,'[{\"added\": {}}]',19,1),(245,'2024-07-29 10:33:59.918900','10','Optimizing Submission Management for Scientific Journals',1,'[{\"added\": {}}]',19,1),(246,'2024-07-29 10:34:59.827460','11','Enhancing Author Experience with Automated Submission Portals',1,'[{\"added\": {}}]',19,1),(247,'2024-07-29 10:35:43.726781','12','Submit, Review, Publish: The Future of Academic Research',1,'[{\"added\": {}}]',19,1),(248,'2024-07-29 10:37:53.442669','7','Submit, Review, Publish: The Future of Academic Research',1,'[{\"added\": {}}]',31,1),(249,'2024-07-29 10:38:36.397486','8','Enhancing Author Experience with Automated Submission Portals',1,'[{\"added\": {}}]',31,1),(250,'2024-07-29 10:39:14.661868','9','Optimizing Submission Management for Scientific Journals',1,'[{\"added\": {}}]',31,1),(251,'2024-07-29 10:39:42.263996','10','Innovations in Academic Paper Submission Workflows',1,'[{\"added\": {}}]',31,1),(252,'2024-07-29 10:40:15.825922','11','Automated Submission and Review System for Research Papers',1,'[{\"added\": {}}]',31,1),(253,'2024-07-29 10:40:52.243785','12','Online Paper Submission System for Academic Conferences',1,'[{\"added\": {}}]',31,1),(254,'2024-07-29 10:41:49.809101','4','None',1,'[{\"added\": {}}]',33,1),(255,'2024-07-29 10:42:19.943771','5','Human AI',1,'[{\"added\": {}}]',33,1),(256,'2024-07-29 10:42:38.612603','6','Title 5',1,'[{\"added\": {}}]',33,1),(257,'2024-07-29 10:43:07.830093','7','Title 6',1,'[{\"added\": {}}]',33,1),(258,'2024-07-29 10:44:43.462516','2','Wireless notice board',2,'[{\"changed\": {\"fields\": [\"Corrected file\", \"Corrected title\", \"Corrected abstract\"]}}]',31,1),(259,'2024-07-29 10:45:33.302750','5','Integrating AI in the Paper Submission and Review Process',2,'[{\"changed\": {\"fields\": [\"Corrected title\", \"Corrected abstract\"]}}]',31,1),(260,'2024-07-29 10:46:36.896765','15','author_b@gmail.com',2,'[{\"changed\": {\"fields\": [\"First name\", \"Last name\", \"Email address\"]}}]',4,1),(261,'2024-07-29 12:16:59.923711','19','vikashvip780@gmail.com',3,'',4,1),(262,'2024-07-30 04:29:27.465811','1','Mitun G',1,'[{\"added\": {}}]',29,1),(263,'2024-07-31 05:43:58.077809','13','Blockchain Technology: Enhancing Security and Transparency in Digital Transactions',1,'[{\"added\": {}}]',19,1),(264,'2024-07-31 05:44:10.545926','13','Blockchain Technology: Enhancing Security and Transparency in Digital Transactions',2,'[{\"changed\": {\"fields\": [\"Final file\"]}}]',19,1),(265,'2024-07-31 05:47:33.516680','14','Robotics in Manufacturing: Enhancing Efficiency and Precision',1,'[{\"added\": {}}]',19,1),(266,'2024-07-31 05:49:26.718529','15','Smart Cities: Integrating Technology for Sustainable Urban Living',1,'[{\"added\": {}}]',19,1),(267,'2024-07-31 05:52:23.329288','10','mukesh@gmail.com',2,'[{\"changed\": {\"fields\": [\"Last name\"]}}]',4,1),(268,'2024-07-31 06:48:59.759529','17','author_d@gmail.com',2,'[{\"changed\": {\"fields\": [\"First name\", \"Last name\", \"Email address\"]}}]',4,1),(269,'2024-07-31 06:51:28.767780','18','author_e@gmail.com',2,'[{\"changed\": {\"fields\": [\"First name\", \"Last name\", \"Email address\"]}}]',4,1),(270,'2024-07-31 06:52:07.575817','16','author_c@gmail.com',2,'[{\"changed\": {\"fields\": [\"First name\", \"Last name\", \"Email address\"]}}]',4,1),(271,'2024-07-31 06:52:43.699438','15','Smart Cities: Integrating Technology for Sustainable Urban Living',2,'[{\"changed\": {\"fields\": [\"Article status\", \"Admin comments\", \"Payment date\", \"Payment due date\"]}}]',19,1),(272,'2024-07-31 06:58:31.246767','25','Smart Cities: Integrating Technology for Sustainable Urban Living',3,'',33,1),(273,'2024-07-31 06:58:31.256881','24','Smart Cities: Integrating Technology for Sustainable Urban Living',3,'',33,1),(274,'2024-07-31 06:58:31.259881','23','Smart Cities: Integrating Technology for Sustainable Urban Living',3,'',33,1),(275,'2024-07-31 06:58:31.266883','22','Smart Cities: Integrating Technology for Sustainable Urban Living',3,'',33,1),(276,'2024-07-31 06:58:31.269883','21','Smart Cities: Integrating Technology for Sustainable Urban Living',3,'',33,1),(277,'2024-07-31 06:58:31.272886','20','Smart Cities: Integrating Technology for Sustainable Urban Living',3,'',33,1),(278,'2024-07-31 06:58:31.275866','19','Smart Cities: Integrating Technology for Sustainable Urban Living',3,'',33,1),(279,'2024-07-31 06:58:31.280866','18','Smart Cities: Integrating Technology for Sustainable Urban Living',3,'',33,1),(280,'2024-07-31 06:58:31.283567','17','Smart Cities: Integrating Technology for Sustainable Urban Living',3,'',33,1),(281,'2024-07-31 06:58:31.286468','16','Smart Cities: Integrating Technology for Sustainable Urban Living',3,'',33,1),(282,'2024-07-31 06:58:31.289375','15','Smart Cities: Integrating Technology for Sustainable Urban Living',3,'',33,1),(283,'2024-07-31 06:58:31.291962','14','Smart Cities: Integrating Technology for Sustainable Urban Living',3,'',33,1),(284,'2024-07-31 06:58:31.296199','13','Smart Cities: Integrating Technology for Sustainable Urban Living',3,'',33,1),(285,'2024-07-31 06:58:31.299005','12','Smart Cities: Integrating Technology for Sustainable Urban Living',3,'',33,1),(286,'2024-07-31 06:58:31.302363','11','Smart Cities: Integrating Technology for Sustainable Urban Living',3,'',33,1),(287,'2024-07-31 06:58:31.306828','10','Smart Cities: Integrating Technology for Sustainable Urban Living',3,'',33,1),(288,'2024-07-31 06:58:31.310009','9','Smart Cities: Integrating Technology for Sustainable Urban Living',3,'',33,1),(289,'2024-07-31 06:58:43.772799','8','Smart Cities: Integrating Technology for Sustainable Urban Living',3,'',33,1),(290,'2024-07-31 07:16:39.709864','27','Smart Cities: Integrating Technology for Sustainable Urban Living',3,'',33,1),(291,'2024-07-31 07:16:46.419170','26','Smart Cities: Integrating Technology for Sustainable Urban Living',3,'',33,1),(292,'2024-07-31 07:17:48.058392','28','Smart Cities: Integrating Technology for Sustainable Urban Living',3,'',33,1),(293,'2024-07-31 08:54:45.222920','30','Smart Cities: Integrating Technology for Sustainable Urban Living',3,'',33,1),(294,'2024-07-31 08:54:45.232838','29','Smart Cities: Integrating Technology for Sustainable Urban Living',3,'',33,1),(295,'2024-07-31 09:01:55.803120','19','Published',1,'[{\"added\": {}}]',11,1),(296,'2024-07-31 09:03:29.302933','31','Smart Cities: Integrating Technology for Sustainable Urban Living',3,'',33,1),(297,'2024-07-31 09:36:00.445593','16','Advancements in Renewable Energy Technologies: A Review',1,'[{\"added\": {}}]',19,1),(298,'2024-07-31 09:37:17.280261','17','Integrating Technology in Education: Enhancing Learning Experiences',1,'[{\"added\": {}}]',19,1),(299,'2024-07-31 09:38:23.894955','18','Economic Inequality: Causes, Consequences, and Policy Solutions',1,'[{\"added\": {}}]',19,1),(300,'2024-07-31 09:47:16.142125','19','The Role of Renewable Energy in Reducing Carbon Footprints',1,'[{\"added\": {}}]',19,1),(301,'2024-07-31 09:51:30.027140','20','Cultural Diversity in the Workplace: Challenges and Opportunities',1,'[{\"added\": {}}]',19,1),(302,'2024-07-31 09:54:02.004574','20','Cultural Diversity in the Workplace: Challenges and Opportunities',2,'[{\"changed\": {\"fields\": [\"Article status\", \"Admin comments\"]}}]',19,1),(303,'2024-07-31 09:54:32.801675','20','Cultural Diversity in the Workplace: Challenges and Opportunities',2,'[{\"changed\": {\"fields\": [\"Payment date\", \"Payment due date\"]}}]',19,1),(304,'2024-08-01 06:57:27.631474','1','11',2,'[{\"changed\": {\"fields\": [\"Description\"]}}]',32,1),(305,'2024-08-01 06:59:12.912657','2','12',2,'[{\"changed\": {\"fields\": [\"Description\"]}}]',32,1),(306,'2024-08-01 06:59:21.526106','4','21',2,'[{\"changed\": {\"fields\": [\"Description\"]}}]',32,1),(307,'2024-08-01 06:59:30.079926','5','22',2,'[{\"changed\": {\"fields\": [\"Description\"]}}]',32,1),(308,'2024-08-01 06:59:44.415626','6','31',2,'[{\"changed\": {\"fields\": [\"Description\"]}}]',32,1),(309,'2024-08-01 06:59:55.793093','7','32',2,'[{\"changed\": {\"fields\": [\"Description\"]}}]',32,1),(310,'2024-08-01 07:00:11.120219','8','111',2,'[{\"changed\": {\"fields\": [\"Description\"]}}]',32,1),(311,'2024-08-01 07:00:22.045970','9','112',2,'[{\"changed\": {\"fields\": [\"Description\"]}}]',32,1),(312,'2024-08-01 07:00:31.689937','8','111',2,'[{\"changed\": {\"fields\": [\"Description\"]}}]',32,1),(313,'2024-08-01 07:00:44.462212','36','121',2,'[{\"changed\": {\"fields\": [\"Description\"]}}]',32,1),(314,'2024-08-01 07:00:56.112080','37','122',2,'[{\"changed\": {\"fields\": [\"Description\"]}}]',32,1),(315,'2024-08-01 07:01:07.328750','38','131',2,'[{\"changed\": {\"fields\": [\"Description\"]}}]',32,1),(316,'2024-08-01 07:01:21.419083','39','132',2,'[{\"changed\": {\"fields\": [\"Description\"]}}]',32,1),(317,'2024-08-01 07:01:34.636278','40','211',2,'[{\"changed\": {\"fields\": [\"Description\"]}}]',32,1),(318,'2024-08-01 07:01:46.645194','41','212',2,'[{\"changed\": {\"fields\": [\"Description\"]}}]',32,1),(319,'2024-08-01 07:02:06.153151','42','231',2,'[{\"changed\": {\"fields\": [\"Description\"]}}]',32,1),(320,'2024-08-01 07:02:16.188312','43','232',2,'[{\"changed\": {\"fields\": [\"Description\"]}}]',32,1),(321,'2024-08-01 07:03:28.292594','1','11',2,'[{\"changed\": {\"fields\": [\"Description\"]}}]',32,1),(322,'2024-08-01 07:03:36.624345','2','12',2,'[{\"changed\": {\"fields\": [\"Description\"]}}]',32,1),(323,'2024-08-01 07:03:54.570241','4','21',2,'[{\"changed\": {\"fields\": [\"Description\"]}}]',32,1),(324,'2024-08-01 07:04:04.362139','5','22',2,'[{\"changed\": {\"fields\": [\"Description\"]}}]',32,1),(325,'2024-08-01 07:04:12.195939','6','31',2,'[{\"changed\": {\"fields\": [\"Description\"]}}]',32,1),(326,'2024-08-01 07:04:19.825655','7','32',2,'[{\"changed\": {\"fields\": [\"Description\"]}}]',32,1),(327,'2024-08-01 07:04:29.765752','8','111',2,'[{\"changed\": {\"fields\": [\"Description\"]}}]',32,1),(328,'2024-08-01 07:06:09.604437','9','112',2,'[{\"changed\": {\"fields\": [\"Description\"]}}]',32,1),(329,'2024-08-01 07:06:22.222168','36','121',2,'[{\"changed\": {\"fields\": [\"Description\"]}}]',32,1),(330,'2024-08-01 07:06:37.803189','37','122',2,'[{\"changed\": {\"fields\": [\"Description\"]}}]',32,1),(331,'2024-08-01 07:07:24.284542','37','122',2,'[{\"changed\": {\"fields\": [\"Description\"]}}]',32,1),(332,'2024-08-01 07:07:34.075395','38','131',2,'[{\"changed\": {\"fields\": [\"Description\"]}}]',32,1),(333,'2024-08-01 07:07:42.410910','39','132',2,'[{\"changed\": {\"fields\": [\"Description\"]}}]',32,1),(334,'2024-08-01 07:08:17.475301','40','211',2,'[{\"changed\": {\"fields\": [\"Description\"]}}]',32,1),(335,'2024-08-01 07:09:44.411762','41','212',2,'[{\"changed\": {\"fields\": [\"Description\"]}}]',32,1),(336,'2024-08-01 07:10:52.315126','42','231',2,'[{\"changed\": {\"fields\": [\"Description\"]}}]',32,1),(337,'2024-08-01 07:10:59.182858','43','232',2,'[{\"changed\": {\"fields\": [\"Description\"]}}]',32,1),(338,'2024-08-01 10:50:31.725022','20','Cultural Diversity in the Workplace: Challenges and Opportunities',2,'[{\"changed\": {\"fields\": [\"Correction due date\"]}}]',19,1),(339,'2024-08-01 13:41:07.164581','14','author_a@gmail.com',2,'[{\"changed\": {\"fields\": [\"Groups\"]}}]',4,1),(340,'2024-08-01 13:45:02.273345','20','Draft',1,'[{\"added\": {}}]',11,1),(341,'2024-08-01 15:13:12.336736','10','mukesh@gmail.com',2,'[{\"changed\": {\"fields\": [\"Email address\"]}}]',4,1),(342,'2024-08-01 15:19:55.044207','10','Mukesh',3,'',20,1),(343,'2024-08-01 15:20:11.207745','13','title',2,'[{\"changed\": {\"fields\": [\"Invite status\"]}}]',23,1),(344,'2024-08-01 16:01:15.144826','21','title',2,'[{\"changed\": {\"fields\": [\"Article status\", \"Decision\", \"Admin comments\"]}}]',19,1),(345,'2024-08-01 16:02:25.378469','21','title',2,'[{\"changed\": {\"fields\": [\"Article status\", \"Decision\", \"Admin comments\"]}}]',19,1),(346,'2024-08-01 16:05:10.457125','21','title',2,'[{\"changed\": {\"fields\": [\"Article status\", \"Decision\", \"Admin comments\"]}}]',19,1),(347,'2024-08-01 16:07:35.419568','21','title',2,'[{\"changed\": {\"fields\": [\"Article status\", \"Decision\", \"Admin comments\"]}}]',19,1),(348,'2024-08-02 03:52:35.367441','21','title',2,'[{\"changed\": {\"fields\": [\"Article status\", \"Admin comments\", \"Payment date\"]}}]',19,1),(349,'2024-08-02 03:54:49.586741','21','title',2,'[{\"changed\": {\"fields\": [\"Article status\"]}}]',19,1),(350,'2024-08-02 03:55:40.824405','21','title',2,'[{\"changed\": {\"fields\": [\"Correction due date\"]}}]',19,1),(351,'2024-08-02 03:57:03.010396','3','title',3,'',27,1),(352,'2024-08-02 11:20:24.225684','4','MIT',1,'[{\"added\": {}}]',16,1),(353,'2024-08-02 11:30:52.331795','4','MIT',3,'',16,1),(354,'2024-08-02 11:33:22.902793','5','MIT',1,'[{\"added\": {}}]',16,1),(355,'2024-08-02 12:10:50.395104','5','MIT',3,'',16,1),(356,'2024-08-02 12:11:15.063688','6','mit',1,'[{\"added\": {}}]',16,1),(357,'2024-08-02 12:11:27.567170','6','mit',3,'',16,1),(358,'2024-08-03 04:04:31.546396','1','Human impact of bio-diversity',2,'[{\"changed\": {\"fields\": [\"Article status\"]}}]',19,1),(359,'2024-08-03 04:13:58.302849','1','Human impact of bio-diversity',2,'[{\"changed\": {\"fields\": [\"Article status\", \"Admin comments\"]}}]',19,1),(360,'2024-08-03 04:16:44.542266','3','Integrating AI in the Paper Submission and Review Process',2,'[{\"changed\": {\"fields\": [\"Article status\"]}}]',19,1),(361,'2024-08-03 04:16:52.560046','12','mohamad@gmail.com - Integrating AI in the Paper Submission and Review Process',3,'',30,1),(362,'2024-08-03 05:07:21.319185','5','Developing a Secure Online Platform for Research Paper Submissions',2,'[{\"changed\": {\"fields\": [\"Decision\"]}}]',19,1),(363,'2024-08-03 05:08:15.466641','2','The human AI',2,'[{\"changed\": {\"fields\": [\"Article status\", \"Admin comments\"]}}]',19,1),(364,'2024-08-03 05:23:19.631449','2','The human AI',2,'[{\"changed\": {\"fields\": [\"Article status\", \"Admin comments\"]}}]',19,1),(365,'2024-08-03 05:25:35.838005','2','The human AI',2,'[{\"changed\": {\"fields\": [\"Article status\", \"Admin comments\"]}}]',19,1),(366,'2024-08-03 05:30:32.400065','2','The human AI',2,'[{\"changed\": {\"fields\": [\"Article status\", \"Admin comments\"]}}]',19,1),(367,'2024-08-03 05:32:45.215822','2','The human AI',2,'[{\"changed\": {\"fields\": [\"Article status\", \"Admin comments\"]}}]',19,1),(368,'2024-08-03 05:35:34.328051','2','The human AI',2,'[{\"changed\": {\"fields\": [\"Article status\", \"Admin comments\"]}}]',19,1),(369,'2024-08-03 05:37:09.397391','2','The human AI',2,'[{\"changed\": {\"fields\": [\"Article status\", \"Admin comments\"]}}]',19,1),(370,'2024-08-03 06:04:05.344896','2','The human AI',2,'[{\"changed\": {\"fields\": [\"Article status\", \"Admin comments\"]}}]',19,1),(371,'2024-08-03 06:11:32.147745','2','The human AI',2,'[{\"changed\": {\"fields\": [\"Article status\", \"Admin comments\"]}}]',19,1),(372,'2024-08-03 06:15:09.340952','2','The human AI',2,'[{\"changed\": {\"fields\": [\"Article status\", \"Admin comments\"]}}]',19,1),(373,'2024-08-03 06:16:53.885318','2','The human AI',2,'[{\"changed\": {\"fields\": [\"Article status\", \"Admin comments\"]}}]',19,1),(374,'2024-08-03 06:17:54.387185','2','The human AI',2,'[{\"changed\": {\"fields\": [\"Article status\", \"Admin comments\"]}}]',19,1),(375,'2024-08-03 06:18:48.332069','2','The human AI',2,'[{\"changed\": {\"fields\": [\"Article status\", \"Admin comments\"]}}]',19,1),(376,'2024-08-03 08:31:01.841901','8','Automated Submission and Review System for Research Papers',2,'[{\"changed\": {\"fields\": [\"Article status\"]}}]',19,1),(377,'2024-08-03 08:32:04.550982','11','Enhancing Author Experience with Automated Submission Portals',2,'[{\"changed\": {\"fields\": [\"Article status\"]}}]',19,1),(378,'2024-08-03 09:14:54.012954','3','Integrating AI in the Paper Submission and Review Process',2,'[{\"changed\": {\"fields\": [\"Article status\", \"Admin comments\"]}}]',19,1),(379,'2024-08-03 09:15:24.573332','1','Human impact of bio-diversity',2,'[{\"changed\": {\"fields\": [\"Article status\", \"Admin comments\"]}}]',19,1),(380,'2024-08-03 09:16:19.353219','5','title',3,'',27,1),(381,'2024-08-03 09:19:46.693119','1','Human impact of bio-diversity',2,'[{\"changed\": {\"fields\": [\"Article status\"]}}]',19,1),(382,'2024-08-03 09:27:11.528955','1','Human impact of bio-diversity',2,'[{\"changed\": {\"fields\": [\"Article status\"]}}]',19,1),(383,'2024-08-03 09:29:37.189005','1','Human impact of bio-diversity',2,'[{\"changed\": {\"fields\": [\"Article status\", \"Admin comments\"]}}]',19,1),(384,'2024-08-03 09:30:29.075664','1','Human impact of bio-diversity',2,'[{\"changed\": {\"fields\": [\"Article status\", \"Admin comments\"]}}]',19,1),(385,'2024-08-03 10:17:08.405660','7','Automated Submission and Review System for Research Papers',3,'',27,1),(386,'2024-08-03 10:29:55.699986','8','Automated Submission and Review System for Research Papers',3,'',27,1),(387,'2024-08-03 10:29:59.516253','9','Automated Submission and Review System for Research Papers',3,'',27,1),(388,'2024-08-03 10:40:33.854110','5','Developing a Secure Online Platform for Research Paper Submissions',2,'[{\"changed\": {\"fields\": [\"Article status\", \"Admin comments\"]}}]',19,1),(389,'2024-08-03 10:41:16.016663','5','Developing a Secure Online Platform for Research Paper Submissions',2,'[{\"changed\": {\"fields\": [\"Article status\", \"Admin comments\"]}}]',19,1),(390,'2024-08-05 09:36:12.823731','22','Nanotechnology in Medicine: Innovations and Ethical Considerations',1,'[{\"added\": {}}]',19,1),(391,'2024-08-05 09:39:42.774317','23','Ethical Considerations in AI-Driven Healthcare Solutions: Balancing Innovation and Responsibility',1,'[{\"added\": {}}]',19,1),(392,'2024-08-05 09:43:13.345295','22','Nanotechnology in Medicine: Innovations and Ethical Considerations',2,'[{\"changed\": {\"fields\": [\"Final file\"]}}]',19,1),(393,'2024-08-05 09:43:24.759507','23','Ethical Considerations in AI-Driven Healthcare Solutions: Balancing Innovation and Responsibility',2,'[{\"changed\": {\"fields\": [\"Final file\"]}}]',19,1),(394,'2024-08-05 09:58:08.437241','11','lingash@gmail.com',2,'[{\"changed\": {\"fields\": [\"Groups\"]}}]',4,1),(395,'2024-08-05 09:58:27.987340','12','keerthi@gmail.com',2,'[{\"changed\": {\"fields\": [\"Groups\"]}}]',4,1),(396,'2024-08-05 10:16:38.583640','1','Minimun Revision',3,'',17,1),(397,'2024-08-05 10:16:42.608040','2','Major Revision',3,'',17,1),(398,'2024-08-05 10:17:08.846512','20','Nanotechnology in Medicine: Innovations and Ethical Considerations',2,'[{\"changed\": {\"fields\": [\"Invite status\"]}}]',23,1),(399,'2024-08-05 10:18:00.477002','22','Nanotechnology in Medicine: Innovations and Ethical Considerations',2,'[{\"changed\": {\"fields\": [\"Article status\"]}}]',19,1),(400,'2024-08-05 10:46:15.358828','13','Lingash',2,'[{\"changed\": {\"fields\": [\"Completion on\", \"Review recommendation\", \"Review comments\"]}}]',20,1),(401,'2024-08-05 10:46:27.080407','12','Keerthi',2,'[{\"changed\": {\"fields\": [\"Completion on\", \"Review recommendation\", \"Review comments\"]}}]',20,1),(402,'2024-08-05 10:46:52.124197','22','Nanotechnology in Medicine: Innovations and Ethical Considerations',2,'[{\"changed\": {\"fields\": [\"Article status\"]}}]',19,1),(403,'2024-08-06 04:20:20.660760','16','Advancements in Renewable Energy Technologies: A Review',2,'[]',19,1),(404,'2024-08-06 04:24:37.240335','7','mohamad@gmail.com - Advancements in Renewable Energy Technologies: A Review',3,'',30,1),(405,'2024-08-06 04:24:57.394175','6','Mukesh',3,'',20,1),(406,'2024-08-06 04:35:37.971459','16','Advancements in Renewable Energy Technologies: A Review',2,'[{\"changed\": {\"fields\": [\"Article status\"]}}]',19,1),(407,'2024-08-06 04:36:51.781957','6','Advancements in Renewable Energy Technologies: A Review',3,'',23,1),(408,'2024-08-06 04:40:44.207362','20','Nanotechnology in Medicine: Innovations and Ethical Considerations',2,'[{\"changed\": {\"fields\": [\"Invite status\"]}}]',23,1),(409,'2024-08-06 04:41:24.098079','20','Nanotechnology in Medicine: Innovations and Ethical Considerations',2,'[{\"changed\": {\"fields\": [\"Invite status\"]}}]',23,1),(410,'2024-08-06 04:41:47.638922','22','Advancements in Renewable Energy Technologies: A Review',2,'[{\"changed\": {\"fields\": [\"Invite status\"]}}]',23,1),(411,'2024-08-06 04:45:05.019568','22','Advancements in Renewable Energy Technologies: A Review',2,'[{\"changed\": {\"fields\": [\"Invite status\"]}}]',23,1),(412,'2024-08-06 04:45:58.730200','22','Advancements in Renewable Energy Technologies: A Review',2,'[{\"changed\": {\"fields\": [\"Invite status\"]}}]',23,1),(413,'2024-08-06 05:39:47.387015','22','Advancements in Renewable Energy Technologies: A Review',2,'[{\"changed\": {\"fields\": [\"Invite status\"]}}]',23,1),(414,'2024-08-06 05:51:08.228499','22','Advancements in Renewable Energy Technologies: A Review',2,'[{\"changed\": {\"fields\": [\"Invite status\"]}}]',23,1),(415,'2024-08-06 05:54:51.091383','22','Advancements in Renewable Energy Technologies: A Review',2,'[{\"changed\": {\"fields\": [\"Invite status\"]}}]',23,1),(416,'2024-08-06 05:55:53.399381','22','Advancements in Renewable Energy Technologies: A Review',2,'[{\"changed\": {\"fields\": [\"Invite status\"]}}]',23,1),(417,'2024-08-06 05:57:30.691709','22','Advancements in Renewable Energy Technologies: A Review',2,'[{\"changed\": {\"fields\": [\"Invite status\"]}}]',23,1),(418,'2024-08-06 06:06:32.821939','18','Lingash - Advancements in Renewable Energy Technologies: A Review',3,'',20,1),(419,'2024-08-06 06:06:32.835299','17','Lingash - Nanotechnology in Medicine: Innovations and Ethical Considerations',3,'',20,1),(420,'2024-08-06 06:06:32.845298','16','Lingash - Advancements in Renewable Energy Technologies: A Review',3,'',20,1),(421,'2024-08-06 06:06:32.857300','15','Lingash - Advancements in Renewable Energy Technologies: A Review',3,'',20,1),(422,'2024-08-06 06:14:36.931433','14','Lingash - Advancements in Renewable Energy Technologies: A Review',3,'',20,1),(423,'2024-08-06 06:14:36.944436','13','Lingash - Nanotechnology in Medicine: Innovations and Ethical Considerations',3,'',20,1),(424,'2024-08-06 06:14:36.956433','12','Keerthi - Nanotechnology in Medicine: Innovations and Ethical Considerations',3,'',20,1),(425,'2024-08-06 06:15:01.116185','23','Advancements in Renewable Energy Technologies: A Review',2,'[{\"changed\": {\"fields\": [\"Invite status\"]}}]',23,1),(426,'2024-08-06 06:15:07.320474','22','Advancements in Renewable Energy Technologies: A Review',2,'[{\"changed\": {\"fields\": [\"Invite status\"]}}]',23,1),(427,'2024-08-06 06:15:12.215418','21','Nanotechnology in Medicine: Innovations and Ethical Considerations',2,'[{\"changed\": {\"fields\": [\"Invite status\"]}}]',23,1),(428,'2024-08-06 06:15:18.744374','20','Nanotechnology in Medicine: Innovations and Ethical Considerations',2,'[{\"changed\": {\"fields\": [\"Invite status\"]}}]',23,1),(429,'2024-08-06 06:29:43.947058','20','Lingash - Nanotechnology in Medicine: Innovations and Ethical Considerations',2,'[{\"changed\": {\"fields\": [\"Invite status\"]}}]',23,1),(430,'2024-08-06 06:34:07.658917','20','Lingash - Nanotechnology in Medicine: Innovations and Ethical Considerations',2,'[{\"changed\": {\"fields\": [\"Invite status\"]}}]',23,1),(431,'2024-08-06 06:34:12.671587','22','Lingash - Advancements in Renewable Energy Technologies: A Review',2,'[{\"changed\": {\"fields\": [\"Invite status\"]}}]',23,1),(432,'2024-08-06 06:48:19.835593','3','Assigned',2,'[{\"changed\": {\"fields\": [\"Request status\"]}}]',17,1),(433,'2024-08-06 06:48:44.030602','4','Submitted',2,'[{\"changed\": {\"fields\": [\"Request status\"]}}]',17,1),(434,'2024-08-06 07:17:18.278284','22','Keerthi - Advancements in Renewable Energy Technologies: A Review',3,'',20,1),(435,'2024-08-06 07:17:18.290282','21','Lingash - Advancements in Renewable Energy Technologies: A Review',3,'',20,1),(436,'2024-08-06 07:17:29.695745','22','Lingash - Advancements in Renewable Energy Technologies: A Review',2,'[{\"changed\": {\"fields\": [\"Invite status\"]}}]',23,1),(437,'2024-08-06 07:17:33.858716','23','Keerthi - Advancements in Renewable Energy Technologies: A Review',2,'[{\"changed\": {\"fields\": [\"Invite status\"]}}]',23,1),(438,'2024-08-06 07:17:56.400567','16','Advancements in Renewable Energy Technologies: A Review',2,'[{\"changed\": {\"fields\": [\"Article status\"]}}]',19,1),(439,'2024-08-06 07:37:14.659009','24','title of title',1,'[{\"added\": {}}]',19,1),(440,'2024-08-06 12:43:32.401443','26','title  5',1,'[{\"added\": {}}]',19,1),(441,'2024-08-06 14:31:13.810574','2','mitung@gmail.com',2,'[{\"changed\": {\"fields\": [\"First name\", \"Last name\", \"Email address\"]}}]',4,1),(442,'2024-08-07 07:26:13.740480','19','Mukesh - Robotics in Manufacturing: Enhancing Efficiency and Precision',2,'[{\"changed\": {\"fields\": [\"Invite status\"]}}]',23,1),(443,'2024-08-07 07:27:53.355593','19','Mukesh - Robotics in Manufacturing: Enhancing Efficiency and Precision',2,'[{\"changed\": {\"fields\": [\"Invite status\"]}}]',23,1),(444,'2024-08-07 10:39:17.128458','27','Mukesh - Robotics in Manufacturing: Enhancing Efficiency and Precision',3,'',20,1),(445,'2024-08-07 10:39:17.141402','26','Mukesh - Robotics in Manufacturing: Enhancing Efficiency and Precision',3,'',20,1),(446,'2024-08-07 10:59:51.793909','7','SOS',3,'',16,1),(447,'2024-08-08 11:19:22.826512','13','Blockchain Technology: Enhancing Security and Transparency in Digital Transactions',2,'[{\"changed\": {\"fields\": [\"Article status\"]}}]',19,1),(448,'2024-08-08 11:19:43.078694','19','mohamad@gmail.com - Blockchain Technology: Enhancing Security and Transparency in Digital Transactions',3,'',30,1),(449,'2024-08-08 11:24:50.156195','18','mohamad@gmail.com - Blockchain Technology: Enhancing Security and Transparency in Digital Transactions',3,'',30,1),(450,'2024-08-08 11:42:42.768841','20','mohamad@gmail.com - Blockchain Technology: Enhancing Security and Transparency in Digital Transactions',3,'',30,1),(451,'2024-08-08 11:48:30.668803','21','mitung@gmail.com - Blockchain Technology: Enhancing Security and Transparency in Digital Transactions',3,'',30,1),(452,'2024-08-08 11:52:09.580212','22','mitung@gmail.com - Blockchain Technology: Enhancing Security and Transparency in Digital Transactions',3,'',30,1),(453,'2024-08-08 12:08:56.235888','13','Blockchain Technology: Enhancing Security and Transparency in Digital Transactions',2,'[{\"changed\": {\"fields\": [\"Article status\"]}}]',19,1),(454,'2024-08-09 14:43:28.506420','32','Night at the museum',2,'[{\"changed\": {\"fields\": [\"Article status\"]}}]',19,1),(455,'2024-08-09 14:43:39.733415','24','guru@gmail.com - Night at the museum',3,'',30,1),(456,'2024-08-09 15:20:44.074705','30','Mukesh - Night at the museum',3,'',20,1),(457,'2024-08-09 15:20:48.316619','29','Mukesh - Night at the museum',3,'',20,1),(458,'2024-08-09 15:21:12.413860','42','Mukesh - Night at the museum',2,'[{\"changed\": {\"fields\": [\"Invite status\"]}}]',23,1),(459,'2024-08-09 15:24:45.444221','42','Mukesh - Night at the museum',2,'[{\"changed\": {\"fields\": [\"Invite status\"]}}]',23,1),(460,'2024-08-09 15:25:20.748216','32','Mukesh - Night at the museum',3,'',20,1),(461,'2024-08-09 15:25:24.604035','31','Mukesh - Night at the museum',3,'',20,1),(462,'2024-08-09 15:47:47.188003','7','surya@gmail.com',2,'[{\"changed\": {\"fields\": [\"Email address\"]}}]',4,1),(463,'2024-08-09 15:48:28.796529','8','mohamad@gmail.com',2,'[{\"changed\": {\"fields\": [\"Email address\"]}}]',4,1),(464,'2024-08-09 15:50:14.344863','9','guru@gmail.com',2,'[{\"changed\": {\"fields\": [\"Email address\"]}}]',4,1),(465,'2024-08-09 15:50:42.342313','13','ajmal@gmail.com',2,'[{\"changed\": {\"fields\": [\"Email address\"]}}]',4,1),(466,'2024-08-09 16:41:00.883562','14','Robotics in Manufacturing: Enhancing Efficiency and Precision',2,'[{\"changed\": {\"fields\": [\"Article status\"]}}]',19,1),(467,'2024-08-09 16:44:33.608138','14','Robotics in Manufacturing: Enhancing Efficiency and Precision',2,'[]',19,1),(468,'2024-08-09 16:45:35.480407','25','Mukesh - Robotics in Manufacturing: Enhancing Efficiency and Precision',2,'[{\"changed\": {\"fields\": [\"Request status\", \"Review comments\"]}}]',20,1),(469,'2024-08-10 08:59:40.152680','13','Blockchain Technology: Enhancing Security and Transparency in Digital Transactions',2,'[{\"changed\": {\"fields\": [\"Article status\"]}}]',19,1),(470,'2024-08-10 09:00:22.455005','25','Mukesh - Robotics in Manufacturing: Enhancing Efficiency and Precision',2,'[{\"changed\": {\"fields\": [\"Request status\", \"Review comments\"]}}]',20,1),(471,'2024-08-10 09:00:36.316928','13','Blockchain Technology: Enhancing Security and Transparency in Digital Transactions',2,'[{\"changed\": {\"fields\": [\"Article status\"]}}]',19,1),(472,'2024-08-10 09:00:57.312925','14','Robotics in Manufacturing: Enhancing Efficiency and Precision',2,'[{\"changed\": {\"fields\": [\"Article status\"]}}]',19,1),(473,'2024-08-10 09:18:13.994328','14','Robotics in Manufacturing: Enhancing Efficiency and Precision',2,'[{\"changed\": {\"fields\": [\"Final file\"]}}]',19,1),(474,'2024-08-10 09:31:53.487996','30','sivakali',2,'[{\"changed\": {\"fields\": [\"Final file\"]}}]',19,1),(475,'2024-08-10 09:32:04.430881','28','title',2,'[{\"changed\": {\"fields\": [\"Final file\"]}}]',19,1),(476,'2024-08-10 09:32:14.044881','29','scds',2,'[{\"changed\": {\"fields\": [\"Final file\"]}}]',19,1),(477,'2024-08-10 09:32:22.736829','31','gjfjj',2,'[{\"changed\": {\"fields\": [\"Final file\"]}}]',19,1),(478,'2024-08-10 09:32:33.033235','25','title 2',2,'[{\"changed\": {\"fields\": [\"Final file\"]}}]',19,1),(479,'2024-08-10 09:33:31.974666','12','Submit, Review, Publish: The Future of Academic Research',2,'[{\"changed\": {\"fields\": [\"Final file\"]}}]',19,1),(480,'2024-08-10 10:44:30.597353','27','Climate Change Mitigation: Strategies and Solutions',2,'[{\"changed\": {\"fields\": [\"Journal\"]}}]',19,1),(481,'2024-08-10 10:44:54.605580','16','Advancements in Renewable Energy Technologies: A Review',2,'[{\"changed\": {\"fields\": [\"Journal\"]}}]',19,1),(482,'2024-08-10 10:52:11.709637','21','selva@gmail.com',2,'[{\"changed\": {\"fields\": [\"Username\", \"Email address\"]}}]',4,1),(483,'2024-08-10 11:49:34.278901','1','Human impact of bio-diversity',2,'[{\"changed\": {\"fields\": [\"Article status\", \"Admin comments\"]}}]',19,1),(484,'2024-08-10 11:49:47.147293','3','Integrating AI in the Paper Submission and Review Process',2,'[{\"changed\": {\"fields\": [\"Article status\", \"Admin comments\"]}}]',19,1),(485,'2024-08-10 11:50:54.488892','1','Human impact of bio-diversity',2,'[{\"changed\": {\"fields\": [\"Article status\", \"Admin comments\"]}}]',19,1),(486,'2024-08-10 11:51:08.967810','5','Developing a Secure Online Platform for Research Paper Submissions',2,'[{\"changed\": {\"fields\": [\"Article status\"]}}]',19,1),(487,'2024-08-12 03:38:28.910107','14','Robotics in Manufacturing: Enhancing Efficiency and Precision',2,'[{\"changed\": {\"fields\": [\"Article status\"]}}]',19,1),(488,'2024-08-12 03:38:46.786870','19','Mukesh - Robotics in Manufacturing: Enhancing Efficiency and Precision',2,'[{\"changed\": {\"fields\": [\"Invite status\"]}}]',23,1),(489,'2024-08-12 03:39:42.426458','25','Mukesh - Robotics in Manufacturing: Enhancing Efficiency and Precision',2,'[]',20,1),(490,'2024-08-12 03:39:49.308659','25','Mukesh - Robotics in Manufacturing: Enhancing Efficiency and Precision',3,'',20,1),(491,'2024-08-12 03:40:10.066086','19','Mukesh - Robotics in Manufacturing: Enhancing Efficiency and Precision',2,'[{\"changed\": {\"fields\": [\"Invite status\"]}}]',23,1),(492,'2024-08-12 03:42:34.124664','35','Mukesh - Robotics in Manufacturing: Enhancing Efficiency and Precision',3,'',20,1),(493,'2024-08-12 03:42:45.673471','19','Mukesh - Robotics in Manufacturing: Enhancing Efficiency and Precision',2,'[{\"changed\": {\"fields\": [\"Invite status\"]}}]',23,1),(494,'2024-08-12 03:44:27.377981','1','Human impact of bio-diversity',2,'[{\"changed\": {\"fields\": [\"Article status\", \"Admin comments\"]}}]',19,1),(495,'2024-08-13 07:00:33.324894','23','mitun',1,'[{\"added\": {}}]',4,1),(496,'2024-08-13 07:00:41.728859','23','mitun',2,'[{\"changed\": {\"fields\": [\"Staff status\", \"Superuser status\"]}}]',4,1),(497,'2024-08-13 10:28:55.308046','36','title',2,'[{\"changed\": {\"fields\": [\"Article status\", \"Decision\", \"Admin comments\"]}}]',19,1),(498,'2024-08-13 10:40:41.489018','28','title',2,'[{\"changed\": {\"fields\": [\"Article status\"]}}]',19,1),(499,'2024-08-13 10:44:55.961710','28','title',2,'[{\"changed\": {\"fields\": [\"Article status\"]}}]',19,1),(500,'2024-08-13 10:48:34.627764','28','title',2,'[{\"changed\": {\"fields\": [\"Article status\"]}}]',19,1),(501,'2024-08-13 10:53:39.475615','28','title',2,'[{\"changed\": {\"fields\": [\"Article status\"]}}]',19,1),(502,'2024-08-13 10:54:22.921310','28','title',2,'[{\"changed\": {\"fields\": [\"Article status\"]}}]',19,1),(503,'2024-08-13 10:55:43.166749','28','title',2,'[{\"changed\": {\"fields\": [\"Article status\"]}}]',19,1),(504,'2024-08-13 10:59:14.046272','28','title',2,'[{\"changed\": {\"fields\": [\"Article status\"]}}]',19,1),(505,'2024-08-13 11:11:22.325873','10','mukesh@gmail.com',2,'[{\"changed\": {\"fields\": [\"Groups\"]}}]',4,1),(506,'2024-08-14 05:32:03.280114','24','20csa24@karpagamtech.ac.in',3,'',4,1),(507,'2024-08-14 07:29:36.996741','26','adhul@gmail.com',3,'',4,1),(508,'2024-08-14 08:42:38.355561','28','title',2,'[{\"changed\": {\"fields\": [\"Article status\"]}}]',19,1),(509,'2024-08-14 08:42:57.967212','27','guru@gmail.com - title',3,'',30,1),(510,'2024-08-14 08:47:44.258555','36','title',2,'[{\"changed\": {\"fields\": [\"Article status\", \"Admin comments\"]}}]',19,1),(511,'2024-08-14 09:03:43.520992','14','Robotics in Manufacturing: Enhancing Efficiency and Precision',2,'[{\"changed\": {\"fields\": [\"Article status\"]}}]',19,1),(512,'2024-08-14 09:04:13.383815','36','Mukesh - Robotics in Manufacturing: Enhancing Efficiency and Precision',2,'[{\"changed\": {\"fields\": [\"Request status\", \"Review comments\"]}}]',20,1),(513,'2024-08-14 09:04:57.412507','36','Mukesh - Robotics in Manufacturing: Enhancing Efficiency and Precision',2,'[{\"changed\": {\"fields\": [\"Request status\", \"Review comments\"]}}]',20,1),(514,'2024-08-14 09:06:42.893435','14','Robotics in Manufacturing: Enhancing Efficiency and Precision',2,'[{\"changed\": {\"fields\": [\"Article status\"]}}]',19,1),(515,'2024-08-14 09:10:06.905763','2','The human AI',2,'[{\"changed\": {\"fields\": [\"Article status\", \"Admin comments\"]}}]',19,1),(516,'2024-08-14 09:13:01.321852','36','title',2,'[{\"changed\": {\"fields\": [\"Article status\"]}}]',19,1),(517,'2024-08-14 09:13:50.228468','36','title',2,'[{\"changed\": {\"fields\": [\"Article status\"]}}]',19,1),(518,'2024-08-14 09:14:47.541139','36','title',2,'[{\"changed\": {\"fields\": [\"Article status\"]}}]',19,1),(519,'2024-08-14 09:15:33.051875','36','title',2,'[{\"changed\": {\"fields\": [\"Article status\"]}}]',19,1),(520,'2024-08-14 09:18:46.048751','36','title',2,'[{\"changed\": {\"fields\": [\"Article status\"]}}]',19,1),(521,'2024-08-14 09:22:16.870147','36','title',2,'[{\"changed\": {\"fields\": [\"Article status\"]}}]',19,1),(522,'2024-08-14 09:34:24.164459','36','title',2,'[{\"changed\": {\"fields\": [\"Article status\"]}}]',19,1),(523,'2024-08-14 09:37:27.985758','36','title',2,'[{\"changed\": {\"fields\": [\"Article status\"]}}]',19,1),(524,'2024-08-14 11:26:25.144128','29','safety system',2,'[{\"changed\": {\"fields\": [\"Article status\", \"Admin comments\"]}}]',19,1),(525,'2024-08-14 11:32:34.052190','29','safety system',2,'[{\"changed\": {\"fields\": [\"Manuscript id\"]}}]',19,1),(526,'2024-08-16 06:33:24.640305','28','luccas9655@gmail.com',3,'',4,1),(527,'2024-09-06 09:27:16.987502','25','Street light fault detection',2,'[{\"changed\": {\"fields\": [\"Article status\"]}}]',19,1),(528,'2024-09-06 09:27:59.323455','25','Street light fault detection',2,'[{\"changed\": {\"fields\": [\"Article status\"]}}]',19,1),(529,'2024-09-06 09:30:42.534083','25','Street light fault detection',2,'[{\"changed\": {\"fields\": [\"Article status\"]}}]',19,1),(530,'2024-09-06 09:35:42.954614','25','Street light fault detection',2,'[]',19,1),(531,'2024-09-06 09:39:49.405531','39','Street light fault detection',2,'[{\"changed\": {\"fields\": [\"File\"]}}]',33,1),(532,'2024-09-06 09:42:22.512173','39','Street light fault detection',2,'[{\"changed\": {\"fields\": [\"File\"]}}]',33,1),(533,'2024-09-06 09:43:00.824326','25','Street light fault detection',2,'[{\"changed\": {\"fields\": [\"Article status\"]}}]',19,1),(534,'2024-09-06 09:44:51.621301','17','Street light fault detection',2,'[]',31,1),(535,'2024-09-06 10:49:12.704855','39','Street light fault detection',3,'',33,1),(536,'2024-09-16 04:18:05.662896','19','The Role of Renewable Energy in Reducing Carbon Footprints',2,'[{\"changed\": {\"fields\": [\"Admin comments\", \"Plag report\"]}}]',19,1),(537,'2024-09-16 04:34:03.741308','19','The Role of Renewable Energy in Reducing Carbon Footprints',2,'[{\"changed\": {\"fields\": [\"Final file\"]}}]',19,1),(538,'2024-09-16 04:34:39.206305','19','The Role of Renewable Energy in Reducing Carbon Footprints',2,'[{\"changed\": {\"fields\": [\"Copyright file\"]}}]',19,1),(539,'2024-09-16 06:19:55.500558','19','The Role of Renewable Energy in Reducing Carbon Footprints',2,'[{\"changed\": {\"fields\": [\"Additional file\"]}}]',19,1),(540,'2024-09-16 06:20:12.951637','32','Night at the museum',2,'[{\"changed\": {\"fields\": [\"Admin comments\", \"Additional file\"]}}]',19,1),(541,'2024-09-17 05:21:57.264407','5','Human AI',2,'[{\"changed\": {\"fields\": [\"Title\", \"File\"]}}]',33,1),(542,'2024-09-18 06:39:37.659697','32','Night at the museum',2,'[{\"changed\": {\"fields\": [\"Article status\"]}}]',19,1),(543,'2024-09-24 11:23:18.991743','10','mukesh@gmail.com',2,'[{\"changed\": {\"fields\": [\"Groups\"]}}]',4,1),(544,'2024-09-26 09:39:02.836379','40','Street light fault detection',2,'[{\"changed\": {\"fields\": [\"Published on date\"]}}]',33,1),(545,'2024-09-26 09:39:10.799277','41','Fuzzy Strong n-Inner Product Space',2,'[{\"changed\": {\"fields\": [\"Title\"]}}]',33,1),(546,'2024-09-26 09:39:16.717842','38','safety system',2,'[{\"changed\": {\"fields\": [\"Published on date\"]}}]',33,1),(547,'2024-09-26 09:39:22.318806','38','safety system',2,'[]',33,1),(548,'2024-09-26 09:39:31.356732','37','direct publish test 233',2,'[{\"changed\": {\"fields\": [\"Published on date\"]}}]',33,1),(549,'2024-09-26 09:40:17.037424','40','Street light fault detection',2,'[{\"changed\": {\"fields\": [\"Abstract\", \"Author\"]}}]',33,1),(550,'2024-09-26 09:41:12.368253','34','Optimizing Submission Management for Scientific Journals',2,'[{\"changed\": {\"fields\": [\"Title\", \"Abstract\", \"File\"]}}]',33,1),(551,'2024-09-26 09:42:05.440689','38','safety system',2,'[{\"changed\": {\"fields\": [\"Title\", \"File\"]}}]',33,1),(552,'2024-09-26 09:43:17.778200','41','Fuzzy Strong n-Inner Product Space',2,'[]',33,1),(553,'2024-09-26 11:29:54.954502','42','Fuzzy Strong n-Inner Product Space',2,'[{\"changed\": {\"fields\": [\"Download count\", \"Title\", \"Abstract\"]}}]',33,1),(554,'2024-09-26 11:30:02.513749','40','Street light fault detection',2,'[{\"changed\": {\"fields\": [\"Download count\"]}}]',33,1),(555,'2024-09-26 11:30:51.318445','6','Integrating AI in the Paper Submission and Review Process',2,'[{\"changed\": {\"fields\": [\"Download count\", \"Title\", \"Abstract\", \"Author\", \"File\"]}}]',33,1),(556,'2024-09-26 11:54:30.586789','42','Fuzzy Strong n-Inner Product Space',2,'[{\"changed\": {\"fields\": [\"Download count\"]}}]',33,1),(557,'2024-09-26 11:54:41.610384','40','Street light fault detection',2,'[{\"changed\": {\"fields\": [\"Download count\"]}}]',33,1),(558,'2024-09-26 11:54:49.924270','6','Integrating AI in the Paper Submission and Review Process',2,'[{\"changed\": {\"fields\": [\"Download count\"]}}]',33,1),(559,'2024-09-26 12:06:27.897519','33','title',2,'[{\"changed\": {\"fields\": [\"Title\", \"File\"]}}]',33,1),(560,'2024-09-26 12:20:19.583522','33','title',2,'[{\"changed\": {\"fields\": [\"Download count\"]}}]',33,1),(561,'2024-09-26 12:20:37.821147','1','Fiction Science ok',2,'[{\"changed\": {\"fields\": [\"Title\", \"File\"]}}]',33,1),(562,'2024-09-26 12:20:51.157140','2','Human impacts',2,'[{\"changed\": {\"fields\": [\"Title\"]}}]',33,1),(563,'2024-09-26 12:20:56.346703','5','Human AI',2,'[]',33,1),(564,'2024-09-26 12:21:02.611001','2','Human impacts',2,'[{\"changed\": {\"fields\": [\"File\"]}}]',33,1),(565,'2024-09-26 12:21:07.154955','6','Integrating AI in the Paper Submission and Review Process',2,'[]',33,1),(566,'2024-09-26 12:21:09.782330','33','title',2,'[]',33,1),(567,'2024-09-26 12:21:12.486687','34','Optimizing Submission Management for Scientific Journals',2,'[]',33,1),(568,'2024-09-26 12:21:15.351356','37','direct publish test 233',2,'[]',33,1),(569,'2024-09-26 12:21:42.822100','5','Human AI',2,'[{\"changed\": {\"fields\": [\"File\"]}}]',33,1),(570,'2024-09-26 12:22:55.384231','32','Smart Cities: Integrating Technology for Sustainable Urban Living',2,'[{\"changed\": {\"fields\": [\"Title\", \"File\"]}}]',33,1),(571,'2024-09-26 12:24:12.332664','36','title',2,'[{\"changed\": {\"fields\": [\"Final file\"]}}]',19,1),(572,'2024-09-26 12:24:25.925608','29','safety system',2,'[{\"changed\": {\"fields\": [\"Final file\"]}}]',19,1),(573,'2024-09-26 12:24:38.692262','15','Smart Cities: Integrating Technology for Sustainable Urban Living',2,'[{\"changed\": {\"fields\": [\"Final file\"]}}]',19,1),(574,'2024-09-26 12:34:59.079314','34','Optimizing Submission Management for Scientific Journals',3,'',33,1),(575,'2024-09-26 12:34:59.079314','32','Smart Cities: Integrating Technology for Sustainable Urban Living',3,'',33,1),(576,'2024-09-26 12:34:59.079314','5','Human AI',3,'',33,1),(577,'2024-10-18 07:39:46.375095','2','The human AI',2,'[{\"changed\": {\"fields\": [\"Final file\"]}}]',19,1),(578,'2024-10-25 06:58:06.238951','14','midung2015@gmail.com',3,'',10,1),(579,'2024-10-25 06:58:36.555682','34','midhung2015@gmail.com',2,'[{\"changed\": {\"fields\": [\"password\"]}}]',4,1),(580,'2024-10-25 07:01:31.950053','7','surya@gmail.com',2,'[{\"changed\": {\"fields\": [\"Email address\"]}}]',4,1),(581,'2024-10-25 07:09:10.123820','14','author_a@gmail.com',2,'[{\"changed\": {\"fields\": [\"Email address\"]}}]',4,1),(582,'2024-10-25 07:21:55.276131','15','kumar@gmail.com',2,'[{\"changed\": {\"fields\": [\"Username\"]}}]',4,1),(583,'2024-10-25 07:31:38.945366','18','eshwar@gmail.com',2,'[{\"changed\": {\"fields\": [\"Username\"]}}]',4,1),(584,'2024-10-25 08:23:07.934199','34','midhung2015@gmail.com',2,'[{\"changed\": {\"fields\": [\"Active\"]}}]',4,1),(585,'2024-10-25 08:25:11.295713','34','midhung2015@gmail.com',2,'[{\"changed\": {\"fields\": [\"Groups\"]}}]',4,1),(586,'2024-11-06 05:54:09.866866','11','Enhancing Author Experience with Automated Submission Portals',2,'[{\"changed\": {\"fields\": [\"Journal\"]}}]',19,1),(587,'2024-11-06 06:30:52.333032','3','Article',2,'[{\"changed\": {\"fields\": [\"Article type\"]}}]',12,1),(588,'2024-11-06 06:31:53.150001','3','Article',2,'[]',12,1),(589,'2024-11-07 10:15:05.628995','1','Human impact of bio-diversity',2,'[{\"changed\": {\"fields\": [\"Final file\", \"Admin comments\"]}}]',19,1),(590,'2024-11-07 10:36:08.121985','34','midhung2015@gmail.com',2,'[{\"changed\": {\"fields\": [\"Active\"]}}]',4,1),(591,'2024-11-07 12:15:10.787507','30','sivakali',2,'[{\"changed\": {\"fields\": [\"Article status\", \"Admin comments\", \"Payment date\"]}}]',19,1),(592,'2024-11-07 12:18:48.729896','30','sivakali',2,'[{\"changed\": {\"fields\": [\"Manuscript id\"]}}]',19,1),(593,'2024-11-07 12:19:34.273729','30','sivakali',2,'[{\"changed\": {\"fields\": [\"Manuscript id\"]}}]',19,1),(594,'2024-11-08 04:37:07.829238','3','Survay and Review',2,'[{\"changed\": {\"fields\": [\"Catagory\"]}}]',13,1),(595,'2024-11-08 04:37:22.898705','2','Article',2,'[{\"changed\": {\"fields\": [\"Catagory\"]}}]',13,1),(596,'2024-11-08 04:38:17.752762','1','Editorial',2,'[{\"changed\": {\"fields\": [\"Catagory\"]}}]',13,1),(597,'2024-11-13 03:20:30.567599','2','KJCS',2,'[{\"changed\": {\"fields\": [\"Title\"]}}]',16,1),(598,'2024-11-13 03:22:06.680812','2','JCS',2,'[{\"changed\": {\"fields\": [\"Title\"]}}]',16,1),(599,'2024-11-14 07:36:33.019903','41','Engineering',3,'',19,1),(600,'2024-11-14 07:37:06.297712','37','checking',3,'',19,1),(601,'2024-11-14 10:34:17.546838','42','Biotechnology',3,'',19,1),(602,'2024-11-14 10:43:22.720309','43','Biotechnology',2,'[{\"changed\": {\"fields\": [\"Manuscript id\"]}}]',19,1),(603,'2024-11-14 11:29:54.054041','44','ok',3,'',19,1),(604,'2024-11-14 11:29:54.054041','43','Biotechnology',3,'',19,1),(605,'2024-11-14 11:30:58.501477','40','right',2,'[{\"changed\": {\"fields\": [\"Manuscript id\"]}}]',19,1),(606,'2024-11-14 12:00:18.565193','40','right',3,'',19,1),(607,'2024-11-14 12:02:58.488363','47','KJCS-2024-11-12',1,'[{\"added\": {}}]',19,1),(608,'2024-11-14 12:03:18.466621','47','enna da',2,'[{\"changed\": {\"fields\": [\"Title\", \"Manuscript id\"]}}]',19,1),(609,'2024-11-14 12:11:03.820221','49','paru nala2',2,'[{\"changed\": {\"fields\": [\"Manuscript id\"]}}]',19,1),(610,'2024-11-18 11:54:46.879329','27','Climate Change Mitigation: Strategies and Solutions',2,'[{\"changed\": {\"fields\": [\"Article status\"]}}]',19,1),(611,'2024-11-18 11:55:51.081655','1','Human impact of bio-diversity',2,'[{\"changed\": {\"fields\": [\"Article status\"]}}]',19,1),(612,'2024-11-18 11:57:44.909591','1','Human impact of bio-diversity',2,'[{\"changed\": {\"fields\": [\"Article status\", \"Admin comments\"]}}]',19,1),(613,'2024-11-18 11:58:16.335903','27','Climate Change Mitigation: Strategies and Solutions',2,'[{\"changed\": {\"fields\": [\"Article status\", \"Admin comments\"]}}]',19,1),(614,'2024-11-18 11:59:24.352405','27','Climate Change Mitigation: Strategies and Solutions',2,'[{\"changed\": {\"fields\": [\"Article status\", \"Admin comments\"]}}]',19,1),(615,'2024-11-19 10:37:40.128080','37','direct publish test 233',2,'[{\"changed\": {\"fields\": [\"File\"]}}]',33,1),(616,'2025-02-26 11:16:42.928539','19','The Role of Renewable Energy in Reducing Carbon Footprints',2,'[{\"changed\": {\"fields\": [\"Article status\"]}}]',19,1),(617,'2025-02-28 09:01:17.606926','42','Mukesh - Night at the museum',2,'[{\"changed\": {\"fields\": [\"Invite status\"]}}]',23,1),(618,'2025-03-05 11:13:09.784641','43','mitung62@gmail.com',2,'[{\"changed\": {\"fields\": [\"Groups\"]}}]',4,1),(619,'2025-03-05 11:27:24.267638','43','mitung62@gmail.com',2,'[{\"changed\": {\"fields\": [\"Groups\"]}}]',4,1),(620,'2025-03-05 11:28:12.248259','43','mitung62@gmail.com',2,'[{\"changed\": {\"fields\": [\"Groups\"]}}]',4,1),(621,'2025-03-05 11:32:51.287811','43','mitung62@gmail.com',2,'[{\"changed\": {\"fields\": [\"Groups\"]}}]',4,1),(622,'2025-03-05 11:34:42.685245','43','mitung62@gmail.com',2,'[{\"changed\": {\"fields\": [\"Groups\"]}}]',4,1),(623,'2025-03-05 11:35:26.142546','43','mitung62@gmail.com',2,'[{\"changed\": {\"fields\": [\"Groups\"]}}]',4,1),(624,'2025-03-05 11:35:57.012528','43','mitung62@gmail.com',2,'[{\"changed\": {\"fields\": [\"Groups\"]}}]',4,1),(625,'2025-03-10 06:38:42.658984','49','paru nala2',2,'[{\"changed\": {\"fields\": [\"Article status\"]}}]',19,1),(626,'2025-03-10 06:39:05.558228','13','Blockchain Technology: Enhancing Security and Transparency in Digital Transactions',2,'[{\"changed\": {\"fields\": [\"Article status\"]}}]',19,1),(627,'2025-03-11 12:15:21.023430','5','Developing a Secure Online Platform for Research Paper Submissions',2,'[{\"changed\": {\"fields\": [\"Article status\", \"Admin comments\"]}}]',19,1),(628,'2025-03-11 12:16:06.605727','40','Mukesh - Developing a Secure Online Platform for Research Paper Submissions',3,'',20,1),(629,'2025-03-11 12:16:36.999541','5','Developing a Secure Online Platform for Research Paper Submissions',2,'[{\"changed\": {\"fields\": [\"Article status\"]}}]',19,1),(630,'2025-03-11 12:16:54.951760','45','Mukesh - Developing a Secure Online Platform for Research Paper Submissions',2,'[{\"changed\": {\"fields\": [\"Invite status\"]}}]',23,1),(631,'2025-03-11 12:24:18.464837','45','Mukesh - Developing a Secure Online Platform for Research Paper Submissions',2,'[{\"changed\": {\"fields\": [\"Invite status\"]}}]',23,1),(632,'2025-03-11 12:24:42.684359','41','Mukesh - Developing a Secure Online Platform for Research Paper Submissions',3,'',20,1),(633,'2025-03-11 12:25:16.729915','5','Developing a Secure Online Platform for Research Paper Submissions',2,'[{\"changed\": {\"fields\": [\"Article status\"]}}]',19,1),(634,'2025-03-11 12:49:21.604674','5','Developing a Secure Online Platform for Research Paper Submissions',2,'[{\"changed\": {\"fields\": [\"Article status\"]}}]',19,1),(635,'2025-03-11 12:49:40.484537','42','Mukesh - Developing a Secure Online Platform for Research Paper Submissions',3,'',20,1),(636,'2025-03-11 12:49:55.107435','45','Mukesh - Developing a Secure Online Platform for Research Paper Submissions',2,'[{\"changed\": {\"fields\": [\"Invite status\"]}}]',23,1),(637,'2025-03-11 12:52:33.861819','45','Mukesh - Developing a Secure Online Platform for Research Paper Submissions',2,'[{\"changed\": {\"fields\": [\"Invite status\"]}}]',23,1),(638,'2025-03-11 12:52:39.934397','43','Mukesh - Developing a Secure Online Platform for Research Paper Submissions',3,'',20,1),(639,'2025-03-11 12:53:30.454099','5','Developing a Secure Online Platform for Research Paper Submissions',2,'[{\"changed\": {\"fields\": [\"Article status\"]}}]',19,1),(640,'2025-03-11 12:56:01.578429','5','Developing a Secure Online Platform for Research Paper Submissions',2,'[{\"changed\": {\"fields\": [\"Article status\"]}}]',19,1),(641,'2025-03-11 12:56:09.710715','44','Mukesh - Developing a Secure Online Platform for Research Paper Submissions',3,'',20,1),(642,'2025-03-11 12:56:22.904652','45','Mukesh - Developing a Secure Online Platform for Research Paper Submissions',2,'[{\"changed\": {\"fields\": [\"Invite status\"]}}]',23,1),(643,'2025-03-11 13:00:09.328392','5','Developing a Secure Online Platform for Research Paper Submissions',2,'[{\"changed\": {\"fields\": [\"Article status\"]}}]',19,1),(644,'2025-03-13 09:53:09.641954','23','mitun',2,'[{\"changed\": {\"fields\": [\"First name\", \"Last name\"]}}]',4,1),(645,'2025-03-28 12:06:12.898288','8','mukesh@gmail.com',2,'[{\"changed\": {\"fields\": [\"Mobile no\"]}}]',10,1),(646,'2025-03-28 12:06:27.588431','1','author_a@gmail.com',2,'[{\"changed\": {\"fields\": [\"Mobile no\"]}}]',10,1),(647,'2025-04-22 06:36:02.314701','14','author_a@gmail.com',2,'[{\"changed\": {\"fields\": [\"password\"]}}]',4,1),(648,'2025-05-06 06:52:21.956786','1','author_a@gmail.com',2,'[{\"changed\": {\"fields\": [\"City\", \"Is reviewer\"]}}]',10,1),(649,'2025-05-06 06:55:05.799802','16','author_c@gmail.com',2,'[{\"changed\": {\"fields\": [\"Groups\"]}}]',4,1),(650,'2025-05-20 08:40:18.773161','45','KARPAGAM JCM',2,'[{\"changed\": {\"fields\": [\"Area\"]}}]',33,1),(651,'2025-05-20 08:40:25.459747','44','Transmitter-Based Filters for Interference Mitigation under Imperfect Channel Conditions for the Fdd/Ds-Cdma Systems',2,'[{\"changed\": {\"fields\": [\"Area\"]}}]',33,1),(652,'2025-05-20 08:40:32.409008','43','Enhancing Author Experience with Automated Submission Portals',2,'[{\"changed\": {\"fields\": [\"Area\"]}}]',33,1),(653,'2025-05-20 08:40:38.569564','42','Fuzzy Strong n-Inner Product Space',2,'[{\"changed\": {\"fields\": [\"Area\"]}}]',33,1),(654,'2025-05-20 08:40:45.636693','41','Fuzzy Strong n-Inner Product Space',2,'[{\"changed\": {\"fields\": [\"Area\"]}}]',33,1),(655,'2025-05-20 08:40:55.426324','40','Street light fault detection',2,'[{\"changed\": {\"fields\": [\"Area\"]}}]',33,1),(656,'2025-05-20 08:41:04.150755','38','safety system',2,'[{\"changed\": {\"fields\": [\"Area\"]}}]',33,1),(657,'2025-05-20 08:41:10.870440','37','direct publish test 233',2,'[{\"changed\": {\"fields\": [\"Area\"]}}]',33,1),(658,'2025-05-20 08:41:27.977487','35','qwerwf',2,'[{\"changed\": {\"fields\": [\"Area\"]}}]',33,1),(659,'2025-05-20 08:41:35.263320','33','title',2,'[{\"changed\": {\"fields\": [\"Area\"]}}]',33,1),(660,'2025-05-20 08:41:41.199242','7','Title 6',2,'[{\"changed\": {\"fields\": [\"Area\"]}}]',33,1),(661,'2025-05-20 08:41:47.915318','1','Fiction Science ok',2,'[{\"changed\": {\"fields\": [\"Area\"]}}]',33,1),(662,'2025-05-20 08:41:54.157748','2','Human impacts',2,'[{\"changed\": {\"fields\": [\"Area\"]}}]',33,1),(663,'2025-05-20 08:41:59.044272','7','Title 6',2,'[]',33,1),(664,'2025-05-20 08:42:05.425214','33','title',2,'[]',33,1),(665,'2025-05-20 08:47:26.305198','40','Street light fault detection',2,'[{\"changed\": {\"fields\": [\"Area\"]}}]',33,1),(666,'2025-05-26 07:57:27.829646','1','admin',2,'[{\"changed\": {\"fields\": [\"First name\", \"Email address\"]}}]',4,1),(667,'2025-06-02 11:09:44.507487','2','Whats',1,'[{\"added\": {}}]',39,1),(668,'2025-06-02 11:09:50.294227','2','Whatsapp',2,'[{\"changed\": {\"fields\": [\"Name\"]}}]',39,1),(669,'2025-06-02 11:09:57.129608','3','SMS',1,'[{\"added\": {}}]',39,1),(670,'2025-06-02 11:10:01.736638','4','Email',1,'[{\"added\": {}}]',39,1),(671,'2025-06-02 11:51:17.429049','46','inbairepute@gmail.com',3,'',4,1),(672,'2025-06-02 11:59:36.981870','47','inbarepute@gmail.com',3,'',4,1),(673,'2025-06-02 12:01:42.756543','48','inbarepute@gmail.com',3,'',4,1),(674,'2025-06-02 12:41:13.736670','56','hjgchmg@gmail.com',3,'',4,1),(675,'2025-06-02 12:41:13.736670','54','kjhvkjh@gmail.com',3,'',4,1),(676,'2025-06-02 12:41:13.736670','53','nhgdfcjh@gmail.com',3,'',4,1),(677,'2025-06-02 12:41:13.736670','55','sdfgvszd@gmail.com',3,'',4,1),(678,'2025-06-06 07:08:55.884396','7','oss.Submission.None - Artificial Intelligence',2,'[{\"changed\": {\"fields\": [\"Reviewer\"]}}]',22,1),(679,'2025-06-06 07:09:05.607512','14','oss.Submission.None - CSE',2,'[{\"changed\": {\"fields\": [\"Reviewer\"]}}]',22,1),(680,'2025-06-06 07:09:16.044207','12','oss.Submission.None - Economic',2,'[{\"changed\": {\"fields\": [\"Reviewer\"]}}]',22,1),(681,'2025-06-06 07:09:55.301966','8','oss.Submission.None - Economic',2,'[{\"changed\": {\"fields\": [\"Reviewer\"]}}]',22,1),(682,'2025-06-06 07:34:50.492425','33','Title in AI',2,'[{\"changed\": {\"fields\": [\"Article status\", \"Admin comments\"]}}]',19,1),(683,'2025-06-06 09:17:15.549360','1','FeedbackType object (1)',1,'[{\"added\": {}}]',43,1),(684,'2025-06-06 09:17:27.140715','2','FeedbackType object (2)',1,'[{\"added\": {}}]',43,1),(685,'2025-06-06 09:17:38.499978','3','FeedbackType object (3)',1,'[{\"added\": {}}]',43,1),(686,'2025-06-06 09:18:09.260728','1','Question object (1)',1,'[{\"added\": {}}]',40,1),(687,'2025-06-06 09:18:23.877342','2','Question object (2)',1,'[{\"added\": {}}]',40,1),(688,'2025-06-06 09:18:34.574160','3','Question object (3)',1,'[{\"added\": {}}]',40,1),(689,'2025-06-06 09:18:47.547667','1','FeedbackQuestion object (1)',1,'[{\"added\": {}}]',41,1),(690,'2025-06-06 09:18:54.032524','2','FeedbackQuestion object (2)',1,'[{\"added\": {}}]',41,1),(691,'2025-06-06 09:18:59.695919','3','FeedbackQuestion object (3)',1,'[{\"added\": {}}]',41,1),(692,'2025-06-10 07:03:39.714904','23','jytgfkfvhj',3,'',43,1),(693,'2025-06-10 07:03:39.714904','22','my form eork',3,'',43,1),(694,'2025-06-10 07:03:39.714904','21','my form',3,'',43,1),(695,'2025-06-10 07:03:39.714904','20','bjklkm',3,'',43,1),(696,'2025-06-10 07:03:39.714904','19','jkl,;nl',3,'',43,1),(697,'2025-06-10 07:03:39.714904','18','ioiiol',3,'',43,1),(698,'2025-06-10 07:03:39.714904','17','ioiiol',3,'',43,1),(699,'2025-06-10 07:03:39.714904','16','jklbjkl;j',3,'',43,1),(700,'2025-06-10 07:03:39.714904','15','uyhik',3,'',43,1),(701,'2025-06-10 07:03:39.714904','14','gnhbfg',3,'',43,1),(702,'2025-06-10 07:03:39.714904','13','super',3,'',43,1),(703,'2025-06-10 07:03:39.714904','12','okto',3,'',43,1),(704,'2025-06-10 07:03:39.715412','11','hjgc',3,'',43,1),(705,'2025-06-10 07:03:39.715440','10','type4',3,'',43,1),(706,'2025-06-10 07:03:39.715440','9','type 4',3,'',43,1),(707,'2025-06-10 07:03:39.715440','8','type 3',3,'',43,1),(708,'2025-06-10 07:03:39.715440','7','After any',3,'',43,1),(709,'2025-06-10 07:03:39.715440','6','type 2',3,'',43,1),(710,'2025-06-10 07:03:39.715440','5','type 1',3,'',43,1),(711,'2025-06-10 07:03:39.715440','4','after',3,'',43,1),(712,'2025-06-10 07:04:39.983377','3','After Acceptence',3,'',43,1),(713,'2025-06-10 07:06:29.542919','18','hjgcvljhg;lkjgk uil gliuk gl ugh loi',3,'',40,1),(714,'2025-06-10 07:06:29.542919','17','okbt rg fv fvf',3,'',40,1),(715,'2025-06-10 07:06:29.542919','16','ok is my question',3,'',40,1),(716,'2025-06-10 07:06:29.542919','15','ok to prosecc',3,'',40,1),(717,'2025-06-10 07:06:29.543440','14','it is new',3,'',40,1),(718,'2025-06-10 07:06:29.543461','13','choosen feedback type\'s all questions need to show',3,'',40,1),(719,'2025-06-10 07:06:29.543461','12','how the question',3,'',40,1),(720,'2025-06-10 07:06:29.543461','11','fhgfhgfh',3,'',40,1),(721,'2025-06-10 07:06:29.543461','10',',kvblkhv',3,'',40,1),(722,'2025-06-10 07:06:29.543461','9','stdeyhdreyh',3,'',40,1),(723,'2025-06-10 07:06:29.543461','8','cghjhf',3,'',40,1),(724,'2025-06-10 07:06:29.543461','7','srtghet',3,'',40,1),(725,'2025-06-10 07:06:29.543461','6','jhfvc,njh',3,'',40,1),(726,'2025-06-10 07:06:29.543461','5','my question',3,'',40,1),(727,'2025-06-10 07:06:29.543461','4','question 2',3,'',40,1),(728,'2025-06-10 07:06:29.543461','3','any problem?',3,'',40,1),(729,'2025-06-10 07:06:29.543461','2','comfortable ?',3,'',40,1),(730,'2025-06-10 07:06:29.543461','1','ok for you',3,'',40,1),(731,'2025-06-10 07:07:00.733799','7','Feedback by surya@gmail.com to author_d@gmail.com',3,'',37,1),(732,'2025-06-10 07:07:00.733799','6','Feedback by surya@gmail.com to vikashvip780@gmail.com',3,'',37,1),(733,'2025-06-10 07:07:00.733799','5','Feedback by surya@gmail.com to luccas9655@gmail.com',3,'',37,1),(734,'2025-06-10 07:07:00.733799','4','Feedback by surya@gmail.com to author_a@gmail.com',3,'',37,1),(735,'2025-06-10 07:07:00.733799','3','Feedback by surya@gmail.com to eshwar@gmail.com',3,'',37,1),(736,'2025-06-10 07:07:00.733799','1','Feedback by surya@gmail.com to test@gmail.com',3,'',37,1),(737,'2025-06-10 07:18:09.013975','8','Feedback by surya@gmail.com to test@gmail.com',2,'[{\"changed\": {\"fields\": [\"Is active\"]}}]',37,1),(738,'2025-06-10 07:30:07.819256','10','Feedback by admin to afsal@gmail.com',1,'[{\"added\": {}}]',37,1),(739,'2025-06-10 10:31:38.456437','10','Feedback by admin to afsal@gmail.com',2,'[{\"changed\": {\"fields\": [\"Is active\"]}}]',37,1),(740,'2025-06-10 10:32:26.287143','26','Response for Ques: Did you find the submission process straightforwar by User: afsal@gmail.com',1,'[{\"added\": {}}]',42,1),(741,'2025-06-10 10:32:40.474254','27','Response for Ques: Were the submission guidelines clear and visible? by User: afsal@gmail.com',1,'[{\"added\": {}}]',42,1),(742,'2025-06-10 10:32:52.885978','28','Response for Ques: Was the submission portal user-friendly? by User: afsal@gmail.com',1,'[{\"added\": {}}]',42,1),(743,'2025-06-10 10:33:03.598916','29','Response for Ques: Did you experience any technical issues during sub by User: afsal@gmail.com',1,'[{\"added\": {}}]',42,1),(744,'2025-06-10 10:33:28.180574','30','Response for Ques: How would you rate the submission time? by User: afsal@gmail.com',1,'[{\"added\": {}}]',42,1),(745,'2025-06-16 06:55:43.274572','41','pnr.cse@karpagamtech.ac.in',2,'[{\"changed\": {\"fields\": [\"Username\", \"Email address\"]}}]',4,1),(746,'2025-06-16 06:56:32.504058','41','pnr.cse@karpagamtech.ac.in',2,'[{\"changed\": {\"fields\": [\"First name\", \"Last name\"]}}]',4,1),(747,'2025-06-16 11:18:07.997319','58','The Impact of Streaming Services on the Global Film Industry',2,'[{\"changed\": {\"fields\": [\"Final file\"]}}]',19,1),(748,'2025-06-17 06:14:41.038891','13','Blockchain Technology: Enhancing Security and Transparency in Digital Transactions',2,'[{\"changed\": {\"fields\": [\"Abstract\"]}}]',19,1),(749,'2025-06-18 11:05:30.894815','13','Blockchain Technology: Enhancing Security and Transparency in Digital Transactions',2,'[{\"changed\": {\"fields\": [\"Additional file\"]}}]',19,1),(750,'2025-06-18 12:31:33.236082','7','option 3',3,'',18,1),(751,'2025-06-18 12:31:33.236082','6','option 2',3,'',18,1),(752,'2025-06-18 12:31:33.236082','5','option 1',3,'',18,1),(753,'2025-06-18 12:32:51.616127','2','Data Science / Big Data',2,'[{\"changed\": {\"fields\": [\"Specialization\"]}}]',18,1),(754,'2025-06-18 12:33:26.078046','4','Educational Research',2,'[{\"changed\": {\"fields\": [\"Specialization\"]}}]',18,1),(755,'2025-06-18 12:33:39.880362','8','Case Study / Field Research',2,'[{\"changed\": {\"fields\": [\"Specialization\"]}}]',18,1),(756,'2025-06-18 12:34:29.965426','1','Machine Learning',2,'[{\"changed\": {\"fields\": [\"Specialization\"]}}]',18,1),(757,'2025-06-18 12:34:45.893953','3','Policy and Social Impact Analyst',2,'[{\"changed\": {\"fields\": [\"Specialization\"]}}]',18,1),(758,'2025-06-18 12:43:59.937912','23','mitun',2,'[{\"changed\": {\"fields\": [\"First name\", \"Last name\"]}}]',4,1),(759,'2025-06-18 12:48:31.794676','56','The Gig Economy: Benefits, Risks, and the Future of Work',2,'[{\"changed\": {\"fields\": [\"Author\"]}}]',19,1),(760,'2025-06-19 05:11:10.447464','60','A Comparative Study of Machine Learning Algorithms',2,'[{\"changed\": {\"fields\": [\"Article status\", \"Admin comments\"]}}]',19,1),(761,'2025-06-19 05:12:07.760372','60','A Comparative Study of Machine Learning Algorithms',2,'[{\"changed\": {\"fields\": [\"Article status\"]}}]',19,1),(762,'2025-06-19 07:06:47.462914','60','A Comparative Study of Machine Learning Algorithms',2,'[{\"changed\": {\"fields\": [\"Article status\", \"Payment date\", \"Correction due date\"]}}]',19,1),(763,'2025-06-19 07:35:35.032503','32','The Future of Human-Computer Interaction: From Touchscreens to Neural Interfaces',2,'[{\"changed\": {\"fields\": [\"Payment date\", \"Revision due date\", \"Correction due date\"]}}]',19,1),(764,'2025-06-19 11:44:57.629555','13','Wireless notice board',1,'[{\"added\": {}}]',27,1),(765,'2025-06-19 11:45:25.454717','14','Wireless notice board',1,'[{\"added\": {}}]',27,1),(766,'2025-06-19 11:45:37.443458','15','Wireless notice board',1,'[{\"added\": {}}]',27,1),(767,'2025-06-19 13:29:10.127300','12','The Future of Human-Computer Interaction: From Touchscreens to Neural Interfaces',2,'[{\"changed\": {\"fields\": [\"Additional file\", \"Correction commments\"]}}]',27,1),(768,'2025-06-19 13:31:35.232552','15','Wireless notice board',3,'',27,1),(769,'2025-06-19 13:31:35.232552','14','Wireless notice board',3,'',27,1),(770,'2025-06-20 06:54:02.141587','12','The Future of Human-Computer Interaction: From Touchscreens to Neural Interfaces',2,'[{\"changed\": {\"fields\": [\"Additional file\", \"Correction commments\"]}}]',27,1),(771,'2025-06-20 08:53:20.675606','58','22ita16@karpagamtech.ac.in',1,'[{\"added\": {}}]',4,1),(772,'2025-06-20 08:53:33.474315','58','22ita16@karpagamtech.ac.in',2,'[{\"changed\": {\"fields\": [\"First name\", \"Last name\", \"Email address\"]}}]',4,1),(773,'2025-06-20 12:23:02.467623','7','surya@gmail.com',2,'[{\"changed\": {\"fields\": [\"Groups\"]}}]',4,1),(774,'2025-06-20 12:24:36.471952','7','surya@gmail.com',2,'[{\"changed\": {\"fields\": [\"Email address\"]}}]',4,1),(775,'2025-06-20 12:26:14.218731','7','surya@gmail.com',2,'[{\"changed\": {\"fields\": [\"Email address\"]}}]',4,1),(776,'2025-06-24 05:59:24.748348','38','midung2015@gmail.com',2,'[{\"changed\": {\"fields\": [\"password\"]}}]',4,1),(777,'2025-06-24 06:00:12.959320','38','midung2015@gmail.com',2,'[{\"changed\": {\"fields\": [\"Active\"]}}]',4,1),(778,'2025-06-25 05:46:05.238031','18','eshwar@gmail.com',2,'[{\"changed\": {\"fields\": [\"password\"]}}]',4,1),(779,'2025-06-27 06:15:46.474682','10','testing',3,'',18,1),(780,'2025-06-27 06:15:46.474682','9','cloud',3,'',18,1),(781,'2025-06-27 07:54:50.710405','35','Test',3,'',43,1),(782,'2025-06-27 07:54:50.710405','34','mhgvkjmn',3,'',43,1),(783,'2025-06-27 07:54:50.710405','33','new fdee',3,'',43,1),(784,'2025-06-27 07:54:50.710405','32','testing',3,'',43,1),(785,'2025-06-27 07:55:13.263625','31','Post Publish',2,'[{\"changed\": {\"fields\": [\"Type\"]}}]',43,1),(786,'2025-06-27 07:55:38.066313','30','Post Publishing Later',2,'[{\"changed\": {\"fields\": [\"Type\"]}}]',43,1),(787,'2025-06-27 07:55:58.077790','29','General Feedback',3,'',43,1),(788,'2025-06-27 07:55:58.077790','28','During Peer Review',3,'',43,1),(789,'2025-06-27 07:55:58.077790','27','Before Submission',3,'',43,1),(790,'2025-06-27 07:55:58.077790','26','After Revision Request',3,'',43,1),(791,'2025-06-27 07:55:58.077790','2','After Review',3,'',43,1),(792,'2025-06-27 07:55:58.077790','1','After Submission',3,'',43,1),(793,'2025-06-27 08:03:50.001587','31','Post Publish',3,'',43,1),(794,'2025-06-27 08:03:50.001587','30','Post Publishing Later',3,'',43,1),(795,'2025-06-27 08:03:50.001587','25','After Rejection',3,'',43,1),(796,'2025-06-27 08:03:50.001587','24','After Acceptance',3,'',43,1),(797,'2025-06-27 08:04:03.449309','75','testing',3,'',40,1),(798,'2025-06-27 08:04:03.449309','74','Was the published paper displayed correctly on the',3,'',40,1),(799,'2025-06-27 08:04:03.449309','73','Would you consider submitting future work to this ',3,'',40,1),(800,'2025-06-27 08:04:03.449309','72','How would you rate the visibility of your publishe',3,'',40,1),(801,'2025-06-27 08:04:03.449309','71','Did you find the publication platform easy to use?',3,'',40,1),(802,'2025-06-27 08:04:03.449309','70','Was the post-publication communication clear?',3,'',40,1),(803,'2025-06-27 08:04:03.450306','69','How satisfied are you with the publication process',3,'',40,1),(804,'2025-06-27 08:04:03.450306','68','Overall, I had a positive experience with the publ',3,'',40,1),(805,'2025-06-27 08:04:03.450306','67','The peer review process was fair and unbiased.',3,'',40,1),(806,'2025-06-27 08:04:03.450306','66','The guidelines were easy to follow.',3,'',40,1),(807,'2025-06-27 08:04:03.450306','65','The revision requests were reasonable and clear.',3,'',40,1),(808,'2025-06-27 08:04:03.450306','64','I appreciated the timely updates throughout the pr',3,'',40,1),(809,'2025-06-27 08:04:03.450306','63','The acceptance process was smooth and transparent.',3,'',40,1),(810,'2025-06-27 08:04:03.450306','62','The feedback helped improve the quality of my pape',3,'',40,1),(811,'2025-06-27 08:04:03.450306','61','Communication from the editorial team was prompt.',3,'',40,1),(812,'2025-06-27 08:04:03.450306','60','Reviewers provided detailed and helpful comments.',3,'',40,1),(813,'2025-06-27 08:04:03.450306','59','The submission platform is very user-friendly.',3,'',40,1),(814,'2025-06-27 08:04:03.450306','58','What improvements would you suggest?',3,'',40,1),(815,'2025-06-27 08:04:03.450306','57','Would you recommend this publication process to ot',3,'',40,1),(816,'2025-06-27 08:04:03.450306','56','Did you find the platform easy to navigate?',3,'',40,1),(817,'2025-06-27 08:04:03.450306','55','Are you satisfied with the communication throughou',3,'',40,1),(818,'2025-06-27 08:04:03.450306','54','How would you rate the overall submission experien',3,'',40,1),(819,'2025-06-27 08:04:03.451306','53','How satisfied are you with the peer review experie',3,'',40,1),(820,'2025-06-27 08:04:03.451306','52','Did you feel the review process was unbiased?',3,'',40,1),(821,'2025-06-27 08:04:03.451306','51','Did the review timeline match expectations?',3,'',40,1),(822,'2025-06-27 08:04:03.451306','50','Was the peer review process transparent?',3,'',40,1),(823,'2025-06-27 08:04:03.451306','49','Were the reviewers\' comments fair and objective?',3,'',40,1),(824,'2025-06-27 08:04:03.451598','48','How prepared did you feel before submitting?',3,'',40,1),(825,'2025-06-27 08:04:03.451598','47','Did you understand the submission criteria well?',3,'',40,1),(826,'2025-06-27 08:04:03.451598','46','Were the required documents listed properly?',3,'',40,1),(827,'2025-06-27 08:04:03.451598','45','Did you find the manuscript formatting guidelines ',3,'',40,1),(828,'2025-06-27 08:04:03.451598','44','Was the preparation material for submission helpfu',3,'',40,1),(829,'2025-06-27 08:04:03.451598','43','Were the revision deadlines reasonable?',3,'',40,1),(830,'2025-06-27 08:04:03.451598','42','Did you receive adequate support during revision?',3,'',40,1),(831,'2025-06-27 08:04:03.451598','41','How manageable were the requested changes?',3,'',40,1),(832,'2025-06-27 08:04:03.452112','40','Were the required revisions clearly outlined?',3,'',40,1),(833,'2025-06-27 08:04:03.452112','39','Was the revision request clearly communicated?',3,'',40,1),(834,'2025-06-27 08:04:03.452112','38','Did the review process meet your expectations?',3,'',40,1),(835,'2025-06-27 08:04:03.452112','37','Were the review comments easy to understand?',3,'',40,1),(836,'2025-06-27 08:04:03.452112','36','How constructive was the review feedback?',3,'',40,1),(837,'2025-06-27 08:04:03.452112','35','Did the reviewers address all important points?',3,'',40,1),(838,'2025-06-27 08:04:03.452112','34','Was the review feedback comprehensive?',3,'',40,1),(839,'2025-06-27 08:04:03.452112','33','Would you consider submitting again after the reje',3,'',40,1),(840,'2025-06-27 08:04:03.452112','32','Was the feedback respectful and professional?',3,'',40,1),(841,'2025-06-27 08:04:03.452112','31','How do you feel about the timeliness of the reject',3,'',40,1),(842,'2025-06-27 08:04:03.452112','30','Did you receive helpful suggestions for improvemen',3,'',40,1),(843,'2025-06-27 08:04:03.452112','29','Was the rejection reason clearly explained?',3,'',40,1),(844,'2025-06-27 08:04:03.452112','28','How likely are you to submit again after this acce',3,'',40,1),(845,'2025-06-27 08:04:03.452112','27','Are you happy with the next steps after acceptance',3,'',40,1),(846,'2025-06-27 08:04:03.452112','26','Do you feel the feedback provided was constructive',3,'',40,1),(847,'2025-06-27 08:04:03.452112','25','Was the acceptance communication clear and timely?',3,'',40,1),(848,'2025-06-27 08:04:03.453132','24','How satisfied are you with the acceptance notifica',3,'',40,1),(849,'2025-06-27 08:04:03.453132','23','How would you rate the submission time?',3,'',40,1),(850,'2025-06-27 08:04:03.453132','22','Did you experience any technical issues during sub',3,'',40,1),(851,'2025-06-27 08:04:03.453132','21','Was the submission portal user-friendly?',3,'',40,1),(852,'2025-06-27 08:04:03.453132','20','Were the submission guidelines clear and visible?',3,'',40,1),(853,'2025-06-27 08:04:03.453132','19','Did you find the submission process straightforwar',3,'',40,1),(854,'2025-06-27 13:29:47.330448','1','FeedbackOptions object (1)',1,'[{\"added\": {}}]',44,1),(855,'2025-06-27 13:29:56.439439','2','FeedbackOptions object (2)',1,'[{\"added\": {}}]',44,1),(856,'2025-06-27 13:30:03.523232','3','FeedbackOptions object (3)',1,'[{\"added\": {}}]',44,1),(857,'2025-06-27 13:31:35.859690','4','FeedbackOptions object (4)',1,'[{\"added\": {}}]',44,1),(858,'2025-06-27 13:31:40.040666','5','FeedbackOptions object (5)',1,'[{\"added\": {}}]',44,1),(859,'2025-06-27 13:31:53.967070','3','FeedbackOptions object (3)',2,'[{\"changed\": {\"fields\": [\"Options\"]}}]',44,1),(860,'2025-06-27 13:44:37.300193','71','Response for Ques: I am satisfied with the acceptance process. by User: pnr.cse@karpagamtech.ac.in',3,'',42,1),(861,'2025-06-27 13:44:37.300193','70','Response for Ques: I understand the next steps after acceptance. by User: pnr.cse@karpagamtech.ac.in',3,'',42,1),(862,'2025-06-27 13:44:37.300193','69','Response for Ques: I feel confident my post meets the platform standa by User: pnr.cse@karpagamtech.ac.in',3,'',42,1),(863,'2025-06-27 13:44:37.300193','68','Response for Ques: The acceptance notification was timely. by User: pnr.cse@karpagamtech.ac.in',3,'',42,1),(864,'2025-06-27 13:44:37.300193','67','Response for Ques: I received clear confirmation after acceptance. by User: pnr.cse@karpagamtech.ac.in',3,'',42,1),(865,'2025-06-27 13:44:37.300193','66','Response for Ques: I feel supported after my post was rejected. by User: author_c@gmail.com',3,'',42,1),(866,'2025-06-27 13:44:37.300193','65','Response for Ques: The time to respond to rejection was reasonable. by User: author_c@gmail.com',3,'',42,1),(867,'2025-06-27 13:44:37.300193','64','Response for Ques: I found the feedback provided helpful for improvin by User: author_c@gmail.com',3,'',42,1),(868,'2025-06-27 13:44:37.300193','63','Response for Ques: I understood what changes are needed after rejecti by User: author_c@gmail.com',3,'',42,1),(869,'2025-06-27 13:44:37.300193','62','Response for Ques: The rejection reason was clearly communicated. by User: author_c@gmail.com',3,'',42,1),(870,'2025-06-27 13:44:37.300193','61','Response for Ques: The option to publish later meets my needs. by User: keerthi@gmail.com',3,'',42,1),(871,'2025-06-27 13:44:37.300193','60','Response for Ques: I am confident my post will be published at the sc by User: keerthi@gmail.com',3,'',42,1),(872,'2025-06-27 13:44:37.300193','59','Response for Ques: The interface for later publishing is intuitive. by User: keerthi@gmail.com',3,'',42,1),(873,'2025-06-27 13:44:37.300193','58','Response for Ques: I found it easy to change the scheduled time. by User: keerthi@gmail.com',3,'',42,1),(874,'2025-06-27 13:44:37.301194','57','Response for Ques: Scheduling the post for later was straightforward. by User: keerthi@gmail.com',3,'',42,1),(875,'2025-06-27 13:44:37.301194','56','Response for Ques: I am satisfied with the post-publish notifications by User: author_c@gmail.com',3,'',42,1),(876,'2025-06-27 13:44:37.301194','55','Response for Ques: Publishing the post took an appropriate amount of  by User: author_c@gmail.com',3,'',42,1),(877,'2025-06-27 13:44:37.301194','54','Response for Ques: The confirmation message was helpful. by User: author_c@gmail.com',3,'',42,1),(878,'2025-06-27 13:44:37.301194','53','Response for Ques: I understood the publishing options clearly. by User: author_c@gmail.com',3,'',42,1),(879,'2025-06-27 13:44:37.301194','52','Response for Ques: The post publishing process was easy to complete. by User: author_c@gmail.com',3,'',42,1),(880,'2025-06-27 13:44:37.301194','51','Response for Ques: I am satisfied with the post-publish notifications by User: lingash@gmail.com',3,'',42,1),(881,'2025-06-27 13:44:37.301194','50','Response for Ques: Publishing the post took an appropriate amount of  by User: lingash@gmail.com',3,'',42,1),(882,'2025-06-27 13:44:37.301194','49','Response for Ques: The confirmation message was helpful. by User: lingash@gmail.com',3,'',42,1),(883,'2025-06-27 13:44:37.301194','48','Response for Ques: I understood the publishing options clearly. by User: lingash@gmail.com',3,'',42,1),(884,'2025-06-27 13:44:37.301194','47','Response for Ques: The post publishing process was easy to complete. by User: lingash@gmail.com',3,'',42,1),(885,'2025-06-27 13:44:37.301194','46','Response for Ques: I am satisfied with the acceptance process. by User: author_a@gmail.com',3,'',42,1),(886,'2025-06-27 13:44:37.301194','45','Response for Ques: I understand the next steps after acceptance. by User: author_a@gmail.com',3,'',42,1),(887,'2025-06-27 13:44:37.301194','44','Response for Ques: I feel confident my post meets the platform standa by User: author_a@gmail.com',3,'',42,1),(888,'2025-06-27 13:44:37.301194','43','Response for Ques: The acceptance notification was timely. by User: author_a@gmail.com',3,'',42,1),(889,'2025-06-27 13:44:37.301194','42','Response for Ques: I received clear confirmation after acceptance. by User: author_a@gmail.com',3,'',42,1),(890,'2025-06-27 13:44:37.301194','41','Response for Ques: I am satisfied with the acceptance process. by User: author_a@gmail.com',3,'',42,1),(891,'2025-06-27 13:44:37.301194','40','Response for Ques: I understand the next steps after acceptance. by User: author_a@gmail.com',3,'',42,1),(892,'2025-06-27 13:44:37.301194','39','Response for Ques: I feel confident my post meets the platform standa by User: author_a@gmail.com',3,'',42,1),(893,'2025-06-27 13:44:37.301194','38','Response for Ques: The acceptance notification was timely. by User: author_a@gmail.com',3,'',42,1),(894,'2025-06-27 13:44:37.301194','37','Response for Ques: I received clear confirmation after acceptance. by User: author_a@gmail.com',3,'',42,1),(895,'2025-06-27 14:25:15.019807','6','only agree (6)',1,'[{\"added\": {}}]',44,1),(896,'2025-06-27 14:29:15.125229','6','only agree (6)',3,'',44,1),(897,'2025-06-27 14:41:55.095535','7','Only Agree (6)',1,'[{\"added\": {}}]',44,1),(898,'2025-06-28 04:56:02.935610','72','Response for Ques: Scheduling the post for later was straightforward. by User: lingash@gmail.com',2,'[{\"changed\": {\"fields\": [\"Options\"]}}]',42,1),(899,'2025-06-28 04:58:28.421059','72','Response for Ques: Scheduling the post for later was straightforward. by User: lingash@gmail.com',2,'[{\"changed\": {\"fields\": [\"Options\"]}}]',42,1),(900,'2025-06-28 05:02:46.124899','7','Only Agree (6)',3,'',44,1),(901,'2025-06-28 05:06:51.824830','45','velu@gmail.com',2,'[{\"changed\": {\"fields\": [\"Username\", \"First name\", \"Last name\"]}}]',4,1),(902,'2025-06-28 05:07:09.293963','45','velu@gmail.com',2,'[{\"changed\": {\"fields\": [\"Email address\"]}}]',4,1),(903,'2025-06-28 05:07:37.024213','50','inbarepute@gmail.com',2,'[{\"changed\": {\"fields\": [\"First name\", \"Last name\"]}}]',4,1),(904,'2025-06-28 05:07:56.681379','49','21ecb28@gmail.com',2,'[{\"changed\": {\"fields\": [\"First name\", \"Last name\"]}}]',4,1),(905,'2025-06-28 05:08:15.369616','52','21ecb29@gmail.com',2,'[{\"changed\": {\"fields\": [\"First name\", \"Last name\"]}}]',4,1),(906,'2025-06-28 05:10:18.700567','7','Title 6',2,'[{\"changed\": {\"fields\": [\"Doi\", \"Author\"]}}]',33,1),(907,'2025-06-28 05:32:08.873896','6','Developing a Secure Online Platform for Research Paper Submissions',2,'[{\"changed\": {\"fields\": [\"Corrected title\", \"Corrected abstract\"]}}]',31,1),(908,'2025-06-28 05:32:31.025339','14','The Role of Quantum Computing in Modern Cryptography',2,'[{\"changed\": {\"fields\": [\"Corrected title\", \"Corrected abstract\"]}}]',31,1),(909,'2025-06-28 05:33:31.552118','35','Cybersecurity in the Age of Quantum Computing: Risks and Responses',2,'[{\"changed\": {\"fields\": [\"Title\", \"Abstract\", \"Author\"]}}]',33,1),(910,'2025-06-28 05:33:56.588103','37','direct publish test 233',3,'',33,1),(911,'2025-06-28 05:34:46.196736','45','A STUDY ON YOUNGSTERS PREFERENCE TOWARDS ONLINE PURCHASING MODE WITH REFERENCE TO KRISHNAGIRI DISTRICT, TAMIL NADU',2,'[{\"changed\": {\"fields\": [\"Title\", \"Author\"]}}]',33,1),(912,'2025-06-28 05:47:56.345276','25','Renewable Energy Innovations: A Comparative Study of Solar and Wind Power Efficiency',2,'[{\"changed\": {\"fields\": [\"Author\"]}}]',19,1),(913,'2025-07-09 12:16:43.482137','21','Awaiting for EIC Review',1,'[{\"added\": {}}]',11,1),(914,'2025-07-09 12:19:32.615862','1','Human impact of bio-diversity',2,'[{\"changed\": {\"fields\": [\"Article status\"]}}]',19,1),(915,'2025-07-10 07:10:42.528943','57','Mukesh - The Impact of Streaming Services on the Global Film Industry',3,'',23,1),(916,'2025-07-10 07:12:36.430258','58','The Impact of Streaming Services on the Global Film Industry',2,'[{\"changed\": {\"fields\": [\"Article status\"]}}]',19,1),(917,'2025-07-10 07:14:37.227112','58','Mukesh - The Impact of Streaming Services on the Global Film Industry',2,'[{\"changed\": {\"fields\": [\"Invite status\"]}}]',23,1),(918,'2025-07-10 07:15:45.970804','58','Mukesh - The Impact of Streaming Services on the Global Film Industry',2,'[{\"changed\": {\"fields\": [\"Invite status\"]}}]',23,1),(919,'2025-07-10 07:16:12.814121','58','Mukesh - The Impact of Streaming Services on the Global Film Industry',2,'[{\"changed\": {\"fields\": [\"Invite status\"]}}]',23,1),(920,'2025-07-11 05:38:29.925746','1','IEEE',1,'[{\"added\": {}}]',45,1),(921,'2025-07-11 08:47:03.485674','2','Journal',1,'[{\"added\": {}}]',45,1),(922,'2025-07-11 08:47:26.848335','3','Research',1,'[{\"added\": {}}]',45,1),(923,'2025-07-11 08:48:28.810463','1','IEEE',2,'[{\"changed\": {\"fields\": [\"Is active\"]}}]',45,1),(924,'2025-07-11 08:48:32.681700','2','Journal',2,'[{\"changed\": {\"fields\": [\"Is active\"]}}]',45,1),(925,'2025-07-11 08:49:52.604177','2','Journal',2,'[{\"changed\": {\"fields\": [\"Is active\"]}}]',45,1),(926,'2025-07-11 08:49:56.359110','3','Research',2,'[{\"changed\": {\"fields\": [\"Is active\"]}}]',45,1),(927,'2025-07-11 09:12:47.693270','2','Journal',2,'[{\"changed\": {\"fields\": [\"Is active\"]}}]',45,1),(928,'2025-07-11 09:12:53.979914','3','Research',2,'[{\"changed\": {\"fields\": [\"Is active\"]}}]',45,1),(929,'2025-07-11 09:43:26.831784','1','IEEE',2,'[]',45,1),(930,'2025-07-11 09:43:29.884794','2','Journal',2,'[]',45,1),(931,'2025-07-11 09:44:25.391749','2','Journal',2,'[{\"changed\": {\"fields\": [\"Is active\"]}}]',45,1),(932,'2025-07-11 09:44:29.316505','1','IEEE',2,'[{\"changed\": {\"fields\": [\"Is active\"]}}]',45,1),(933,'2025-07-11 10:26:33.777398','2','Journal',2,'[{\"changed\": {\"fields\": [\"Is active\"]}}]',45,1),(934,'2025-07-11 10:26:42.130638','1','IEEE',2,'[{\"changed\": {\"fields\": [\"Is active\"]}}]',45,1),(935,'2025-07-12 10:15:37.731343','2','Journal',2,'[{\"changed\": {\"fields\": [\"Is active\"]}}]',45,1),(936,'2025-07-12 10:16:20.267814','1','IEEE',2,'[{\"changed\": {\"fields\": [\"Is active\"]}}]',45,1),(937,'2025-07-12 10:48:14.271886','1','IEEE',2,'[{\"changed\": {\"fields\": [\"Is active\"]}}]',45,1),(938,'2025-07-12 10:48:17.852733','2','Journal',2,'[{\"changed\": {\"fields\": [\"Is active\"]}}]',45,1),(939,'2025-07-12 10:50:45.114175','4','Springer LNCS Template',1,'[{\"added\": {}}]',45,1),(940,'2025-07-12 10:50:51.206742','2','Journal',2,'[{\"changed\": {\"fields\": [\"Is active\"]}}]',45,1),(941,'2025-07-15 11:44:28.110684','4','Springer LNCS Template',2,'[{\"changed\": {\"fields\": [\"Tex file\"]}}]',45,1),(942,'2025-07-16 07:03:19.250850','1','IEEE',2,'[{\"changed\": {\"fields\": [\"Is active\"]}}]',45,1),(943,'2025-07-16 07:03:22.524846','4','Springer LNCS Template',2,'[{\"changed\": {\"fields\": [\"Is active\"]}}]',45,1),(944,'2025-07-16 07:04:34.151923','1','IEEE',2,'[{\"changed\": {\"fields\": [\"Tex file\"]}}]',45,1),(945,'2025-07-16 07:12:12.340168','1','IEEE',2,'[]',45,1),(946,'2025-07-16 07:12:16.937925','2','Journal',2,'[{\"changed\": {\"fields\": [\"Is active\"]}}]',45,1),(947,'2025-07-16 07:12:21.100427','1','IEEE',2,'[{\"changed\": {\"fields\": [\"Is active\"]}}]',45,1),(948,'2025-07-16 08:51:28.714689','1','IEEE',2,'[{\"changed\": {\"fields\": [\"Is active\"]}}]',45,1),(949,'2025-07-16 08:51:32.005689','2','Journal',2,'[{\"changed\": {\"fields\": [\"Is active\"]}}]',45,1),(950,'2025-07-16 08:54:55.923188','2','Journal',2,'[{\"changed\": {\"fields\": [\"Is active\"]}}]',45,1),(951,'2025-07-16 08:55:11.258971','1','IEEE',2,'[{\"changed\": {\"fields\": [\"Is active\"]}}]',45,1),(952,'2025-07-16 09:54:32.722185','2','Journal',2,'[{\"changed\": {\"fields\": [\"Is active\"]}}]',45,1);
/*!40000 ALTER TABLE `django_admin_log` ENABLE KEYS */;
UNLOCK TABLES;

--
-- Table structure for table `django_content_type`
--

DROP TABLE IF EXISTS `django_content_type`;
/*!40101 SET @saved_cs_client     = @@character_set_client */;
/*!50503 SET character_set_client = utf8mb4 */;
CREATE TABLE `django_content_type` (
  `id` int NOT NULL AUTO_INCREMENT,
  `app_label` varchar(100) NOT NULL,
  `model` varchar(100) NOT NULL,
  PRIMARY KEY (`id`),
  UNIQUE KEY `django_content_type_app_label_model_76bd3d3b_uniq` (`app_label`,`model`)
) ENGINE=InnoDB AUTO_INCREMENT=46 DEFAULT CHARSET=utf8mb4 COLLATE=utf8mb4_0900_ai_ci;
/*!40101 SET character_set_client = @saved_cs_client */;

--
-- Dumping data for table `django_content_type`
--

LOCK TABLES `django_content_type` WRITE;
/*!40000 ALTER TABLE `django_content_type` DISABLE KEYS */;
INSERT INTO `django_content_type` VALUES (10,'account','author'),(7,'account','country'),(9,'account','editor'),(37,'account','feedback'),(44,'account','feedbackoptions'),(41,'account','feedbackquestion'),(42,'account','feedbackresponse'),(43,'account','feedbacktype'),(45,'account','latexdocument'),(39,'account','modes'),(40,'account','question'),(8,'account','title'),(1,'admin','logentry'),(3,'auth','group'),(2,'auth','permission'),(4,'auth','user'),(38,'chatbot','chathistory'),(5,'contenttypes','contenttype'),(32,'dl','issue'),(33,'dl','published_article'),(34,'dl','volume'),(31,'oss','accepted_submission'),(30,'oss','ae_assignment'),(11,'oss','article_status'),(12,'oss','article_type'),(13,'oss','category'),(29,'oss','coauthor'),(28,'oss','communication'),(27,'oss','correction_comments'),(35,'oss','date'),(14,'oss','decision'),(36,'oss','email'),(15,'oss','file_category'),(26,'oss','funder'),(16,'oss','journal'),(25,'oss','journal_editor_assignment'),(24,'oss','keyword'),(17,'oss','request_status'),(23,'oss','reviewer_invitation'),(22,'oss','reviewer_specialization'),(18,'oss','specialization'),(19,'oss','submission'),(21,'oss','submission_files'),(20,'oss','submission_reviewer'),(6,'sessions','session');
/*!40000 ALTER TABLE `django_content_type` ENABLE KEYS */;
UNLOCK TABLES;

--
-- Table structure for table `django_migrations`
--

DROP TABLE IF EXISTS `django_migrations`;
/*!40101 SET @saved_cs_client     = @@character_set_client */;
/*!50503 SET character_set_client = utf8mb4 */;
CREATE TABLE `django_migrations` (
  `id` bigint NOT NULL AUTO_INCREMENT,
  `app` varchar(255) NOT NULL,
  `name` varchar(255) NOT NULL,
  `applied` datetime(6) NOT NULL,
  PRIMARY KEY (`id`)
) ENGINE=InnoDB AUTO_INCREMENT=64 DEFAULT CHARSET=utf8mb4 COLLATE=utf8mb4_0900_ai_ci;
/*!40101 SET character_set_client = @saved_cs_client */;

--
-- Dumping data for table `django_migrations`
--

LOCK TABLES `django_migrations` WRITE;
/*!40000 ALTER TABLE `django_migrations` DISABLE KEYS */;
INSERT INTO `django_migrations` VALUES (1,'contenttypes','0001_initial','2024-07-26 09:12:17.475467'),(2,'auth','0001_initial','2024-07-26 09:12:19.687039'),(3,'account','0001_initial','2024-07-26 09:12:21.063859'),(4,'admin','0001_initial','2024-07-26 09:12:21.601644'),(5,'admin','0002_logentry_remove_auto_add','2024-07-26 09:12:21.627891'),(6,'admin','0003_logentry_add_action_flag_choices','2024-07-26 09:12:21.661891'),(7,'contenttypes','0002_remove_content_type_name','2024-07-26 09:12:21.992655'),(8,'auth','0002_alter_permission_name_max_length','2024-07-26 09:12:22.337007'),(9,'auth','0003_alter_user_email_max_length','2024-07-26 09:12:22.439259'),(10,'auth','0004_alter_user_username_opts','2024-07-26 09:12:22.464443'),(11,'auth','0005_alter_user_last_login_null','2024-07-26 09:12:22.714417'),(12,'auth','0006_require_contenttypes_0002','2024-07-26 09:12:22.724169'),(13,'auth','0007_alter_validators_add_error_messages','2024-07-26 09:12:22.763179'),(14,'auth','0008_alter_user_username_max_length','2024-07-26 09:12:23.026339'),(15,'auth','0009_alter_user_last_name_max_length','2024-07-26 09:12:23.261343'),(16,'auth','0010_alter_group_name_max_length','2024-07-26 09:12:23.372341'),(17,'auth','0011_update_proxy_permissions','2024-07-26 09:12:23.393342'),(18,'auth','0012_alter_user_first_name_max_length','2024-07-26 09:12:23.739343'),(19,'oss','0001_initial','2024-07-26 09:12:32.947769'),(20,'sessions','0001_initial','2024-07-26 09:12:33.069321'),(21,'oss','0002_rename_typeseted_on_accepted_submission_typeset_on','2024-07-27 04:36:43.840718'),(22,'oss','0003_rename_admin_commments_submission_admin_comments','2024-07-27 04:36:44.080501'),(23,'oss','0004_alter_accepted_submission_corrected_on_and_more','2024-07-29 06:15:54.619897'),(24,'oss','0005_alter_ae_assignment_ae_recommendation_and_more','2024-07-29 06:15:55.285321'),(25,'dl','0001_initial','2024-07-29 06:15:55.716282'),(26,'oss','0006_date_submission_revision_due_date_and_more','2024-07-31 13:15:59.547298'),(27,'oss','0007_alter_date_defue_days_to_minor_revision_and_more','2024-07-31 13:21:20.554909'),(28,'oss','0006_submission_revision_due_date_and_more','2024-08-01 01:16:45.049246'),(29,'oss','0007_remove_submission_revision_due_date_and_more','2024-08-01 01:16:56.711459'),(30,'oss','0007_date','2024-08-01 01:21:46.447781'),(31,'dl','0002_alter_issue_description','2024-08-01 09:37:20.117398'),(32,'oss','0008_submission_correction_due_date','2024-08-01 10:46:30.247156'),(33,'oss','0009_alter_submission_decision_by','2024-08-01 13:50:25.524750'),(34,'dl','0003_auto_20240806_1914','2024-08-06 13:44:35.867381'),(35,'oss','0010_auto_20240807_1001','2024-08-07 04:32:13.769477'),(36,'oss','0011_email','2024-08-08 16:33:07.732873'),(37,'oss','0012_alter_email_from_user','2024-08-09 09:46:07.711598'),(38,'oss','0013_submission_plag_report','2024-09-13 08:56:40.326458'),(39,'oss','0014_correction_comments_correction_file','2024-09-14 04:28:34.202017'),(40,'oss','0015_submission_copyright_file','2024-09-16 04:10:52.390860'),(41,'oss','0016_remove_correction_comments_correction_file_and_more','2024-09-16 05:52:53.912632'),(42,'oss','0012_auto_20240917_0709','2024-11-15 10:05:00.950766'),(43,'oss','0013_alter_reviewer_specialization_reviewer','2025-03-05 11:21:08.488944'),(44,'oss','0014_alter_submission_author','2025-05-03 05:31:39.611479'),(45,'account','0002_feedback','2025-05-06 07:47:05.972875'),(46,'account','0003_author_latitude_author_longitude','2025-05-20 07:08:25.981046'),(47,'dl','0004_published_article_area','2025-05-20 08:35:23.542780'),(48,'dl','0005_alter_published_article_area','2025-05-20 08:39:10.376469'),(49,'chatbot','0001_initial','2025-05-20 10:19:06.718854'),(50,'account','0004_feedback_feedback_to_alter_feedback_user','2025-05-26 07:20:31.231511'),(51,'account','0005_modes','2025-06-02 11:00:54.473746'),(52,'account','0006_delete_modes','2025-06-02 11:07:30.204105'),(53,'account','0007_modes','2025-06-02 11:08:13.453795'),(54,'account','0008_delete_feedback','2025-06-06 06:43:06.108201'),(55,'account','0009_feedbacktype_question_feedback_feedbackresponse_and_more','2025-06-06 06:43:51.256550'),(56,'account','0010_feedback_is_active','2025-06-10 07:17:41.854795'),(57,'oss','0015_submission_specialization','2025-06-16 10:23:20.738671'),(58,'oss','0016_alter_correction_comments_submission','2025-06-19 11:30:18.885056'),(59,'oss','0017_correction_comments_additional_file','2025-06-19 12:12:45.696174'),(60,'account','0011_feedbackoptions','2025-06-27 13:22:49.195327'),(61,'account','0012_remove_feedbackresponse_response_and_more','2025-06-27 13:48:04.343594'),(62,'oss','0018_reviewer_invitation_invite_by','2025-07-09 11:18:50.370024'),(63,'account','0013_latexdocument','2025-07-11 05:35:36.023538');
/*!40000 ALTER TABLE `django_migrations` ENABLE KEYS */;
UNLOCK TABLES;

--
-- Table structure for table `django_session`
--

DROP TABLE IF EXISTS `django_session`;
/*!40101 SET @saved_cs_client     = @@character_set_client */;
/*!50503 SET character_set_client = utf8mb4 */;
CREATE TABLE `django_session` (
  `session_key` varchar(40) NOT NULL,
  `session_data` longtext NOT NULL,
  `expire_date` datetime(6) NOT NULL,
  PRIMARY KEY (`session_key`),
  KEY `django_session_expire_date_a5c62663` (`expire_date`)
) ENGINE=InnoDB DEFAULT CHARSET=utf8mb4 COLLATE=utf8mb4_0900_ai_ci;
/*!40101 SET character_set_client = @saved_cs_client */;

--
-- Dumping data for table `django_session`
--

LOCK TABLES `django_session` WRITE;
/*!40000 ALTER TABLE `django_session` DISABLE KEYS */;
INSERT INTO `django_session` VALUES ('0c955zskcjx82t9eb7qqf98t3yo1gcwl','.eJxVjDkOwjAUBe_iGlm245WSnjNYf7FxACVSnFSIu0OkFNC-mXkvkWFbW956WfLI4iyCOP1uCPQo0w74DtNtljRP6zKi3BV50C6vM5fn5XD_Dhr09q21CjjYCAN7l2Ly5DSTJSQwCCoYwqrYQTSqWowhQtLGDM4XSjpWy-L9AeDnN9E:1t1hne:HdKETsb5fxzoGO8TVhi8c4PHn55Vnt7fEk9ltMnPhsU','2024-11-01 07:53:30.870747'),('0dg4k9yzefouylipkou7xz53al8tapid','.eJxVjjsOwyAQRO9CHSGzgDEp0_sMiIUlJh-QjF1FuXvsyEXSzpt5mhdzfl0mtzaaXY7szIRip98QfbhT2Um8-XKtPNSyzBn5XuEHbXyskR6Xo_snmHybtrUdAqReBAKlkjbaRkxRdgYAhIY0WENB2x6NEajDID15UAIlWAJJSmzStuIzt5Zr-V6V3fsDWQA-BQ:1swJPc:-m-mrx3BaCMYSSbDEqi326i8s1O4GqCgbSVMa1Y7ufw','2024-10-17 10:50:24.880961'),('151hivwn6yj5ojhxhtsm2k1o3bmgkr3o','.eJxVjEEOwiAQRe_C2hCgAwWX7j0DGZhBqoYmpV0Z765NutDtf-_9l4i4rTVunZc4kTgLDeL0OybMD247oTu22yzz3NZlSnJX5EG7vM7Ez8vh_h1U7PVbGy7A3kAZE5ACTSYEz2hQe3DecnYW0KFHnVlRGQaFmTmNWZM1Lljx_gAPnThl:1t8wGq:YwD6jSaXRwOqPU65lRv7Csmq9hmYlGRk4O_50Ah4eMw','2024-11-21 06:45:32.171128'),('163quspfhx2c47wdl91vojpr0ddn7mok','.eJxVjDsOwjAQBe_iGllx_IWSPmewdtdeHEC2FCcV4u4QKQW0b2beS0TY1hK3npc4J3ERSpx-NwR65LqDdId6a5JaXZcZ5a7Ig3Y5tZSf18P9OyjQy7e2gVCZIYQ0ZjKkkPRAihR4Ys2jZU6BvHWoLVutnM3n7LQ3BI4RGMX7A_WROL4:1uBnk4:_eZa0TgeKC1YZadctJZi0JmQc3Kl31tjjdaCsMyVz-Y','2025-05-19 04:47:48.795161'),('29ovcz6ln93x6meop6la0n978dd7oewv','.eJxVjMEKwyAQRP_FcxHXVSM99t5vkNXVmrYYiMkp9N-bQA7taWDem9lEoHWpYe15DiOLqwBx-e0ipVduB-Antcck09SWeYzyUORJu7xPnN-30_07qNTrvrZGq8igTQHnB0aFqAgHW0pUANlqZwCYvHMKsEB2JnqMilIq1uwpPl-yKDcR:1sthBo:nm12ySS-76eRcQUeomBHjqpiA-ead3fescwXz2X86OY','2024-10-10 05:37:20.503512'),('2g6ig80xwedbkbe2n5wp43e1ziaw63x1','.eJxVjMsOwiAQRf-FtSFQWh4u3fsNZJgZpGogKe3K-O_apAvd3nPOfYkI21ri1nmJM4mz8OL0uyXAB9cd0B3qrUlsdV3mJHdFHrTLayN-Xg7376BAL996mLQHkz0QG42aDamcCGxyY9YQAtvsMFBGEwZL1ieFCFNWxrsRHDnx_gAK1zjS:1trWmG:PWIZ4yWNyCydwv45uqwtCGFq2yhZ70aEY0UaNbThWuI','2025-03-24 06:38:16.062896'),('2yxhqzbbj4qij4vuo0qgrnszsgokskpg','.eJxVjDsOwjAQBe_iGlkbf1hMSc8ZIq93jQPIluKkQtwdIqWA9s3Me6kxrksZ1y7zOLE6K1SH341iekjdAN9jvTWdWl3mifSm6J12fW0sz8vu_h2U2Mu3tihkOUDiaBiB0TjgjBCsC5acEfHJp2QlIJgwMKGnTACnI7iQaVDvD-oKN9A:1uUIz9:dDg9_qTPBDkA_gHlr0rd0RCygFT1omzQp0ka_U5Iihg','2025-07-09 05:47:51.993570'),('38ulxmzaeooaag7biyiwym2hl37y3wbk','.eJxVjDsOwjAQBe_iGln-bJKFkj5nsHa9Ng4gR4qTCnF3iJQC2jcz76UCbWsJW0tLmERdlDXq9DsyxUeqO5E71dus41zXZWK9K_qgTY-zpOf1cP8OCrXyrRESoR0QwUF23hJFAGMFB7beMIBz6KHvM-coyIljBvYmSuqyO2On3h_s3Df8:1sYPxi:BGDAgfDH4JgVQuSvmymuQu225Kn6VswFuCkOZ94xyfY','2024-08-12 12:58:50.122466'),('3f9zkzg1mk4g0834rg69enadslif7uct','.eJxVjDsOwjAQBe_iGllx_IWSPmewdtdeHEC2FCcV4u4QKQW0b2beS0TY1hK3npc4J3ERSpx-NwR65LqDdId6a5JaXZcZ5a7Ig3Y5tZSf18P9OyjQy7e2gVCZIYQ0ZjKkkPRAihR4Ys2jZU6BvHWoLVutnM3n7LQ3BI4RGMX7A_WROL4:1uR37m:X6NzXvrssEAcB6d7BtnqCWlyoE1gEhXHtxggT7aj18s','2025-06-30 06:15:18.955335'),('3tm8pcjcy0igeudpkd2p642romh7ws4d','.eJxVjDsOwjAUBO_iGlnBeX6OKek5g7X-4QBypDipEHcnkVJAOzO7b-GwLsWtLc1ujOIijDj9Mo_wTHUX8YF6n2SY6jKPXu6JPGyTtymm1_Vo_w4KWtnWxLazIOJes1IAzjpzNgNnZtCgmCiQ7rTasCWAQyLjMwXb66RMFp8vtHI2_w:1se9Wk:HR4qxrCrxZMLVKyNcKaBQNdki4xbtKgRi32xVh92Beo','2024-08-28 08:38:42.161521'),('3tnlp80aa4b9ckqt6mjqclvo6p19yija','.eJxVjDsOwjAQBe_iGllx_IWSPmewdtdeHEC2FCcV4u4QKQW0b2beS0TY1hK3npc4J3ERSpx-NwR65LqDdId6a5JaXZcZ5a7Ig3Y5tZSf18P9OyjQy7e2gVCZIYQ0ZjKkkPRAihR4Ys2jZU6BvHWoLVutnM3n7LQ3BI4RGMX7A_WROL4:1uV8iV:fOIbt5P3tgRHH33EukKc8CSt0P1yUzGXxRZ7PKruO50','2025-07-11 13:02:07.472851'),('3xjt32ocogjb3qg56gb42ut1dhwfx3y6','.eJxVjEEOwiAQRe_C2hDGKQO4dN8zNDNApGogKe3KeHdt0oVu_3vvv9TE21qmredlmpO6KDDq9DsKx0euO0l3rremY6vrMoveFX3QrseW8vN6uH8HhXv51kwGvfNwZkE3CAkENMEkE51NBGJNQgTBTH4gitaG7NGKdcSRPYB6fwDWRzbY:1uRpRB:oiLKIz6jSFbq3QfGYBLe5u5YAC9cnmEhgZxmKmC0UgU','2025-07-02 09:50:33.963592'),('49mlasl4cllmw0raan7sweeemg7l4j16','.eJxVjDsOwjAQBe_iGlkbf1hMSc8ZIq93jQPIluKkQtwdIqWA9s3Me6kxrksZ1y7zOLE6K1SH341iekjdAN9jvTWdWl3mifSm6J12fW0sz8vu_h2U2Mu3tihkOUDiaBiB0TjgjBCsC5acEfHJp2QlIJgwMKGnTACnI7iQaVDvD-oKN9A:1u3ZZV:5nTC9O8KRSejv1W7kfDx17AXWimTMCwjOg7Tt0_Ksso','2025-04-26 12:02:53.279950'),('49nq0udll7deq4aeqjtaxtx9y8xyftlp','.eJxVjDsOwjAQBe_iGlkbf1hMSc8ZIq93jQPIluKkQtwdIqWA9s3Me6kxrksZ1y7zOLE6K1SH341iekjdAN9jvTWdWl3mifSm6J12fW0sz8vu_h2U2Mu3tihkOUDiaBiB0TjgjBCsC5acEfHJp2QlIJgwMKGnTACnI7iQaVDvD-oKN9A:1uZmlP:s3qtDOF79H9dmPrPN8twPvwKaOVWe9w_OqUx7ljvL04','2025-07-24 08:36:19.503827'),('4f8xrjqtk2p8mtx2fe9gy0fpfmr7tzzw','.eJxVjs0OgyAQhN-Fc0MAF8Qee_cZzMKulf5AInpq-u7VxkN7nW_my7zEgOsyDWvleUgkzkKDOP2GAeOd807ohvlaZCx5mVOQe0UetMq-ED8uR_dPMGGdtrXhEdgbGNsApECT6TrPaFB7cN5ydBbQoUcdWdHYNAojc2ijJmtcZzdpXcMz1ZpK_l616v0BgNU-7A:1tBYh0:eQa6L7jvRJXrvqsgGjeJjCD9HAoMhAvAbcrZwZ9NULw','2024-11-28 12:11:22.203273'),('54qeqieit4yftjte5lv9zb2ktow314yx','.eJxVjMEKwyAQRP_FcxHXVSM99t5vkNXVmrYYiMkp9N-bQA7taWDem9lEoHWpYe15DiOLqwBx-e0ipVduB-Antcck09SWeYzyUORJu7xPnN-30_07qNTrvrZGq8igTQHnB0aFqAgHW0pUANlqZwCYvHMKsEB2JnqMilIq1uwpPl-yKDcR:1t3wrZ:LYhQz7kQgI7C0t4Gda3LVj_evDvFgfwajj6lZ7V8uws','2024-11-07 12:22:49.058822'),('593a05bx94t28csfy7ldioezh4hzuroz','.eJxVjEEOwiAQRe_C2hBghoIu3fcMZGBAqoYmpV0Z765NutDtf-_9lwi0rTVsPS9hYnERXpx-t0jpkdsO-E7tNss0t3WZotwVedAux5nz83q4fweVev3WGozXRNExg3IwoGajsy4M7IpVmHgodHaA2rDFopgwAUVVfAFEtOL9Ad3cN70:1uRpTS:S7Bcawrouvgns2cSv-U5EkhJSlBiiY3C_Uri5Q3ZQDM','2025-07-02 09:52:54.304109'),('5lx2bnxnajbzmekyu6vuk9lcs9b0o0qx','.eJxVjMEKwyAQRP_FcxHXVSM99t5vkNXVmrYYiMkp9N-bQA7taWDem9lEoHWpYe15DiOLqwBx-e0ipVduB-Antcck09SWeYzyUORJu7xPnN-30_07qNTrvrZGq8igTQHnB0aFqAgHW0pUANlqZwCYvHMKsEB2JnqMilIq1uwpPl-yKDcR:1tANsd:CX5pzq8kBV3NKYRfSEKDSk26s84S5wvkdbyhk-S_kzA','2024-11-25 06:26:31.256858'),('5xpdfmqlyhdadvj0mqb6rl516j5zk400','.eJxVjs0OgyAQhN-Fc0MEF8Qee_cZyMKulf5AInpq-u7VxkN7nW_my7yEx3WZ_Fp59onEWSgQp98wYLxz3gndMF-LjCUvcwpyr8iDVjkU4sfl6P4JJqzTttY8AjsNYxeAGlCk-94xalQOrDMcrQG06FBFbmhs2wYjc-iiIqNtbzZpXcMz1ZpK_l5tzfsDgNk-7w:1t9clJ:O9nohf2p6h3DEw6KxdKMlBICNqG2wCfI0wcCwniuj5w','2024-11-23 04:07:49.640056'),('64tg5bh7l6fa6nl9mlf5ikseyxbbn3yi','.eJxVjDsOwjAQBe_iGlkbf1hMSc8ZIq93jQPIluKkQtwdIqWA9s3Me6kxrksZ1y7zOLE6K1SH341iekjdAN9jvTWdWl3mifSm6J12fW0sz8vu_h2U2Mu3tihkOUDiaBiB0TjgjBCsC5acEfHJp2QlIJgwMKGnTACnI7iQaVDvD-oKN9A:1uVTOA:UAO_d9s_iRVQ6iy8HkYvmu6Jhiq3YIIHAfeoWhLBawQ','2025-07-12 11:06:30.006396'),('6lqqd47d2en8nxftwpw7ofs1nda0un43','.eJxVjMEOwiAQRP-FsyGAwoJH7_0GsuxSqRpISnsy_rtt0oMeZ96beYuI61Li2vMcJxZX4cXpt0tIz1x3wA-s9yap1WWektwVedAuh8b5dTvcv4OCvWzr4BPpZJQDZb2G7JTZogfKrFE7BYaCTQGdvpjMSYdxhEAOzmwxOGDx-QLFUzdS:1st3eB:PMoo0G0QTzpk2L4zKquNNXMJwQZMra2bHLGtyZjnGqs','2024-10-08 11:23:59.244082'),('6pf391fhz2pj17oj450b2j5kx2aej7r4','.eJxVjDkOwjAUBe_iGlm245WSnjNYf7FxACVSnFSIu0OkFNC-mXkvkWFbW956WfLI4iyCOP1uCPQo0w74DtNtljRP6zKi3BV50C6vM5fn5XD_Dhr09q21CjjYCAN7l2Ly5DSTJSQwCCoYwqrYQTSqWowhQtLGDM4XSjpWy-L9AeDnN9E:1stO92:lwmxDZ6zVDi0Ysta4ouNjFOKyWJlM3G1DdbZGqlH6xI','2024-10-09 09:17:12.691903'),('7n4o1zq01sd2nmb1hye1gzmg5c2900q9','.eJxVjs0OwiAQhN-FsyHdLiytR-8-Q8Oy1OIPJKU9Gd_dYDzodb6ZL_NUk9-3ZdprXKck6qjAqMNvyD7cYm5Erj5fig4lb2ti3Sr6S6s-F4n307f7J1h8XdoahR12cxwNQD-iWMLgoCffjTNQT0gO_WAR2JAhHgLLbCBaGRx1sUnrzo9Uayr5c9Xi6w1Axj3T:1tCzhp:rTRRmmiLDJWbVZNGJYztfg0RgC8TA6oqBMW6z4djhWo','2024-12-02 11:14:09.424818'),('8y8pjsmidsh7bqc8jky28471fsxtyots','.eJxVjDsOwjAQBe_iGlkbf1hMSc8ZIq93jQPIluKkQtwdIqWA9s3Me6kxrksZ1y7zOLE6K1SH341iekjdAN9jvTWdWl3mifSm6J12fW0sz8vu_h2U2Mu3tihkOUDiaBiB0TjgjBCsC5acEfHJp2QlIJgwMKGnTACnI7iQaVDvD-oKN9A:1uRS1p:Qqwbof7nmPXYAjagoi1vj6ZgnJsNFatgkf0449uOnJw','2025-07-01 08:50:49.205278'),('91j9g9b7jacb3v189cgwvm7lzp6c6fh2','.eJxVjEEOwiAQRe_C2pCCLQMu3XsGMswMUjU0Ke3KeHfbpAvdvvf-f6uI61Li2mSOI6uLCur0yxLSU-ou-IH1Pmma6jKPSe-JPmzTt4nldT3av4OCrWxrstZSziEADyEzQuiZpDfkhSWdIXs_BAe-cyYDoYe8MQMEmCDZzqnPFwYEOGk:1seufD:MCQDkmtr_OA7qHvuKBAMZimlmCw2yncn8MNYsWY5GKk','2024-08-30 10:58:35.612353'),('9c1agf3u7hn7bmchjz895at1qbg0tbog','.eJxVjMEOwiAQRP-FsyEsLLXr0bvfQIDdStXQpLQn47_bJj1o5jbvzbxViOtSwtpkDiOri7KgTr9livkpdSf8iPU-6TzVZR6T3hV90KZvE8vrerh_ByW2sq0xOdjS9QSDA5_IDwwZxaFJxnhOhBbYEUKf2SKKNwROOjBCjuCsPl_TJDZ1:1uZlap:C5VJTByixyKTrVUXAgv7Jttd6SuECRX8DeLaUDDjG2I','2025-07-24 07:21:19.423808'),('9hlund4sgoslh32uxkgn3ozpeqqtnetr','.eJxVjDsOwjAQBe_iGllx_IWSPmewdtdeHEC2FCcV4u4QKQW0b2beS0TY1hK3npc4J3ERSpx-NwR65LqDdId6a5JaXZcZ5a7Ig3Y5tZSf18P9OyjQy7e2gVCZIYQ0ZjKkkPRAihR4Ys2jZU6BvHWoLVutnM3n7LQ3BI4RGMX7A_WROL4:1uBsrc:GFXuHzSDPpjHJUVjy-3LCB7bRmiRH4EhFzL38PoxYWY','2025-05-19 10:15:56.660408'),('a1h96bptojlgwmqlsav5rm0zcswaqe9y','.eJxVTksOwiAQvQtrQxCn0HHpvmcgM3wsfiAp7cp4d1vThe7eP-8lHC3z6JYWJ5eDOIsjiMOvyOTvsWxOuFG5VulrmafMcovI3W1yqCE-Lnv2b2CkNq5tVKpPGMgi993JstqIjivW1ifWBlCRtsl4AAJlDLI1qcPoQTNSv462hZ-5tVzL96qB9wdhpj5R:1uZmnd:xZFJsr0omwWtTnm9GcZzUCBy171aGlaUU7JmoH6eKIs','2025-07-24 08:38:37.239795'),('abvzj9gbq60envsq2dn52uvdr8lppqe4','.eJxVjDsOwyAQBe9CHSGW7zplep8BAQvBSYQlY1dR7h5bcpG0b2bem_mwrdVvPS9-InZlINjld4whPXM7CD1Cu888zW1dpsgPhZ-083Gm_Lqd7t9BDb3uNSISCuVKgqIFDsVl1FqSdSpmaeRgQBZMRhSBDgC0kIgp2aB2xSpiny_b6TbL:1st3dn:fBhtkBgHy7nQMtAS4EEI3xksdxrzk3yoEZEyFTuP1dA','2024-10-08 11:23:35.952798'),('abwd4yj9y23byene2te9bx9x46d81263','.eJxVjMsOwiAQRf-FtSFQWh4u3fsNZJgZpGogKe3K-O_apAvd3nPOfYkI21ri1nmJM4mz8OL0uyXAB9cd0B3qrUlsdV3mJHdFHrTLayN-Xg7376BAL996mLQHkz0QG42aDamcCGxyY9YQAtvsMFBGEwZL1ieFCFNWxrsRHDnx_gAK1zjS:1tD0Ho:LH0OBOcmeGrzY7QvJvmfO7mkFGEHWZaBQQZim7H7n3E','2024-12-02 11:51:20.745979'),('b2k2i9ositatgi40xuz9bqu5xl5p67iz','.eJxVjDsOwjAQBe_iGllx_IWSPmewdtdeHEC2FCcV4u4QKQW0b2beS0TY1hK3npc4J3ERSpx-NwR65LqDdId6a5JaXZcZ5a7Ig3Y5tZSf18P9OyjQy7e2gVCZIYQ0ZjKkkPRAihR4Ys2jZU6BvHWoLVutnM3n7LQ3BI4RGMX7A_WROL4:1uVRtB:D8ZIOCIiHAEgn-aQjj540rnwaXdqAzXFIwifrT5aTmE','2025-07-12 09:30:25.707170'),('bekn20tgnauzjyg51l915aobrwsh8li0','.eJxVjMsOgjAUBf-la9O0pVyqS_d8A7kvBDVtQmFl_HclYaHbMzPnZQbc1mnYqi7DLOZivDn9boT80LwDuWO-Fcslr8tMdlfsQavti-jzerh_BxPW6VsnbekcWggxJlACj5rAMzvtJASiKMIQXDP6TnjUSKmJHloXEncNODTvD92VN5k:1tDLbW:Hbta_Ets3ltC1PGbh03Z1axZLDhn-K_9ZGoq-3JmPIY','2024-12-03 10:37:06.117055'),('bqteql8wbta83be93agyz34dywbxyhxn','.eJxVjEsOwjAMBe-SNYriOnFalux7hsqOE1pArdTPCnF3FKkL2L6ZeW8z8LGPw7HldZjUXA14c_kdhdMzz5Xog-f7YtMy7-sktir2pJvtF82v2-n-HYy8jbVGlYiu5M4DNB1qIEwRGmLXFaCGkCJyGxDEkydpk2jxkIO2kVxW8_kC5I03SQ:1tkGtF:k4Zr6AaDlkbep7MfZ5OORrx2IWo5Xm9nNyLveTKL_qQ','2025-03-04 06:15:29.044904'),('c3v8a5ok2idozic4zv3hzbl8zim4xth2','.eJxVjDsOwjAQBe_iGllx_IWSPmewdtdeHEC2FCcV4u4QKQW0b2beS0TY1hK3npc4J3ERSpx-NwR65LqDdId6a5JaXZcZ5a7Ig3Y5tZSf18P9OyjQy7e2gVCZIYQ0ZjKkkPRAihR4Ys2jZU6BvHWoLVutnM3n7LQ3BI4RGMX7A_WROL4:1uNQpp:Ss8II3cvnH1QPDUhuOHAthEbx-DI6xNyAOF9F3GwQp8','2025-06-20 06:45:49.908182'),('civyj0d0uqzxg2jvow7ebx8f7x073mj3','.eJxVjDsOwjAQBe_iGllx_IWSPmewdtdeHEC2FCcV4u4QKQW0b2beS0TY1hK3npc4J3ERSpx-NwR65LqDdId6a5JaXZcZ5a7Ig3Y5tZSf18P9OyjQy7e2gVCZIYQ0ZjKkkPRAihR4Ys2jZU6BvHWoLVutnM3n7LQ3BI4RGMX7A_WROL4:1ua6R3:adjrX78CFbCjM1dOKUoScanmbgf0CjbIwA7yWrVYU2Q','2025-07-25 05:36:37.412710'),('cnfy0pr8tjkyvso1kckjeqez13udsn9p','.eJxVjDsOwjAQBe_iGllx_IWSPmewdtdeHEC2FCcV4u4QKQW0b2beS0TY1hK3npc4J3ERSpx-NwR65LqDdId6a5JaXZcZ5a7Ig3Y5tZSf18P9OyjQy7e2gVCZIYQ0ZjKkkPRAihR4Ys2jZU6BvHWoLVutnM3n7LQ3BI4RGMX7A_WROL4:1uZnZ0:-HLAooXkZ-_OSr7dyHnlDrPWq14Q5SWTjtUpwN9aiOA','2025-07-24 09:27:34.692314'),('cog2dvja4gyiyk6gca1aaaki5zg5m8wj','.eJxVjDsOgzAQRO_iOrL8gV07ZXrOYO3aJiaJjIShinL3gESRVCPNezNvEWhbS9haXsKUxFVocfntmOIz1wOkB9X7LONc12VieSjypE0Oc8qv2-n-HRRqZV97x6iMRQV-T-28BqeSAdMxWEY99m7sM3BMjgl0VIgqR7QWsEOTSXy-new2jQ:1tu21b:8hZoaBe9pzsGrvqLKNsNvpV7FWNMeBdmFiZwFQAFV3s','2025-03-31 04:24:27.463384'),('d2xowmh5nx6ca7qa8lqqddy3vmbhhkkm','.eJxVjDsOwjAQBe_iGlkbf1hMSc8ZIq93jQPIluKkQtwdIqWA9s3Me6kxrksZ1y7zOLE6K1SH341iekjdAN9jvTWdWl3mifSm6J12fW0sz8vu_h2U2Mu3tihkOUDiaBiB0TjgjBCsC5acEfHJp2QlIJgwMKGnTACnI7iQaVDvD-oKN9A:1ubwhH:4TRdsdfwVLbdrgGhkGKbmZrQejiCkBMHPfHOzg6Cnm4','2025-07-30 07:36:59.447105'),('dgb8c22ivb5nar5yjl4xsbsj8l53d8mm','.eJxVjEEOgjAURO_StWmgvy2_Lt17hmb6aQU1kFBYGe-uJCx0O--9eamIbR3iVvMSx16dFavT75YgjzztoL9jus1a5mldxqR3RR-06uvc5-flcP8OBtThWwuX4EKCbcSYlphABdx5lMBWkNGiIZKWiudUiEJnHBgi4rMz2ar3B-y7ODU:1seuQV:hGlUO6R0T5Rhx5tl8uPGv4L1iywTHm5O1IZjJJHWCsg','2024-08-30 10:43:23.365791'),('e3tfv1s5sbbotibe3ky6juol3j83mswm','.eJxVjDsOwjAQBe_iGlkbf1hMSc8ZIq93jQPIluKkQtwdIqWA9s3Me6kxrksZ1y7zOLE6K1SH341iekjdAN9jvTWdWl3mifSm6J12fW0sz8vu_h2U2Mu3tihkOUDiaBiB0TjgjBCsC5acEfHJp2QlIJgwMKGnTACnI7iQaVDvD-oKN9A:1uLyuh:GX-5lJ5hQHt9KV57i4j3PaGp2Moi-Vlz7iHziKWS06k','2025-06-16 06:44:51.918273'),('es4hp00qytz3fgc3izdqsyittfz2pmfl','.eJxVjEEOwiAQAP_C2RBoF2g9eu8byLIsUjWQlPZk_Lsh6UGvM5N5C4_Hnv3RePNrFFehQVx-YUB6cukmPrDcq6Ra9m0NsifytE0uNfLrdrZ_g4wt969SgDa5BC7M06iISBsY2IFNs5kijQzBRgsRUrLG6sSKGck5zUa5QXy-_7w4Eg:1ty7R4:4-a8hCD_IDDOALVD71CAIiens5f6vLrmCuxcmkxpu-A','2025-04-11 10:59:38.791951'),('fvae9a6stveqr2zw79w6br9jwcu1d5dg','.eJxVjEEOwiAQRe_C2hDGKQO4dN8zNDNApGogKe3KeHdt0oVu_3vvv9TE21qmredlmpO6KDDq9DsKx0euO0l3rremY6vrMoveFX3QrseW8vN6uH8HhXv51kwGvfNwZkE3CAkENMEkE51NBGJNQgTBTH4gitaG7NGKdcSRPYB6fwDWRzbY:1uZlN7:CaIIIxIGW2CJ_EvH_2P8uAAsFA-AVUkVJ8iziqa3Hk8','2025-07-24 07:07:09.586372'),('fzllm1inivszmhs18xddajvqez8cyzuh','.eJxVjMsOgjAUBf-la9O0pVyqS_d8A7kvBDVtQmFl_HclYaHbMzPnZQbc1mnYqi7DLOZivDn9boT80LwDuWO-Fcslr8tMdlfsQavti-jzerh_BxPW6VsnbekcWggxJlACj5rAMzvtJASiKMIQXDP6TnjUSKmJHloXEncNODTvD92VN5k:1tD0JB:JfhD4fZ0T5_Nv-f1UbVhPBRAnrmuNLuTI6HnrrIWmQU','2024-12-02 11:52:45.608884'),('g5nedaqs6l7la8n0ngi21qxvymlzly11','.eJxVjMEKwyAQRP_FcxHXVSM99t5vkNXVmrYYiMkp9N-bQA7taWDem9lEoHWpYe15DiOLqwBx-e0ipVduB-Antcck09SWeYzyUORJu7xPnN-30_07qNTrvrZGq8igTQHnB0aFqAgHW0pUANlqZwCYvHMKsEB2JnqMilIq1uwpPl-yKDcR:1sqoKy:APNdij1dL_t74bNAwoc7oND6_4hZ6rxYNsBoJ_5eeo0','2024-10-02 06:38:52.302131'),('gm17vhyq8euyuae0dc6ui9gbrle7hiuf','.eJxVjDsOwjAQBe_iGlkbf1hMSc8ZIq93jQPIluKkQtwdIqWA9s3Me6kxrksZ1y7zOLE6K1SH341iekjdAN9jvTWdWl3mifSm6J12fW0sz8vu_h2U2Mu3tihkOUDiaBiB0TjgjBCsC5acEfHJp2QlIJgwMKGnTACnI7iQaVDvD-oKN9A:1u3ZZW:nbwRuG0ZH3oIuCIPPhvIF1_GRpQsE5F2rINUuk7gLxw','2025-04-26 12:02:54.723884'),('guza6dy7zynezszd6ijtool6u3fnw440','.eJxVjDkOwjAUBe_iGln5dhZMSc8ZrL8ZB5AjxUmFuDuylALamXnvbSLuW4571TXOYi4mmNMvI-SnlibkgeW-WF7Kts5kW2IPW-1tEX1dj_bvIGPNbU2ePQOEUUdIIQi53iXoz0gDIRKxIMik5CFo17gfkvPdxEDKCcznCwiUONc:1st3cB:iS7RMrhJRAvL4L-V41Yc8EA_xivowRCdS_2--oxP2yU','2024-10-08 11:21:55.571445'),('h3ho9ig2g5419vleuf3rr5u94zs4odjm','.eJxVjDsOwjAQBe_iGln-xJ9Q0ucM1q7XxgFkS3FSIe5OIqWAdmbee7MA21rC1tMSZmJXJtnllyHEZ6qHoAfUe-Ox1XWZkR8JP23nU6P0up3t30GBXva1ECB0ThhHNchIKYvRRmu1RFB6IPBZRTQkdpKlRWeM1FoROlLeu6zY5wvqhDe5:1sZ2O6:yQCcQevFyjR3RlOPimFDiq7R1-M-BpmeywA2d0bqNNE','2024-08-14 06:00:38.224469'),('hef830tr21y5xcuuesjwvoo6kezornb4','.eJxVjDsOgzAQRO_iOrL8gV07ZXrOYO3aJiaJjIShinL3gESRVCPNezNvEWhbS9haXsKUxFVocfntmOIz1wOkB9X7LONc12VieSjypE0Oc8qv2-n-HRRqZV97x6iMRQV-T-28BqeSAdMxWEY99m7sM3BMjgl0VIgqR7QWsEOTSXy-new2jQ:1tseIA:WKjkIbAgzd4kYvtEfF6SB4vwn-n7zIB4SM0VJQ1iYac','2025-03-27 08:51:50.929923'),('hkefsmc79q20xn49dpp56xoeje9rajqz','.eJxVjEEOwiAQRe_C2hCgAwWX7j0DGZhBqoYmpV0Z765NutDtf-_9l4i4rTVunZc4kTgLDeL0OybMD247oTu22yzz3NZlSnJX5EG7vM7Ez8vh_h1U7PVbGy7A3kAZE5ACTSYEz2hQe3DecnYW0KFHnVlRGQaFmTmNWZM1Lljx_gAPnThl:1tMR9d:_c3Z_LDLNrD5AOoGbWKsIj-e9-EIPmRaITUvv4DrKvg','2024-12-28 12:21:53.352613'),('hvkprsuy529muybyn8cjcbthakqeizfo','.eJxVjEEOwiAQRe_C2hBgCqUu3fcMhGEGqRqalHZlvLtt0oVu_3vvv0WI21rC1ngJE4mr0EpcfkeM6cn1IPSI9T7LNNd1mVAeijxpk-NM_Lqd7t9Bia3sNZPvXG-ZtFWDibYHTOTQaAJFwN5BRoNdYqOzyQDkraJEOcMeWRzE5wsNhjiR:1sdpOa:oSlzf-yYEUoDdiD5xSDDOvvSM9yaMFakYhg7DU3XQdU','2024-08-27 11:08:56.295178'),('hwboej34rfp6anvyvxpp5zssyewowc05','.eJxVjMEOwiAQRP-FsyGAwoJH7_0GsuxSqRpISnsy_rtt0oMeZ96beYuI61Li2vMcJxZX4cXpt0tIz1x3wA-s9yap1WWektwVedAuh8b5dTvcv4OCvWzr4BPpZJQDZb2G7JTZogfKrFE7BYaCTQGdvpjMSYdxhEAOzmwxOGDx-QLFUzdS:1t1HvZ:L6aIJ62-hEmblzFuPeOAawgKJlUrsSsL4SvtVD5NW6U','2024-10-31 04:15:57.403027'),('i10i01oqxa2uho16tdfc1i9p9l4fqrn5','.eJxVjMEOwiAQRP-FsyGAwoJH7_0GsuxSqRpISnsy_rtt0oMeZ96beYuI61Li2vMcJxZX4cXpt0tIz1x3wA-s9yap1WWektwVedAuh8b5dTvcv4OCvWzr4BPpZJQDZb2G7JTZogfKrFE7BYaCTQGdvpjMSYdxhEAOzmwxOGDx-QLFUzdS:1tB5g8:tB1iFQvIU35LgBbKHPvyLYi2nj1g1dQKFLOyllgyZzI','2024-11-27 05:12:32.547647'),('i1yz5tk12k8d2g7v4w8jxeue1it4nuzw','.eJxVjDsOwjAQBe_iGllx_IWSPmewdtdeHEC2FCcV4u4QKQW0b2beS0TY1hK3npc4J3ERSpx-NwR65LqDdId6a5JaXZcZ5a7Ig3Y5tZSf18P9OyjQy7e2gVCZIYQ0ZjKkkPRAihR4Ys2jZU6BvHWoLVutnM3n7LQ3BI4RGMX7A_WROL4:1uWXIt:Q4b16V8k6mgxQDbvanLYLQZkxYjCz6TwNjTduw3FpQc','2025-07-15 09:29:27.690249'),('i4azixu2a1imx48nk1r4ckm6luop9rth','.eJxVjDsOwjAUBO_iGlnBeX6OKek5g7X-4QBypDipEHcnkVJAOzO7b-GwLsWtLc1ujOIijDj9Mo_wTHUX8YF6n2SY6jKPXu6JPGyTtymm1_Vo_w4KWtnWxLazIOJes1IAzjpzNgNnZtCgmCiQ7rTasCWAQyLjMwXb66RMFp8vtHI2_w:1sdoZR:VwhLE6ykb483aSn4J7J6uvLmmVJPqTGNivtMtzWTYx4','2024-08-27 10:16:05.160463'),('il4s2uxsfnml0f5oba7rpop2e8pxs2gv','.eJxVjEEOwiAQRe_C2pCCLQMu3XsGMswMUjU0Ke3KeHfbpAvdvvf-f6uI61Li2mSOI6uLCur0yxLSU-ou-IH1Pmma6jKPSe-JPmzTt4nldT3av4OCrWxrstZSziEADyEzQuiZpDfkhSWdIXs_BAe-cyYDoYe8MQMEmCDZzqnPFwYEOGk:1sZXKs:iRJkYia2avF6Qushp4uwU2JRKPTdRVhkLYIcV3HzVw8','2024-08-15 15:03:22.512505'),('irnpzi0l8wjkk6x8jr2ie3for8mldeoo','.eJxVjDkOwjAUBe_iGlm245WSnjNYf7FxACVSnFSIu0OkFNC-mXkvkWFbW956WfLI4iyCOP1uCPQo0w74DtNtljRP6zKi3BV50C6vM5fn5XD_Dhr09q21CjjYCAN7l2Ly5DSTJSQwCCoYwqrYQTSqWowhQtLGDM4XSjpWy-L9AeDnN9E:1t1I4R:beyPMgBee9Cky1wZZZo3bICk0owwpAM8_R1esfTaGV0','2024-10-31 04:25:07.748305'),('ja4mowe9qoj26fnjmqybq1489l8theo2','.eJxVjMsOwiAQRf-FtSFARx4u3fcbyMAMUjU0Ke3K-O_apAvd3nPOfYmI21rj1nmJE4mLcOL0uyXMD247oDu22yzz3NZlSnJX5EG7HGfi5_Vw_w4q9vqtPYJ1wKgIlbI0kC0YQs6Anr0qNjtnis6KUjEcmNAweA76bJVmGEC8PwEdOGk:1t8EJ7:G07c1sXEV0vqjtDZniSAF2YnIccpKizAJXcCNTTGDMA','2024-11-19 07:48:57.967265'),('jdn6q0blhe75h25io3vjiuuf4xll4nel','.eJxVjDsOwjAQBe_iGllx_IWSPmewdtdeHEC2FCcV4u4QKQW0b2beS0TY1hK3npc4J3ERSpx-NwR65LqDdId6a5JaXZcZ5a7Ig3Y5tZSf18P9OyjQy7e2gVCZIYQ0ZjKkkPRAihR4Ys2jZU6BvHWoLVutnM3n7LQ3BI4RGMX7A_WROL4:1u7v1V:jCW6JErJHXmdtUgeydfQBiIuddrKwox0PH0OY0rnQcw','2025-05-08 11:45:45.981421'),('jwsfq87oh58xb5n06h3nsj86gtncmsoz','.eJxVjs0OwiAQhN-FsyHuAqV49O4zNCwsFn8gKe3J-O62pge9zjfzZV5i8Ms8DkvjachRnARocfgNyYc7l43Emy_XKkMt85RJbhW50yYvNfLjvHf_BKNv47p2fcDUQWDUOhlrXKQU1dEiIhhMvbMcjOvIWiATeuXZowZS6BgVa1ilbaFnbi3X8r2q4P0BWQI-Bg:1svVwn:oOqLq0RypfDMJ8CYDuga7H00hUpgt_xKZXOUHzaGV_o','2024-10-15 06:01:21.097702'),('k3tsapepzb84vk2hi2lqw3pikzhjiaox','.eJxVjMEKwyAQRP_FcxHXVSM99t5vkNXVmrYYiMkp9N-bQA7taWDem9lEoHWpYe15DiOLqwBx-e0ipVduB-Antcck09SWeYzyUORJu7xPnN-30_07qNTrvrZGq8igTQHnB0aFqAgHW0pUANlqZwCYvHMKsEB2JnqMilIq1uwpPl-yKDcR:1vUl9v:jVgqWAPh_l-lftFc84eM1QZIn54cOVgzMM_PPm8gAZc','2025-12-28 12:25:07.107533'),('k4e8vx7mgidyhwjqbg70plcnh8yb6ky4','.eJxVjDsOwjAUBO_iGlnBeX6OKek5g7X-4QBypDipEHcnkVJAOzO7b-GwLsWtLc1ujOIijDj9Mo_wTHUX8YF6n2SY6jKPXu6JPGyTtymm1_Vo_w4KWtnWxLazIOJes1IAzjpzNgNnZtCgmCiQ7rTasCWAQyLjMwXb66RMFp8vtHI2_w:1slT5x:RJ04s_TJl8TnNEG7ikEMX_HXJoOiV66ZnlTXfH8gdso','2024-09-17 12:57:17.267277'),('kacylclbp5z3exujx6ydydxx5i9ri00n','.eJxVjEEOwiAQRe_C2pCCLQMu3XsGMswMUjU0Ke3KeHfbpAvdvvf-f6uI61Li2mSOI6uLCur0yxLSU-ou-IH1Pmma6jKPSe-JPmzTt4nldT3av4OCrWxrstZSziEADyEzQuiZpDfkhSWdIXs_BAe-cyYDoYe8MQMEmCDZzqnPFwYEOGk:1sbyOr:QWPxuIyanIVBIw1yQEEHzq2yNmsD1QF-gARR2Livay0','2024-08-22 08:21:33.128162'),('kujjq5ggoe0y6grhguholnbya5ombk8d','.eJxVjDsOwjAQBe_iGllx_IWSPmewdtdeHEC2FCcV4u4QKQW0b2beS0TY1hK3npc4J3ERSpx-NwR65LqDdId6a5JaXZcZ5a7Ig3Y5tZSf18P9OyjQy7e2gVCZIYQ0ZjKkkPRAihR4Ys2jZU6BvHWoLVutnM3n7LQ3BI4RGMX7A_WROL4:1uaXF0:-RQnmN4hlZgDwYaiJ14lH-wd0H0nOgXY-oYpzo0qAQ0','2025-07-26 10:13:58.091492'),('lahf4slmqgguii08z6ky6keasyrpd7lc','.eJxVjEsOAiEQBe_C2pAGmo8u3XsG0kArowaS-ayMd1eSWei2qt57iUjbWuO28BynIk7iKA6_LFF-cBui3Kndusy9rfOU5Ejkbhd56YWf5739O6i01O_aQYBsEdlo4GvQCRWA9gq0UWlw6x1nsEQeU0HjHXHIIbFBBiAU7w-xrDb0:1sZ2Je:eRYJ6NQFrgHe-whP0uar4dbetXmtUAbxVsFq1kFrev8','2024-08-14 05:56:02.162263'),('leaqg5y81cyf665k1rz6w5iagq0qbj4j','.eJxVjDsOwjAQBe_iGllx_IWSPmewdtdeHEC2FCcV4u4QKQW0b2beS0TY1hK3npc4J3ERSpx-NwR65LqDdId6a5JaXZcZ5a7Ig3Y5tZSf18P9OyjQy7e2gVCZIYQ0ZjKkkPRAihR4Ys2jZU6BvHWoLVutnM3n7LQ3BI4RGMX7A_WROL4:1uR2tw:ufAblf23N0J8zQnhoEfodpegWDZdtUBawbn0XfQy3n8','2025-06-30 06:01:00.860278'),('lrghsyjwr414hrf0e1ajnfuqp9jw1mip','.eJxVjMsOwiAURP-FtSFe3rh07zcQ4F6kaiAp7cr477ZJF5rMas6ZebMQ16WGddAcJmQX5tjpt0sxP6ntAB-x3TvPvS3zlPiu8IMOfutIr-vh_h3UOOq2ttKfQQFmgCRJ5GI1elmMQG8ATDRpi1CgNBXKxkFx1moS3holQEr2-QLN9Tbv:1sZ1t2:gbYpfv5yEYsEMPK-AEOme5B362zhH_qm06ogCwC4jRg','2024-08-14 05:28:32.422595'),('m3vp5wpm8kzw47irkigdoenml73vh1pk','.eJxVjDsOwyAQBe9CHSGW7zplep8BAQvBSYQlY1dR7h5bcpG0b2bem_mwrdVvPS9-InZlINjld4whPXM7CD1Cu888zW1dpsgPhZ-083Gm_Lqd7t9BDb3uNSISCuVKgqIFDsVl1FqSdSpmaeRgQBZMRhSBDgC0kIgp2aB2xSpiny_b6TbL:1t8ELX:AGI4frGuN1o377PmRKbp1Tyz_QgmSdddwK62Db4wdfE','2024-11-19 07:51:27.210434'),('m8zfmx10rwkjrhq663zid9qbntsqf6q6','.eJxVjs0OwiAQhN-FsyHdLiytR-8-Q8Oy1OIPJKU9Gd_dYDzodb6ZL_NUk9-3ZdprXKck6qjAqMNvyD7cYm5Erj5fig4lb2ti3Sr6S6s-F4n307f7J1h8XdoahR12cxwNQD-iWMLgoCffjTNQT0gO_WAR2JAhHgLLbCBaGRx1sUnrzo9Uayr5c9XS6w1AzD3W:1tE3Zs:nouAUW7PGT4Ky3TwwwCb9D5D1Gwj7mWpNn2SVrpyjF4','2024-12-05 09:34:20.342336'),('mgsz42zzywhiiej2fsvzec40u2cxdgge','e30:1uVTSR:CUwmDEQSvJRoNV5odmUP0fqjyzZqJqTsnHT0UOLbh6Y','2025-07-12 11:10:55.222930'),('mtc4knmmfsgt4ydrkrb4j9rmj1i4mycw','.eJxVjMEOwiAQRP-FsyEsLLXr0bvfQIDdStXQpLQn47_bJj1o5jbvzbxViOtSwtpkDiOri7KgTr9livkpdSf8iPU-6TzVZR6T3hV90KZvE8vrerh_ByW2sq0xOdjS9QSDA5_IDwwZxaFJxnhOhBbYEUKf2SKKNwROOjBCjuCsPl_TJDZ1:1uOuJO:MdEl4biJjoUCy6H8t9YZIxEER2nv2uipjGJM3-aQpXk','2025-06-24 08:26:26.514877'),('mtcvzd68s5hulf6wshkhwvyu516fjom9','.eJxVjMEOwiAQBf-FsyFLgQIevfcbCOyCVA0kpT0Z_9026UGvb2bem_mwrcVvPS1-JnZl2rLL7xgDPlM9CD1CvTeOra7LHPmh8JN2PjVKr9vp_h2U0MteA9GII1gSUYIRymAYpHJOJU1Z2mEEl4xCHSFKA7hzB0nIbA3mAaRlny_z0TdM:1uU1xB:baH04kf9cwP1lsjhEAUhGLPwdM4F5RHdujB5ootsqDY','2025-07-08 11:36:41.775794'),('nhehexg3biq8c646qtxghk7be92ozluw','.eJxVjM0OwiAQhN-FsyGIW2A9eu8zkF1-pGpoUtqT8d0tSQ96m5lvZt7C07YWv7W0-CmKqziDOP2GTOGZaifxQfU-yzDXdZlY9oo8aJPjHNPrdnT_Dgq1sq9RKZcxkkV2w8Wy6kanXWsbMmsDqEjbbAIAgTIG2Zo8YAqgGcmJzxf8NDfF:1u77F6:fOxVcQFgDUHTYSdkwS84XE-p9s8yO_v2LrmawwOLSh4','2025-05-06 06:36:28.658960'),('nn4cak0wcxjynl5yd45zm40kminbi4vo','.eJxVjMEKwyAQRP_FcxHXVSM99t5vkNXVmrYYiMkp9N-bQA7taWDem9lEoHWpYe15DiOLqwBx-e0ipVduB-Antcck09SWeYzyUORJu7xPnN-30_07qNTrvrZGq8igTQHnB0aFqAgHW0pUANlqZwCYvHMKsEB2JnqMilIq1uwpPl-yKDcR:1t4fJV:z0y-nWU6m3gIpY_4Pg8akup4B28mc04RlnyzFDF2ARY','2024-11-09 11:50:37.618567'),('od2zj1cmo4ulg17qv35xyeabrev33e7u','.eJxVjDsOgzAQRO_iOrL8gV07ZXrOYO3aJiaJjIShinL3gESRVCPNezNvEWhbS9haXsKUxFVocfntmOIz1wOkB9X7LONc12VieSjypE0Oc8qv2-n-HRRqZV97x6iMRQV-T-28BqeSAdMxWEY99m7sM3BMjgl0VIgqR7QWsEOTSXy-new2jQ:1trUZT:rkLdzicJjygETFVXWhwXR2ABPYeT9RGtnukOTBs8Aug','2025-03-24 04:16:55.064747'),('ojx5yaw99ccnza6i16foo2v0ernxs6pj','.eJxVjEEOwiAQRe_C2hCgYAeX7nsGMsyAVA1NSrsy3l1JutC__O_lvUTAfSthb2kNM4uLGMXp94tIj1Q74DvW2yJpqds6R9kVedAmp4XT83q4f4GCrfSsG138bkAYLCpiQO_Ae0bNWUMGD3S2afDaoNI2QzQuszKW0FEkLd4f70Q4Nw:1sZ1nW:lrlAC-G0fqUkqivu1ljJVR8bejg8wYc2MkLZdN8WhmI','2024-08-14 05:22:50.526187'),('ok40viziq7gikzris3shjpjsag4bo0q4','.eJxVjEEOwiAQRe_C2hCgQwGX7j0DYZhBqoYmpV0Z765NutDtf-_9l4hpW2vcOi9xInEWRovT74gpP7jthO6p3WaZ57YuE8pdkQft8joTPy-H-3dQU6_fGhVmlcgXbXzICsiOSgEbMkYXC4UThGADFHROl8xWj2QG5wsNNiN48f4ACMs4Bg:1tB5gy:xktjgROYzLHBbZ8vHwgkfcCgRoy_CG-0YqvE15b5q1U','2024-11-27 05:13:24.683691'),('oustqcmgr6j1p1sgjnhiu5gfcbb98xme','.eJxVjDsOwjAQBe_iGllx_IWSPmewdtdeHEC2FCcV4u4QKQW0b2beS0TY1hK3npc4J3ERSpx-NwR65LqDdId6a5JaXZcZ5a7Ig3Y5tZSf18P9OyjQy7e2gVCZIYQ0ZjKkkPRAihR4Ys2jZU6BvHWoLVutnM3n7LQ3BI4RGMX7A_WROL4:1uUIIL:7-29NX807pObxndZ62pzFrmMQpSfMBPVmkN_YP1AchI','2025-07-09 05:03:37.584147'),('ozpatztgm7fq9gb561w3v91ogzpiimt7','.eJxVjEEOwiAQRe_C2hBngAIu3fcMBIZBqoYmpV0Z765NutDtf-_9lwhxW2vYOi9hyuIiQIvT75giPbjtJN9ju82S5rYuU5K7Ig_a5Thnfl4P9--gxl6_tXeEZQBi1LoYa3xOJauzRUQwWJy3TMYPyVpIhpyKHFFDUugZFWsQ7w_4vjeA:1stOhZ:6HR8i_bUpT5Jn3rf88lJzL8OTTtcMOUaO7GwZyh3osQ','2024-10-09 09:52:53.050540'),('p814zo8a8l3flm6ssw07o3ry43h4sbe5','.eJxVjDsOwjAQBe_iGllx_IWSPmewdtdeHEC2FCcV4u4QKQW0b2beS0TY1hK3npc4J3ERSpx-NwR65LqDdId6a5JaXZcZ5a7Ig3Y5tZSf18P9OyjQy7e2gVCZIYQ0ZjKkkPRAihR4Ys2jZU6BvHWoLVutnM3n7LQ3BI4RGMX7A_WROL4:1tvVOT:H40cZEpzM0B4iYU9jnEc5COJFSR_q0IWeyqSd9k7dlU','2025-04-04 05:58:09.714909'),('pk2696hcckqw0jh3luxkjkvi722a6bmz','.eJxVjDkOwjAUBe_iGlm245WSnjNYf7FxACVSnFSIu0OkFNC-mXkvkWFbW956WfLI4iyCOP1uCPQo0w74DtNtljRP6zKi3BV50C6vM5fn5XD_Dhr09q21CjjYCAN7l2Ly5DSTJSQwCCoYwqrYQTSqWowhQtLGDM4XSjpWy-L9AeDnN9E:1t113K:tERNOij2ZTmMItEohMh40g_M3_penDTWY1QNw_qQ2J0','2024-10-30 10:14:50.923529'),('q727mphlfkpj966j207i2bbapfhz7b17','.eJxVjMEKwyAQRP_FcxHXVSM99t5vkNXVmrYYiMkp9N-bQA7taWDem9lEoHWpYe15DiOLqwBx-e0ipVduB-Antcck09SWeYzyUORJu7xPnN-30_07qNTrvrZGq8igTQHnB0aFqAgHW0pUANlqZwCYvHMKsEB2JnqMilIq1uwpPl-yKDcR:1tMRAh:RUBp8Zxh4wU7OltbXAi4FDlqCD5JFAjIPVABblmic7w','2024-12-28 12:22:59.431007'),('qf8bus2hze16ga276wocnv82megkaut0','.eJxVjMEOwiAQRP-FsyEsLLXr0bvfQIDdStXQpLQn47_bJj1o5jbvzbxViOtSwtpkDiOri7KgTr9livkpdSf8iPU-6TzVZR6T3hV90KZvE8vrerh_ByW2sq0xOdjS9QSDA5_IDwwZxaFJxnhOhBbYEUKf2SKKNwROOjBCjuCsPl_TJDZ1:1uV8QE:06YDrldoCvh-vDoUGz7Jf-jXQybVG88XCatgrtPNG_k','2025-07-11 12:43:14.389255'),('qo1x90t3czo3p0zvhkagbubq87z1f43l','.eJxVjDsOwyAQBe9CHSGW7zplep8BAQvBSYQlY1dR7h5bcpG0b2bem_mwrdVvPS9-InZlINjld4whPXM7CD1Cu888zW1dpsgPhZ-083Gm_Lqd7t9BDb3uNSISCuVKgqIFDsVl1FqSdSpmaeRgQBZMRhSBDgC0kIgp2aB2xSpiny_b6TbL:1tnwDA:inL4jYQfgIC1h5alwUc2PrR4TllLKq29169FLfhrI0o','2025-03-14 08:59:12.581525'),('rod5m53c5y9kozqnfikgutvxuwh5zvfz','.eJxVjDsOwjAQBe_iGln-rmVKes5grb1rHECOFCcV4u4QKQW0b2beSyTc1pa2wUuaSJxFEKffLWN5cN8B3bHfZlnmvi5TlrsiDzrkdSZ-Xg7376DhaN-afVRVI2es2igiDtpF78Er40CpYGONnHVBa3wEw9VSBXKZLSM4YPH-AOTEOAY:1trzRW:CR5K6bpFJX8HxjlxZV1s5jWJEyrlEwsbJxL4oozMNyY','2025-03-25 13:14:46.822406'),('ruitp41r5le95fn7lqrmz0miulfu46vx','.eJxVjEEOwiAQRe_C2hDGKQO4dN8zNDNApGogKe3KeHdt0oVu_3vvv9TE21qmredlmpO6KDDq9DsKx0euO0l3rremY6vrMoveFX3QrseW8vN6uH8HhXv51kwGvfNwZkE3CAkENMEkE51NBGJNQgTBTH4gitaG7NGKdcSRPYB6fwDWRzbY:1uNQLv:YkRsLjPsW4lJU4zwOPRsse1matinYyVtDg-pBwcBPjY','2025-06-20 06:14:55.915296'),('sa6l3dt7hcctrsz7pkw8p0uuzzbhrvp9','.eJxVjDsOwjAQBe_iGllZG2yHkp4zRG-9GxxAjpRPhbg7REoB7ZuZ9zId1qV066xTN4g5Gwrm8Dsy8kPrRuSOehttHusyDWw3xe50ttdR9HnZ3b-Dgrl8a0_qHSFp4wOiJng50okCNcKs8NDolAP3klqN0RFnB4XrW2ZCD_P-ABKuOTQ:1uCCC5:UxDK1a7iIgF-3f9doG3AeKUapAaa6xeHbbL9OngYylg','2025-05-20 06:54:21.046305'),('sdm52qlzsdj63ts8ux50bdtdmkxzp2os','.eJxVjs0OgyAQhN-Fc0MEF8Qee_cZyMKulf5AInpq-u7VxkN7nW_my7yEx3WZ_Fp59onEWSgQp98wYLxz3gndMF-LjCUvcwpyr8iDVjkU4sfl6P4JJqzTttY8AjsNYxeAGlCk-94xalQOrDMcrQG06FBFbmhs2wYjc-iiIqNtbzZpXcMz1ZpK_l5tzfsDgNk-7w:1t8aj2:X1gD6VLo7Eg-KSsQEYXFzgfVIQJ4-P8PiloOspHAkRU','2024-11-20 07:45:12.930260'),('tiajxz8ofybzlst9v90fet6urvlewtxp','.eJxVjDsOwjAQBe_iGllx_IWSPmewdtdeHEC2FCcV4u4QKQW0b2beS0TY1hK3npc4J3ERSpx-NwR65LqDdId6a5JaXZcZ5a7Ig3Y5tZSf18P9OyjQy7e2gVCZIYQ0ZjKkkPRAihR4Ys2jZU6BvHWoLVutnM3n7LQ3BI4RGMX7A_WROL4:1uTwgm:b7c5jJvyzS1fWzSFyTFXx7oeDjHzuL8h3wihO5LL9aE','2025-07-08 05:59:24.816745'),('tlrrfhbjy6e0xppiv1uy131hbhtyv8w0','.eJxVjDsOwjAQBe_iGllx_IWSPmewdtdeHEC2FCcV4u4QKQW0b2beS0TY1hK3npc4J3ERSpx-NwR65LqDdId6a5JaXZcZ5a7Ig3Y5tZSf18P9OyjQy7e2gVCZIYQ0ZjKkkPRAihR4Ys2jZU6BvHWoLVutnM3n7LQ3BI4RGMX7A_WROL4:1uV1NU:va0_z3hSopESnlOLYt-mXDeSJvD8gJmeFcjZgQ-Dusw','2025-07-11 05:11:56.284762'),('tpo6npmu426s1ojrtuyf3hgch3o3jxe2','.eJxVjDsOwjAQRO_iGlnxrn9Q0nMGa_1ZHECOFCcV4u4kUgpoppj3Zt4i0LrUsPYyhzGLi9AoTr9lpPQsbSf5Qe0-yTS1ZR6j3BV50C5vUy6v6-H-HVTqdVv7DFobZxwky6TIe1YO2Uc_KFRuYICCAOw8si3aZgNI8cxlS8cqic8X5pk3rw:1tpnKg:PdUg2-fY0Cm5GGadQvPJR_TKj03p7g-bOZ-IJsZ8MT4','2025-03-19 11:54:38.705050'),('tubreu9x5o5tnwcj1f60raarnqsu0ykl','.eJxVjDsOwjAQBe_iGlkbf1hMSc8ZIq93jQPIluKkQtwdIqWA9s3Me6kxrksZ1y7zOLE6K1SH341iekjdAN9jvTWdWl3mifSm6J12fW0sz8vu_h2U2Mu3tihkOUDiaBiB0TjgjBCsC5acEfHJp2QlIJgwMKGnTACnI7iQaVDvD-oKN9A:1uVSF2:SDS63p9l45hRJjomr2E0xddmfbLDXwxKBU4rLP_t8LI','2025-07-12 09:53:00.857915'),('tz7xnfc4zs7vxtubgw967c2l9l9u9px4','.eJxVjTkOwjAQRe_iGqIZbwmU9JzBGs_YhEUxioMoEHfHkSig-tJf3n-pQI9lDI-a5nAWtVeoNr9eJL6maQ3kQtOpdFymZT7Hbq1037R2xyLpdvh2_wAj1bGtndUQBbXN6IdeDBgDZHqXcwTE5LS3iEKD94AmY_I2DiYCMWdnm67QO9X6LLOEOdW0hKW0t4bmfLpMZdsD2B2D2Q2usdixFraRtXPi2RCq9wfL2kvN:1t4GYY:HRiqmZJrR4cmqKoqghZ1ymtnTVW1mJMDZqOgEJg37vA','2024-11-08 09:24:30.306011'),('uay3ohnr8k0lrx9wvr36t1fluoi5amam','.eJxVjEEOgjAURO_StWmgvy2_Lt17hmb6aQU1kFBYGe-uJCx0O--9eamIbR3iVvMSx16dFavT75YgjzztoL9jus1a5mldxqR3RR-06uvc5-flcP8OBtThWwuX4EKCbcSYlphABdx5lMBWkNGiIZKWiudUiEJnHBgi4rMz2ar3B-y7ODU:1seC25:hkuuvuQx-HpkoFwE5X7tifIWi69U3RMN6xQ5a09AlOo','2024-08-28 11:19:13.666838'),('ubrre1p6w2ikc0496nqt5zbszpp1r453','.eJxVjDsOwjAQBe_iGlnxLxtT0nMGa9e7wQHkSHFSIe4OkVJA-2bmvVTCbS1pa7KkidVZGXX63QjzQ-oO-I71Nus813WZSO-KPmjT15nleTncv4OCrXzrHmPEyAEkAFuy4gbPrhPs2FEw4yhiJTvyxhEigfUEvWEeAIINFNX7A_o-OGA:1seC5v:prGrdPdZ3-GOVYoFLBXt0WIfSJxbOfuGHxgefeMc0Gs','2024-08-28 11:23:11.339073'),('uflbvawiihkx0rhdo5hki600kd8neuc1','.eJxVjDkOwjAUBe_iGln5dhZMSc8ZrL8ZB5AjxUmFuDuylALamXnvbSLuW4571TXOYi4mmNMvI-SnlibkgeW-WF7Kts5kW2IPW-1tEX1dj_bvIGPNbU2ePQOEUUdIIQi53iXoz0gDIRKxIMik5CFo17gfkvPdxEDKCcznCwiUONc:1t1ehA:z8K9ugplZUDgQHtCX-TNV_UWGzwVdeFJU9LILZ1SF1k','2024-11-01 04:34:36.397137'),('upgf4m8a04l813uccsfwowiqvtiehc6d','.eJxVjs0OgyAQhN-Fc0MEF8Qee_cZyMKulf5AInpq-u7VxkN7nW_my7yEx3WZ_Fp59onEWSgQp98wYLxz3gndMF-LjCUvcwpyr8iDVjkU4sfl6P4JJqzTttY8AjsNYxeAGlCk-94xalQOrDMcrQG06FBFbmhs2wYjc-iiIqNtbzZpXcMz1ZpK_l416v0BgNc-7Q:1tMRBR:EJxUwjInYDHhgrvPkQ18zZfXUdJc4gV0X9u1pIe1KU8','2024-12-28 12:23:45.511779'),('upjfi6mo4r039cfd943ufxd4o0s776ds','.eJxVjMEKwyAQRP_FcxHXVSM99t5vkNXVmrYYiMkp9N-bQA7taWDem9lEoHWpYe15DiOLqwBx-e0ipVduB-Antcck09SWeYzyUORJu7xPnN-30_07qNTrvrZGq8igTQHnB0aFqAgHW0pUANlqZwCYvHMKsEB2JnqMilIq1uwpPl-yKDcR:1t1hZy:m1V12ZZJIGSuoe7eJQDJmKqmuYkugY9VOTuMKPtordw','2024-11-01 07:39:22.992477'),('uztr6cnulk43amfu4o08w7khhk8sn13e','.eJxVjEEOwiAQRe_C2pBSYEpduu8ZyAwzStVAUtqV8e7apAvd_vfef6mI25rj1mSJM6uz6r06_Y6E6SFlJ3zHcqs61bIuM-ld0Qdteqosz8vh_h1kbPlbI8EV2IEZWZLvEYC8GbsAibxY61wQSXZgBvBo0Brf0eAcBENAREG9Pw_COAY:1se7zu:iDFADZkWGADtNb7gOxIsEpEGmOXd8e31ybsf1Zf6DVE','2024-08-28 07:00:42.981798'),('v6spx1l6wr9uv8xly4lc032p7gy32es9','.eJxVjMEKwyAQRP_FcxHXVSM99t5vkNXVmrYYiMkp9N-bQA7taWDem9lEoHWpYe15DiOLqwBx-e0ipVduB-Antcck09SWeYzyUORJu7xPnN-30_07qNTrvrZGq8igTQHnB0aFqAgHW0pUANlqZwCYvHMKsEB2JnqMilIq1uwpPl-yKDcR:1t9Giq:O9Qq8FTjC9Q7dLv0mzeEa8b23Se3oPVgPA5iqZWe4tU','2024-11-22 04:35:48.883545'),('vajmr1j1si6fzcyae6n0mauculi379qp','.eJxVjDkOwjAUBe_iGln5dhZMSc8ZrL8ZB5AjxUmFuDuylALamXnvbSLuW4571TXOYi4mmNMvI-SnlibkgeW-WF7Kts5kW2IPW-1tEX1dj_bvIGPNbU2ePQOEUUdIIQi53iXoz0gDIRKxIMik5CFo17gfkvPdxEDKCcznCwiUONc:1t1hxK:gNYHbNxG5njyqd7fLcUET4vP_SvRsMM-4c_zd4zR2mw','2024-11-01 08:03:30.970774'),('vbd47cgdjt6ebv2kf4w96rf0an8v6edk','.eJxVjDsOwjAQBe_iGlkbf1hMSc8ZIq93jQPIluKkQtwdIqWA9s3Me6kxrksZ1y7zOLE6K1SH341iekjdAN9jvTWdWl3mifSm6J12fW0sz8vu_h2U2Mu3tihkOUDiaBiB0TjgjBCsC5acEfHJp2QlIJgwMKGnTACnI7iQaVDvD-oKN9A:1uV2Se:ALN8RcTOj0c8q6f4-ujtB_cdB5RaAmPXNoW4_A6cDIU','2025-07-11 06:21:20.061721'),('vm8k9tqfyw477ii9i9gcvd6ed6uewwjo','.eJxVjEEOwiAQRe_C2hBngAIu3fcMBIZBqoYmpV0Z765NutDtf-_9lwhxW2vYOi9hyuIiQIvT75giPbjtJN9ju82S5rYuU5K7Ig_a5Thnfl4P9--gxl6_tXeEZQBi1LoYa3xOJauzRUQwWJy3TMYPyVpIhpyKHFFDUugZFWsQ7w_4vjeA:1sq5Mc:kxhEmblpb8rlKFJS6IQrJY79HTC4pBtROxa0_sUOo1M','2024-09-30 06:37:34.717231'),('vpfs7pp4rxjoefldxik8s95pjx9gyjtx','.eJxVjDsOwjAQBe_iGlkbf1hMSc8ZIq93jQPIluKkQtwdIqWA9s3Me6kxrksZ1y7zOLE6K1SH341iekjdAN9jvTWdWl3mifSm6J12fW0sz8vu_h2U2Mu3tihkOUDiaBiB0TjgjBCsC5acEfHJp2QlIJgwMKGnTACnI7iQaVDvD-oKN9A:1uUMzE:DW6C1Uh4vJfXiIOxyTbTRDfvmz1Ucl84lp_GihVquvA','2025-07-09 10:04:12.456929'),('wbnvpips8ftq27udd5ghsc3rrpug2itr','.eJxVjDsOwjAQBe_iGlnxLxtT0nMGa9e7wQHkSHFSIe4OkVJA-2bmvVTCbS1pa7KkidVZGXX63QjzQ-oO-I71Nus813WZSO-KPmjT15nleTncv4OCrXzrHmPEyAEkAFuy4gbPrhPs2FEw4yhiJTvyxhEigfUEvWEeAIINFNX7A_o-OGA:1seqWF:Hjyj1CKVYKujsL3yRJTlKjtv0-zGtQXFAqWpshU8fJI','2024-08-30 06:33:03.139969'),('whueurlrsijyrvxtn8wk9ulml54kkgsn','.eJxVjEEOwiAQRe_C2hBngAIu3fcMBIZBqoYmpV0Z765NutDtf-_9lwhxW2vYOi9hyuIiQIvT75giPbjtJN9ju82S5rYuU5K7Ig_a5Thnfl4P9--gxl6_tXeEZQBi1LoYa3xOJauzRUQwWJy3TMYPyVpIhpyKHFFDUugZFWsQ7w_4vjeA:1srCzK:h45LVru_RzY9cUA9J6i2Xtu1MB6Un3sYznQaDy9y-KA','2024-10-03 08:58:10.989979'),('xzkhav77nr6fukkrltsoiqd4kltnpksw','.eJxVjMEOwiAQRP-FsyGwUGo9evcbyC67laqBpLQn47_bJj3ocea9mbeKuC45rk3mOLG6KOvV6bckTE8pO-EHlnvVqZZlnkjvij5o07fK8roe7t9Bxpa3NZpknO8YgrUh0OCx79LIjNKDcbwlJ94xkAfLImcSSegEATCNA5D6fAEPATkD:1sfy01:F2Oi195JemVXJG7xLWrtN4LVMohRz3Nen165kzEx4iA','2024-09-02 08:44:25.908992'),('ykmvyt893j8mznk39u4ien3wxyx7b4nl','.eJxVjDsOwjAQBe_iGllx_IWSPmewdtdeHEC2FCcV4u4QKQW0b2beS0TY1hK3npc4J3ERSpx-NwR65LqDdId6a5JaXZcZ5a7Ig3Y5tZSf18P9OyjQy7e2gVCZIYQ0ZjKkkPRAihR4Ys2jZU6BvHWoLVutnM3n7LQ3BI4RGMX7A_WROL4:1u77Eg:jqC4cRXjAzKlpaYb4ghKla8QNUWJNmGld5M9YvgsKP8','2025-05-06 06:36:02.351101');
/*!40000 ALTER TABLE `django_session` ENABLE KEYS */;
UNLOCK TABLES;

--
-- Table structure for table `dl_issue`
--

DROP TABLE IF EXISTS `dl_issue`;
/*!40101 SET @saved_cs_client     = @@character_set_client */;
/*!50503 SET character_set_client = utf8mb4 */;
CREATE TABLE `dl_issue` (
  `id` bigint NOT NULL AUTO_INCREMENT,
  `issue` int NOT NULL,
  `description` varchar(255) NOT NULL,
  `volume_id` bigint NOT NULL,
  PRIMARY KEY (`id`),
  KEY `dl_issue_volume_id_48e877b2_fk_dl_volume_id` (`volume_id`),
  CONSTRAINT `dl_issue_volume_id_48e877b2_fk_dl_volume_id` FOREIGN KEY (`volume_id`) REFERENCES `dl_volume` (`id`)
) ENGINE=InnoDB AUTO_INCREMENT=44 DEFAULT CHARSET=utf8mb4 COLLATE=utf8mb4_0900_ai_ci;
/*!40101 SET character_set_client = @saved_cs_client */;

--
-- Dumping data for table `dl_issue`
--

LOCK TABLES `dl_issue` WRITE;
/*!40000 ALTER TABLE `dl_issue` DISABLE KEYS */;
INSERT INTO `dl_issue` VALUES (1,11,'Jan',1),(2,12,'Feb',1),(4,21,'jan',2),(5,22,'Feb',2),(6,31,'Jan',3),(7,32,'Feb',3),(8,111,'Jan',16),(9,112,'Feb',16),(36,121,'Jan',17),(37,122,'Feb',17),(38,131,'Jan',18),(39,132,'Feb',18),(40,211,'Jan',19),(41,212,'Feb',19),(42,231,'Jan',21),(43,232,'Feb',21);
/*!40000 ALTER TABLE `dl_issue` ENABLE KEYS */;
UNLOCK TABLES;

--
-- Table structure for table `dl_published_article`
--

DROP TABLE IF EXISTS `dl_published_article`;
/*!40101 SET @saved_cs_client     = @@character_set_client */;
/*!50503 SET character_set_client = utf8mb4 */;
CREATE TABLE `dl_published_article` (
  `id` bigint NOT NULL AUTO_INCREMENT,
  `published_on_date` date NOT NULL,
  `doi` varchar(255) NOT NULL,
  `accepted_submission_id` bigint DEFAULT NULL,
  `issue_id` bigint NOT NULL,
  `abstract` longtext,
  `author` varchar(255) DEFAULT NULL,
  `download_count` int unsigned NOT NULL,
  `file` varchar(100) DEFAULT NULL,
  `title` varchar(255) DEFAULT NULL,
  `area_id` bigint DEFAULT NULL,
  PRIMARY KEY (`id`),
  KEY `dl_published_article_accepted_submission__1a1616dc_fk_oss_accep` (`accepted_submission_id`),
  KEY `dl_published_article_issue_id_2f5c95c7_fk_dl_issue_id` (`issue_id`),
  KEY `dl_published_article_area_id_c7c62ec6` (`area_id`),
  CONSTRAINT `dl_published_article_accepted_submission__1a1616dc_fk_oss_accep` FOREIGN KEY (`accepted_submission_id`) REFERENCES `oss_accepted_submission` (`id`),
  CONSTRAINT `dl_published_article_area_id_c7c62ec6_fk_oss_specialization_id` FOREIGN KEY (`area_id`) REFERENCES `oss_specialization` (`id`),
  CONSTRAINT `dl_published_article_issue_id_2f5c95c7_fk_dl_issue_id` FOREIGN KEY (`issue_id`) REFERENCES `dl_issue` (`id`),
  CONSTRAINT `dl_published_article_chk_1` CHECK ((`download_count` >= 0))
) ENGINE=InnoDB AUTO_INCREMENT=48 DEFAULT CHARSET=utf8mb4 COLLATE=utf8mb4_0900_ai_ci;
/*!40101 SET character_set_client = @saved_cs_client */;

--
-- Dumping data for table `dl_published_article`
--

LOCK TABLES `dl_published_article` WRITE;
/*!40000 ALTER TABLE `dl_published_article` DISABLE KEYS */;
INSERT INTO `dl_published_article` VALUES (1,'2024-07-29','doi 1',1,7,'',NULL,0,'submissions/article-2-5_IvCCPaK.pdf','Fiction Science',3),(2,'2024-07-29','doi 2',3,1,'',NULL,0,'submissions/article-3-5_EDG5RYU.pdf','Human Impact',3),(4,'2024-07-29','ertyukbvc',2,43,NULL,NULL,0,NULL,NULL,NULL),(6,'2024-07-29','gfhgjhkj,n',5,7,'Integrating AI in the Paper Submission and Review Process','afsal',1,'submissions/article-2-5.pdf','Integrating AI in the Paper Submission and Review Process',NULL),(7,'2024-07-29','10.1038/s41586-020-2649-2',6,6,'','Samual',0,'',NULL,3),(33,'2024-08-02','your-doi-here',14,39,'',NULL,7,'submissions/article-3-5.pdf','Submission Management for Scientific Journals',3),(35,'2024-08-09','your-doi-here',NULL,7,'Cybersecurity in the Age of Quantum Computing: Risks and Responses','sreeder B',0,'submissions/7_SCBfHBK.pdf','Cybersecurity in the Age of Quantum Computing: Risks and Responses',8),(38,'2024-09-26','your-doi-here',16,39,'',NULL,6,'submissions/article-4-5.pdf','safty system manage ment',8),(40,'2024-09-26','your-doi-here',17,7,'jgjhgjh','afsal',1,'submissions/rest_api_list.docx','Street light fault detection',4),(41,'2024-09-26','your-doi-here',NULL,7,'only jacks','P.U.Chopode,K.L.Bondar,S.T.Patil, V.C.Borkar',0,'submissions/article-6-5.pdf','Fuzzy Strong n-Inner Product Space',1),(42,'2024-09-26','your-doi-here',NULL,39,'Fuzzy Strong n-Inner Product Space','P.U.Chopode,K.L.Bondar,S.T.Patil, V.C.Borkar',3,'submissions/article-6-5_7tRgzix.pdf','Fuzzy Strong n-Inner Product Space',1),(43,'2024-11-06','your-doi-here',8,39,'',NULL,3,'submissions/merged_submission_137_fOa22l3.pdf','Enhancing Author Experience with Automated Submission Portals',1),(44,'2024-11-07','your-doi-here',18,39,'',NULL,11,'submissions/alumni_portal_DB_6lFRvlY.pdf','Artificial Inteligence',1),(45,'2024-11-11','your-doi-here',NULL,7,'1.\r\nA STUDY ON YOUNGSTERS PREFERENCE TOWARDS ONLINE\r\nPURCHASING MODE WITH REFERENCE TO KRISHNAGIRI\r\nDISTRICT, TAMIL NADU\r\nauthor: S.Bharathithasan, Rajendra Gounder\r\npgno-1\r\n2.\r\nA STUDY ON THE ISSUES OF HUMAN ELEPHANT CONFLICT\r\nWITH REFERENCE TO DHARMAPURI AND KRISHNAGIRI\r\nDISTRICTS\r\nauthor: J. A. Raja, R. Vani\r\npagno- 8\r\n3.\r\nQUALITY OF WORK LIFE AND ITS IMPACT ON JOB\r\nSATISFACTION IN SELECTED BANKING EMPLOYEES IN\r\nMADURAI DISTRICT\r\nauthor: Dr. K.Jothi\r\npgno-15\r\n4.\r\nA STUDY ON SPIRITUAL INTELLIGENCE ITS IMPACT ON\r\nETHICAL BEHAVIOUR\r\nauthor: V. Krishnaveni, J.A. Raja\r\npgno- 20\r\n5.\r\nA STUDY ON EFFICACY OF ARTIFICIAL INTELLIGENCE IN\r\nSTONE INDUSTRIES, INDIA\r\nauthor: G.S. Sangeerani, K.K. Deepak\r\npgno- 27\r\n6.\r\nTHE IMPACT OF SELF-EFFICACY ON ENTREPRENEURS\r\nSUSTAINABILITY IN COIMBATORE CITY\r\nauthor: R.Velmurugan\r\npgno- 32\r\n7.\r\nA STUDY ON IMPACT OF SOCIAL MEDIA AMONG SELECT\r\nARTS AND SCIENCE COLLEGE STUDENTS IN COIMBATORE\r\nCITY\r\nauthor: V. Mathan Kumar, R. Naveena, R. Velmurugan\r\npgno- 40','S.Bharathithasan, Rajendra Gounder',0,'submissions/October-to-December-2020.pdf','A STUDY ON YOUNGSTERS PREFERENCE TOWARDS ONLINE PURCHASING MODE WITH REFERENCE TO KRISHNAGIRI DISTRICT, TAMIL NADU',1),(46,'2025-06-25','your-doi-here',20,7,NULL,NULL,0,'submissions/merged_submission_137_fOa22l3.pdf','The Future of Human-Computer Interaction: From Touchscreens to Neural Interfaces',3),(47,'2025-06-25','your-doi-here',11,7,NULL,NULL,1,'submissions/8_iolHuNm.pdf','Automated Submission and Review System for Research Papers',1);
/*!40000 ALTER TABLE `dl_published_article` ENABLE KEYS */;
UNLOCK TABLES;

--
-- Table structure for table `dl_volume`
--

DROP TABLE IF EXISTS `dl_volume`;
/*!40101 SET @saved_cs_client     = @@character_set_client */;
/*!50503 SET character_set_client = utf8mb4 */;
CREATE TABLE `dl_volume` (
  `id` bigint NOT NULL AUTO_INCREMENT,
  `volume` int NOT NULL,
  `description` varchar(255) DEFAULT NULL,
  `year` int NOT NULL,
  `journal_id` bigint NOT NULL,
  PRIMARY KEY (`id`),
  KEY `dl_volume_journal_id_7949cdfd_fk_oss_journal_id` (`journal_id`),
  CONSTRAINT `dl_volume_journal_id_7949cdfd_fk_oss_journal_id` FOREIGN KEY (`journal_id`) REFERENCES `oss_journal` (`id`)
) ENGINE=InnoDB AUTO_INCREMENT=22 DEFAULT CHARSET=utf8mb4 COLLATE=utf8mb4_0900_ai_ci;
/*!40101 SET character_set_client = @saved_cs_client */;

--
-- Dumping data for table `dl_volume`
--

LOCK TABLES `dl_volume` WRITE;
/*!40000 ALTER TABLE `dl_volume` DISABLE KEYS */;
INSERT INTO `dl_volume` VALUES (1,1,'volume 1',2001,1),(2,2,'volume 2',2002,1),(3,3,'volume 3',2003,1),(16,11,'volume 11',2011,2),(17,12,'volume 12',2012,2),(18,13,'volume 13',2013,2),(19,21,'volume 21',2021,3),(20,22,'volume 22',2022,3),(21,23,'volume 23',2023,3);
/*!40000 ALTER TABLE `dl_volume` ENABLE KEYS */;
UNLOCK TABLES;

--
-- Table structure for table `oss_accepted_submission`
--

DROP TABLE IF EXISTS `oss_accepted_submission`;
/*!40101 SET @saved_cs_client     = @@character_set_client */;
/*!50503 SET character_set_client = utf8mb4 */;
CREATE TABLE `oss_accepted_submission` (
  `id` bigint NOT NULL AUTO_INCREMENT,
  `corrected_file` varchar(100) NOT NULL,
  `typeset_file` varchar(100) NOT NULL,
  `corrected_title` varchar(255) DEFAULT NULL,
  `corrected_abstract` longtext,
  `corrected_on` date NOT NULL,
  `typeset_on` date NOT NULL,
  `submission_id` bigint NOT NULL,
  PRIMARY KEY (`id`),
  KEY `oss_accepted_submiss_submission_id_0e45467f_fk_oss_submi` (`submission_id`),
  CONSTRAINT `oss_accepted_submiss_submission_id_0e45467f_fk_oss_submi` FOREIGN KEY (`submission_id`) REFERENCES `oss_submission` (`id`)
) ENGINE=InnoDB AUTO_INCREMENT=21 DEFAULT CHARSET=utf8mb4 COLLATE=utf8mb4_0900_ai_ci;
/*!40101 SET character_set_client = @saved_cs_client */;

--
-- Dumping data for table `oss_accepted_submission`
--

LOCK TABLES `oss_accepted_submission` WRITE;
/*!40000 ALTER TABLE `oss_accepted_submission` DISABLE KEYS */;
INSERT INTO `oss_accepted_submission` VALUES (1,'submissions/3_TOQzRVx.pdf','submissions/5.pdf','Fiction Science ok','uikikluikluighfgjj','2024-07-27','2024-08-02',4),(2,'submissions/AUTOMATED_PLANT_WATERING_SYSTEM._VbzJXAo_1_bf5OdQ6.docx','submissions/4_e84FMXH.pdf','wireless notice','wireless notice','2024-07-27','2024-07-27',6),(3,'submissions/AUTOMATED_PLANT_WATERING_SYSTEM._ZbDUlXG_l3pbnRM.docx','submissions/Editorial_Manager.docx','Human impacts','Human impacts','2024-07-29','2024-07-29',1),(4,'submissions/AUTOMATED_PLANT_WATERING_SYSTEM._VbzJXAo_1.docx','submissions/AUTOMATED_PLANT_WATERING_SYSTEM._VbzJXAo_5.docx','Human AI','Human AI','2024-07-29','2024-07-29',2),(5,'submissions/AUTOMATED_PLANT_WATERING_SYSTEM._VbzJXAo_2.docx','submissions/Editorial_Manager_eOLU79c.docx','Integrating AI in the Paper Submission and Review Process','Integrating AI in the Paper Submission and Review Process','2024-07-29','2024-07-29',3),(6,'submissions/AUTOMATED_PLANT_WATERING_SYSTEM._VbzJXAo_2_dIdCYco.docx','submissions/AUTOMATED_PLANT_WATERING_SYSTEM._VbzJXAo_2_60Lx041.docx','Developing a Secure Online Platform for Research Paper Submissions','Developing a Secure Online Platform for Research Paper Submissions','2024-07-29','2024-07-29',5),(7,'submissions/AUTOMATED_PLANT_WATERING_SYSTEM._VbzJXAo_6_c5UT4ct.docx','submissions/AUTOMATED_PLANT_WATERING_SYSTEM._VbzJXAo_PwTtV1f.docx','Submit, Review, Publish: The Future of Academic Research','Submit, Review, Publish: The Future of Academic Research','2024-07-29','2024-07-29',12),(8,'submissions/merged_submission_32_Rh2oPyq_r8P45Jp_5sWmkpS.pdf','submissions/alumini_portal_file_ZPjMfib.pdf','Enhancing Author Experience with Automated Submission Portals','Enhancing Author Experience with Automated Submission Portals','2024-09-18','2024-11-06',11),(9,'submissions/AUTOMATED_PLANT_WATERING_SYSTEM._ZbDUlXG_NlAGioZ.docx','submissions/AUTOMATED_PLANT_WATERING_SYSTEM._VbzJXAo_1_s9mgB5P.docx','Optimizing Submission Management for Scientific Journals','Optimizing Submission Management for Scientific Journals','2024-07-29','2024-07-29',10),(10,'submissions/AUTOMATED_PLANT_WATERING_SYSTEM._VbzJXAo_2_eIHoVAd.docx','submissions/AUTOMATED_PLANT_WATERING_SYSTEM._VbzJXAo_3.docx','Innovations in Academic Paper Submission Workflows','Innovations in Academic Paper Submission Workflows','2024-07-29','2024-07-29',9),(11,'submissions/7_wVMOb80.pdf','submissions/8_iolHuNm.pdf','Automated Submission and Review System for Research Papers','Automated Submission and Review System for Research Papers','2024-08-03','2024-08-12',8),(12,'submissions/AUTOMATED_PLANT_WATERING_SYSTEM._VbzJXAo_5_ZH8BIuO.docx','submissions/AUTOMATED_PLANT_WATERING_SYSTEM._VbzJXAo_ElVgTuH.docx','Online Paper Submission System for Academic Conferences','Online Paper Submission System for Academic Conferences','2024-07-29','2024-07-29',7),(13,'submissions/vikash_721221205062_qoaAjW7_5Y667Cd.doc','submissions/AUTOMATED_PLANT_WATERING_SYSTEM._VbzJXAo_6_ZEGFmmi.docx','Smart Cities: Integrating Technology for Sustainable Urban Living','Smart Cities: Integrating Technology for Sustainable Urban Living','2024-07-31','2024-07-31',15),(14,'submissions/3.pdf','submissions/7.pdf','The Role of Quantum Computing in Modern Cryptography','The Role of Quantum Computing in Modern Cryptography','2024-08-02','2024-08-02',21),(15,'submissions/6.pdf','submissions/4.pdf','Cultural Diversity in the Workplace: Challenges and Opportunities','Cultural Diversity in the Workplace: Challenges and Opportunities','2024-08-03','2024-08-03',20),(16,'submissions/2_L8IfWGe.pdf','submissions/2_wIp0BFD.pdf','safety system','safety system','2024-08-14','2024-08-14',29),(17,'submissions/PC-Lung_cancer_DJYtaaL.doc','submissions/rest_api_list.docx','Street light fault detection','Street light fault detection','2024-09-06','2024-09-06',25),(18,'submissions/alumini_portal_file_6qREnpL.pdf','submissions/alumni_portal_DB_6lFRvlY.pdf','Transmitter-Based Filters for Interference Mitigation under Imperfect Channel Conditions for the Fdd/Ds-Cdma Systems','poopopopp','2024-11-07','2024-11-07',30),(19,'','submissions/converted_D5v0FNE.pdf',NULL,NULL,'2025-06-02','2025-07-16',19),(20,'submissions/merged_submission_137_UfjXixA.pdf','submissions/converted_yguHCie.pdf','The Future of Human-Computer Interaction: From Touchscreens to Neural Interfaces','Night at the museum','2025-06-25','2025-06-25',32);
/*!40000 ALTER TABLE `oss_accepted_submission` ENABLE KEYS */;
UNLOCK TABLES;

--
-- Table structure for table `oss_ae_assignment`
--

DROP TABLE IF EXISTS `oss_ae_assignment`;
/*!40101 SET @saved_cs_client     = @@character_set_client */;
/*!50503 SET character_set_client = utf8mb4 */;
CREATE TABLE `oss_ae_assignment` (
  `id` bigint NOT NULL AUTO_INCREMENT,
  `date` date DEFAULT NULL,
  `ae_recommendation` varchar(5) NOT NULL,
  `ae_comments` longtext NOT NULL,
  `submission_id` bigint NOT NULL,
  `user_id` int NOT NULL,
  PRIMARY KEY (`id`),
  KEY `oss_ae_assignment_submission_id_10b8fcc4_fk_oss_submission_id` (`submission_id`),
  KEY `oss_ae_assignment_user_id_7508a21e_fk_auth_user_id` (`user_id`),
  CONSTRAINT `oss_ae_assignment_submission_id_10b8fcc4_fk_oss_submission_id` FOREIGN KEY (`submission_id`) REFERENCES `oss_submission` (`id`),
  CONSTRAINT `oss_ae_assignment_user_id_7508a21e_fk_auth_user_id` FOREIGN KEY (`user_id`) REFERENCES `auth_user` (`id`)
) ENGINE=InnoDB AUTO_INCREMENT=36 DEFAULT CHARSET=utf8mb4 COLLATE=utf8mb4_0900_ai_ci;
/*!40101 SET character_set_client = @saved_cs_client */;

--
-- Dumping data for table `oss_ae_assignment`
--

LOCK TABLES `oss_ae_assignment` WRITE;
/*!40000 ALTER TABLE `oss_ae_assignment` DISABLE KEYS */;
INSERT INTO `oss_ae_assignment` VALUES (1,'2024-07-26','','Acceptable\n\nReviewers Comments:\ncheck formaqt',2,8),(2,'2024-07-26','','Reviewers Comments :\njhjmhbtgj\nyvuyooyvuyguyg',4,8),(3,'2024-07-27','A','Reviewers Comments :\nkuyfuly',6,8),(4,'2024-07-31','A','Ensured\n\nReviewers Comments:\nEnsure',15,8),(5,'2024-07-31','','',17,8),(6,'2024-07-31','','',18,8),(8,'2024-07-31','','ok to accept\n\nReviewers Comments:\ni Accepted',19,8),(9,'2024-07-31','','okk\n\nReviewers Comments:\nok',20,8),(10,'2024-11-18','','',14,8),(11,'2024-08-01','A','\nbfchxfgjxfnnbxfnx\nReviewers Comments:\nfjfhjjhgjjjjj',21,8),(13,'2024-08-05','','',22,6),(14,'2024-08-05','','',23,6),(15,'2024-08-06','A','okok\n\n\n\nReviewers Comments:\n\n\n\nnice nice\n\n',16,9),(16,'2024-08-07','','',26,8),(17,'2024-08-08','A','yfyfjh,m\n\n\n\nReviewers Comments:\n\n\n\ngjhg\n\n',27,8),(23,'2024-08-08','A','',13,8),(25,'2024-08-09','A','me also\n\n\n\n&nbsp;\n\n\n\nReviewers Comments:\n\n\n\nok for me\n\n',32,9),(26,'2024-08-09','A','&nbsp;\n\n\n\nno think\n\n\n\n&nbsp;\n\n\n\nReviewers Comments:\n\n\n\nok i think\n\n',33,8),(28,'2024-08-13','A','seri\n\n\n\nReviewers Comments:\n\n\n\nser\n\n',5,8),(29,'2024-08-14','A','',36,25),(30,'2024-08-14','A','you okoko\n\n\n\nReviewers Comments:\n\n\n\nokokoko\n\n',29,8),(31,'2024-11-07','A','Reviewers Comments:\n\n\n\nok sir&nbsp;\n\n\n\nOK for me\n\n',30,8),(32,'2024-11-08','A','',31,8),(33,'2025-06-18','A','',56,8),(34,'2025-06-18','','Reviewers Comments:\n\n\n\nThe paper presents a well-structured and novel approach to solving the stated problem using AI techniques. The methodology is sound, and the experimental results support the claims effectively.\n\n',60,8),(35,'2025-07-10','A','',64,8);
/*!40000 ALTER TABLE `oss_ae_assignment` ENABLE KEYS */;
UNLOCK TABLES;

--
-- Table structure for table `oss_article_status`
--

DROP TABLE IF EXISTS `oss_article_status`;
/*!40101 SET @saved_cs_client     = @@character_set_client */;
/*!50503 SET character_set_client = utf8mb4 */;
CREATE TABLE `oss_article_status` (
  `id` bigint NOT NULL AUTO_INCREMENT,
  `article_status` varchar(50) NOT NULL,
  `description` longtext NOT NULL,
  PRIMARY KEY (`id`)
) ENGINE=InnoDB AUTO_INCREMENT=22 DEFAULT CHARSET=utf8mb4 COLLATE=utf8mb4_0900_ai_ci;
/*!40101 SET character_set_client = @saved_cs_client */;

--
-- Dumping data for table `oss_article_status`
--

LOCK TABLES `oss_article_status` WRITE;
/*!40000 ALTER TABLE `oss_article_status` DISABLE KEYS */;
INSERT INTO `oss_article_status` VALUES (1,'Accepted','Accepted'),(2,'Awaiting AE Recommendation','Awaiting AE Recommendation'),(3,'Awaiting for Reviewers','Awaiting for Reviewers'),(4,'Proof Read Done','Proof Read Done'),(5,'Submitted','submitted'),(6,'AE Assigned','AE Assigned'),(7,'Under Review','Under Review'),(8,'Type Set Done','Type Set done'),(9,'Ready to Publish','Ready to Publish'),(10,'Awaiting Changes','Awaiting Changes'),(11,'Corrected','Corrected'),(12,'Awaiting for EIC Decision','Awaiting for EIC Decision'),(13,'Payment Done','Payment Done'),(14,'Awaiting for Correction after Acceptance','Awaiting for Correction after Acceptance'),(15,'In Admin Processing','In Admin Processing'),(16,'Awaiting for Revision','Awaiting for Revision'),(17,'Awaiting for Proof Read','Awaiting for Proof Read'),(18,'Rejected','Rejected'),(19,'Published','Published'),(20,'Draft','Draft'),(21,'Awaiting for EIC Review','Awaiting for EIC Review');
/*!40000 ALTER TABLE `oss_article_status` ENABLE KEYS */;
UNLOCK TABLES;

--
-- Table structure for table `oss_article_type`
--

DROP TABLE IF EXISTS `oss_article_type`;
/*!40101 SET @saved_cs_client     = @@character_set_client */;
/*!50503 SET character_set_client = utf8mb4 */;
CREATE TABLE `oss_article_type` (
  `id` bigint NOT NULL AUTO_INCREMENT,
  `article_type` varchar(50) NOT NULL,
  `article_description` varchar(255) NOT NULL,
  PRIMARY KEY (`id`)
) ENGINE=InnoDB AUTO_INCREMENT=4 DEFAULT CHARSET=utf8mb4 COLLATE=utf8mb4_0900_ai_ci;
/*!40101 SET character_set_client = @saved_cs_client */;

--
-- Dumping data for table `oss_article_type`
--

LOCK TABLES `oss_article_type` WRITE;
/*!40000 ALTER TABLE `oss_article_type` DISABLE KEYS */;
INSERT INTO `oss_article_type` VALUES (1,'Type 1','Type 1'),(2,'Type 2','Type 2'),(3,'Article','Type 3');
/*!40000 ALTER TABLE `oss_article_type` ENABLE KEYS */;
UNLOCK TABLES;

--
-- Table structure for table `oss_category`
--

DROP TABLE IF EXISTS `oss_category`;
/*!40101 SET @saved_cs_client     = @@character_set_client */;
/*!50503 SET character_set_client = utf8mb4 */;
CREATE TABLE `oss_category` (
  `id` bigint NOT NULL AUTO_INCREMENT,
  `catagory` varchar(50) NOT NULL,
  PRIMARY KEY (`id`)
) ENGINE=InnoDB AUTO_INCREMENT=4 DEFAULT CHARSET=utf8mb4 COLLATE=utf8mb4_0900_ai_ci;
/*!40101 SET character_set_client = @saved_cs_client */;

--
-- Dumping data for table `oss_category`
--

LOCK TABLES `oss_category` WRITE;
/*!40000 ALTER TABLE `oss_category` DISABLE KEYS */;
INSERT INTO `oss_category` VALUES (1,'Editorial'),(2,'Article'),(3,'Survay and Review');
/*!40000 ALTER TABLE `oss_category` ENABLE KEYS */;
UNLOCK TABLES;

--
-- Table structure for table `oss_coauthor`
--

DROP TABLE IF EXISTS `oss_coauthor`;
/*!40101 SET @saved_cs_client     = @@character_set_client */;
/*!50503 SET character_set_client = utf8mb4 */;
CREATE TABLE `oss_coauthor` (
  `id` bigint NOT NULL AUTO_INCREMENT,
  `name` varchar(255) DEFAULT NULL,
  `email` varchar(255) DEFAULT NULL,
  `institution` varchar(255) DEFAULT NULL,
  `submission_id` bigint DEFAULT NULL,
  PRIMARY KEY (`id`),
  KEY `oss_coauthor_submission_id_c4cc000f_fk_oss_submission_id` (`submission_id`),
  CONSTRAINT `oss_coauthor_submission_id_c4cc000f_fk_oss_submission_id` FOREIGN KEY (`submission_id`) REFERENCES `oss_submission` (`id`)
) ENGINE=InnoDB AUTO_INCREMENT=20 DEFAULT CHARSET=utf8mb4 COLLATE=utf8mb4_0900_ai_ci;
/*!40101 SET character_set_client = @saved_cs_client */;

--
-- Dumping data for table `oss_coauthor`
--

LOCK TABLES `oss_coauthor` WRITE;
/*!40000 ALTER TABLE `oss_coauthor` DISABLE KEYS */;
INSERT INTO `oss_coauthor` VALUES (1,'Mitun G','mitung72@gmail.com','rvs',6),(3,'afsal','afsal@gmail.com','GHJ',21),(4,'alagu','vikashvip780@gmail.com','DGFY',27),(6,'vikash R','vikashvip780@gmail.com','DGFY',32),(7,'Sarveswaran Thangaraj','sarveswaran@gmail.com','DGFY',33),(8,'Aravind V','aravid@gmail.com','GRK',34),(9,'arun','arun@gmail.com','kiv',36),(10,'hgffh','gfhfh@gmail.com','eyy',28),(11,'alagu','vikaala@gmail.com','DGFY',25),(12,'Sarveswaran Thangaraj','sarvesh@gmail.com','JKAS',29),(15,'mamu','mamu@gmail.com','6yu',31),(16,'guru','guru@gmail.com','uhy',53),(17,'guru',NULL,'uhy',53),(18,'Tamizh','gurhhu@gmail.com','MSi',53),(19,'thath','tamfbbizh@gail.com','fbfbfb',53);
/*!40000 ALTER TABLE `oss_coauthor` ENABLE KEYS */;
UNLOCK TABLES;

--
-- Table structure for table `oss_communication`
--

DROP TABLE IF EXISTS `oss_communication`;
/*!40101 SET @saved_cs_client     = @@character_set_client */;
/*!50503 SET character_set_client = utf8mb4 */;
CREATE TABLE `oss_communication` (
  `id` bigint NOT NULL AUTO_INCREMENT,
  `title` varchar(255) NOT NULL,
  `date` date NOT NULL,
  `time` time(6) NOT NULL,
  `detail` longtext NOT NULL,
  `file` varchar(100) DEFAULT NULL,
  `receiver_id` int NOT NULL,
  `sender_id` int NOT NULL,
  `submission_id` bigint DEFAULT NULL,
  PRIMARY KEY (`id`),
  KEY `oss_communication_receiver_id_89978c61_fk_auth_user_id` (`receiver_id`),
  KEY `oss_communication_sender_id_742bd54c_fk_auth_user_id` (`sender_id`),
  KEY `oss_communication_submission_id_f57ef26a_fk_oss_submission_id` (`submission_id`),
  CONSTRAINT `oss_communication_receiver_id_89978c61_fk_auth_user_id` FOREIGN KEY (`receiver_id`) REFERENCES `auth_user` (`id`),
  CONSTRAINT `oss_communication_sender_id_742bd54c_fk_auth_user_id` FOREIGN KEY (`sender_id`) REFERENCES `auth_user` (`id`),
  CONSTRAINT `oss_communication_submission_id_f57ef26a_fk_oss_submission_id` FOREIGN KEY (`submission_id`) REFERENCES `oss_submission` (`id`)
) ENGINE=InnoDB DEFAULT CHARSET=utf8mb4 COLLATE=utf8mb4_0900_ai_ci;
/*!40101 SET character_set_client = @saved_cs_client */;

--
-- Dumping data for table `oss_communication`
--

LOCK TABLES `oss_communication` WRITE;
/*!40000 ALTER TABLE `oss_communication` DISABLE KEYS */;
/*!40000 ALTER TABLE `oss_communication` ENABLE KEYS */;
UNLOCK TABLES;

--
-- Table structure for table `oss_correction_comments`
--

DROP TABLE IF EXISTS `oss_correction_comments`;
/*!40101 SET @saved_cs_client     = @@character_set_client */;
/*!50503 SET character_set_client = utf8mb4 */;
CREATE TABLE `oss_correction_comments` (
  `id` bigint NOT NULL AUTO_INCREMENT,
  `correction_commments` longtext NOT NULL,
  `date` date NOT NULL,
  `due_date` date NOT NULL,
  `submission_id` bigint NOT NULL,
  `additional_file` varchar(100) DEFAULT NULL,
  PRIMARY KEY (`id`),
  KEY `oss_correction_comme_submission_id_ea8bb82b_fk_oss_submi` (`submission_id`),
  CONSTRAINT `oss_correction_comme_submission_id_ea8bb82b_fk_oss_submi` FOREIGN KEY (`submission_id`) REFERENCES `oss_submission` (`id`)
) ENGINE=InnoDB AUTO_INCREMENT=16 DEFAULT CHARSET=utf8mb4 COLLATE=utf8mb4_0900_ai_ci;
/*!40101 SET character_set_client = @saved_cs_client */;

--
-- Dumping data for table `oss_correction_comments`
--

LOCK TABLES `oss_correction_comments` WRITE;
/*!40000 ALTER TABLE `oss_correction_comments` DISABLE KEYS */;
INSERT INTO `oss_correction_comments` VALUES (1,'hgkjhgkjk','2024-07-26','2024-08-09',4,NULL),(2,'send ','2024-07-31','2024-08-14',15,NULL),(4,'check format','2024-08-02','2024-08-09',21,NULL),(6,'<p>only chicking</p>\r\n','2024-08-03','2024-08-10',8,NULL),(10,'<p>okokokok send</p>\r\n','2024-08-14','2024-08-21',29,NULL),(11,'<p>corrections</p>\r\n','2024-11-07','2024-11-14',30,NULL),(12,'<p>dszfgdfgfg</p>','2025-06-19','2025-06-26',32,'submissions/crm_O7MTbWS.pdf'),(13,'ukyfvjklhb','2025-06-19','2025-06-27',6,'submissions/sample_yMGCvSS_OmnOxFJ.docx');
/*!40000 ALTER TABLE `oss_correction_comments` ENABLE KEYS */;
UNLOCK TABLES;

--
-- Table structure for table `oss_date`
--

DROP TABLE IF EXISTS `oss_date`;
/*!40101 SET @saved_cs_client     = @@character_set_client */;
/*!50503 SET character_set_client = utf8mb4 */;
CREATE TABLE `oss_date` (
  `id` bigint NOT NULL AUTO_INCREMENT,
  `due_days_to_accept_invitation` int DEFAULT NULL,
  `due_days_to_review` int DEFAULT NULL,
  `due_days_to_minor_revision` int DEFAULT NULL,
  `due_days_to_major_revision` int DEFAULT NULL,
  `due_days_to_payment` int DEFAULT NULL,
  `due_days_to_corrections` int DEFAULT NULL,
  `due_days_to_typeset_approval` int DEFAULT NULL,
  `due_days_to_next_step` int DEFAULT NULL,
  `journal_id` bigint DEFAULT NULL,
  PRIMARY KEY (`id`),
  KEY `oss_date_journal_id_d6f8e4f2_fk_oss_journal_id` (`journal_id`),
  CONSTRAINT `oss_date_journal_id_d6f8e4f2_fk_oss_journal_id` FOREIGN KEY (`journal_id`) REFERENCES `oss_journal` (`id`)
) ENGINE=InnoDB AUTO_INCREMENT=6 DEFAULT CHARSET=utf8mb4 COLLATE=utf8mb4_0900_ai_ci;
/*!40101 SET character_set_client = @saved_cs_client */;

--
-- Dumping data for table `oss_date`
--

LOCK TABLES `oss_date` WRITE;
/*!40000 ALTER TABLE `oss_date` DISABLE KEYS */;
INSERT INTO `oss_date` VALUES (1,14,14,14,14,7,7,7,7,2),(2,14,14,7,14,7,7,7,7,1),(3,14,14,14,21,7,7,7,7,3);
/*!40000 ALTER TABLE `oss_date` ENABLE KEYS */;
UNLOCK TABLES;

--
-- Table structure for table `oss_decision`
--

DROP TABLE IF EXISTS `oss_decision`;
/*!40101 SET @saved_cs_client     = @@character_set_client */;
/*!50503 SET character_set_client = utf8mb4 */;
CREATE TABLE `oss_decision` (
  `id` bigint NOT NULL AUTO_INCREMENT,
  `decision` varchar(50) NOT NULL,
  `description` longtext,
  PRIMARY KEY (`id`)
) ENGINE=InnoDB AUTO_INCREMENT=5 DEFAULT CHARSET=utf8mb4 COLLATE=utf8mb4_0900_ai_ci;
/*!40101 SET character_set_client = @saved_cs_client */;

--
-- Dumping data for table `oss_decision`
--

LOCK TABLES `oss_decision` WRITE;
/*!40000 ALTER TABLE `oss_decision` DISABLE KEYS */;
INSERT INTO `oss_decision` VALUES (1,'Accepted','Accepted'),(2,'Rejected','Rejected'),(3,'Minimum Revision','Minimum Revision'),(4,'Major Revision','Major Revision');
/*!40000 ALTER TABLE `oss_decision` ENABLE KEYS */;
UNLOCK TABLES;

--
-- Table structure for table `oss_email`
--

DROP TABLE IF EXISTS `oss_email`;
/*!40101 SET @saved_cs_client     = @@character_set_client */;
/*!50503 SET character_set_client = utf8mb4 */;
CREATE TABLE `oss_email` (
  `id` bigint NOT NULL AUTO_INCREMENT,
  `subject` varchar(255) NOT NULL,
  `content` longtext NOT NULL,
  `datetime` datetime(6) NOT NULL,
  `from_user` varchar(255) DEFAULT NULL,
  `to_user_id` int DEFAULT NULL,
  PRIMARY KEY (`id`),
  KEY `oss_email_to_user_id_d5f2c85d_fk_auth_user_id` (`to_user_id`),
  CONSTRAINT `oss_email_to_user_id_d5f2c85d_fk_auth_user_id` FOREIGN KEY (`to_user_id`) REFERENCES `auth_user` (`id`)
) ENGINE=InnoDB AUTO_INCREMENT=351 DEFAULT CHARSET=utf8mb4 COLLATE=utf8mb4_0900_ai_ci;
/*!40101 SET character_set_client = @saved_cs_client */;

--
-- Dumping data for table `oss_email`
--

LOCK TABLES `oss_email` WRITE;
/*!40000 ALTER TABLE `oss_email` DISABLE KEYS */;
INSERT INTO `oss_email` VALUES (1,'Invitation to Review Manuscript','\nDear Mukesh,\n\nYou have been invited to review the manuscript titled \"Blockchain Technology: Enhancing Security and Transparency in Digital Transactions\".\n\nPlease log in to your account to review the submission.\n\nThank you.\n','2024-08-09 09:51:50.046473','mitung62@gmail.com',10),(2,'Invitation to Review Manuscript','Dear Mukesh,\n\nYou have been invited to review the manuscript titled \"Blockchain Technology: Enhancing Security and Transparency in Digital Transactions\".\n\nYou need to Accept before 14 \n\nPlease log in to your account to review the submission.\n\nThank you.\n','2024-08-09 12:27:38.824166','mitung62@gmail.com',10),(3,'Invitation to Review Manuscript','Dear Mukesh,\n\nYou have been invited to review the manuscript titled \"Blockchain Technology: Enhancing Security and Transparency in Digital Transactions\".\n\nYou need to Accept before Aug. 23, 2024, 12:29 p.m. \n\nPlease log in to your account to review the submission.\n\nThank you.\n','2024-08-09 12:29:21.071864','mitung62@gmail.com',10),(4,'Manuscript Submitted','Dear Arun,\n\nYour manuscript titled \"Night at the museum\" was submitted successfully \n\nThank you.\n','2024-08-09 14:15:56.640848','mitung62@gmail.com',14),(5,'Manuscript Submitted','Dear Arun,\n\nYour manuscript titled \"Night at the museum\" was submitted successfully \n\nThank you.\n','2024-08-09 14:21:46.291358','mitung62@gmail.com',14),(6,'Manuscript Submitted','Dear Arun,\n\nYour manuscript titled \"Night at the museum\" was submitted successfully \n\nThank you.\n','2024-08-09 14:22:33.762810','mitung62@gmail.com',14),(7,'Manuscript Submitted','Dear Arun,\n\nYour manuscript titled \"Night at the museum\" was submitted successfully \n\nThank you.\n','2024-08-09 14:25:33.186326','mitung62@gmail.com',14),(8,'Manuscript Submitted','Dear Arun,\n\nYour manuscript titled \"Night at the museum\" is waiting for Revision.\n\nThank you.\n','2024-08-09 14:25:36.511958','mitung62@gmail.com',7),(9,'Manuscript Assigned','Dear guru@gmail.com,\n\nYou have been Assigned to review the manuscript titled \"Night at the museum\".\n\nPlease log in to your account to review the submission.\n\nThank you.\n','2024-08-09 14:43:50.681963','mitung62@gmail.com',9),(10,'Invitation to Review Manuscript','Dear Mukesh,\n\nYou have been invited to review the manuscript titled \"Night at the museum\".\n\nYou need to Accept before Aug. 23, 2024, 2:44 p.m. \n\nPlease log in to your account to review the submission.\n\nThank you.\n','2024-08-09 14:44:43.455442','mitung62@gmail.com',10),(11,'Invitation Accepted','Dear guru@gmail.com S,\n\nThe titled \"Night at the museum\" was Accepted by .\n\nThank you.\n','2024-08-09 14:45:01.573038','mitung62@gmail.com',9),(12,'Invitation Accepted','Dear guru@gmail.com S,\n\nThe titled \"Night at the museum\" was Accepted by .\n\nThank you.\n','2024-08-09 14:45:04.577128','mitung62@gmail.com',9),(13,'Invitation Accepted','Dear guru@gmail.com S,\n\nThe titled \"Night at the museum\" was Accepted by .\n\nThank you.\n','2024-08-09 15:21:43.419001','mitung62@gmail.com',9),(14,'Invitation Accepted','Dear guru@gmail.com S,\n\nThe titled \"Night at the museum\" was Accepted by .\n\nThank you.\n','2024-08-09 15:21:46.443492','mitung62@gmail.com',9),(15,'Invitation Accepted','Dear guru@gmail.com S,\n\nThe titled \"Night at the museum\" was Accepted by .\n\nThank you.\n','2024-08-09 15:25:45.140963','mitung62@gmail.com',9),(16,'Invitation Rejected','Dear guru@gmail.com S,\n\nThe titled \"Night at the museum\" was Rejected by .\n\nThank you.\n','2024-08-09 15:37:26.565185','mitung62@gmail.com',9),(17,'AE Recommendations','Dear guru@gmail.com,\n\n Associate Editor submitted his recommandations for the manuscript titled \"Night at the museum\".\n\nPlease log in to your account to review the submission.\n\nThank you.\n','2024-08-09 15:42:05.736549','mitung62@gmail.com',9),(18,'Manuscript Decision','Dear Arun,\n\nYour manuscript titled \"Night at the museum\" was Accepted .\n\nPlease log in to your account to complete the payment.\n\nYou need done your payment before Aug. 16, 2024 \n\nThank you.\n','2024-08-09 15:43:00.037830','mitung62@gmail.com',14),(19,'Manuscript Submitted','Dear Vikash,\n\nYour manuscript titled \"Title in AI\" was submitted successfully \n\nThank you.\n','2024-08-09 15:54:22.533287','mitung62@gmail.com',20),(20,'Manuscript Submitted','Dear Surya,\n\nYour manuscript titled \"Title in AI\" is waiting for Revision.\n\nThank you.\n','2024-08-09 15:54:25.713348','mitung62@gmail.com',7),(21,'Manuscript Assigned','Dear Mohamad,\n\nWe are pleased to inform you that you have been assigned as the Associate Editor for  \"JCS\"  titled \"Title in AI\" .\n\n Please involve overseeing the review process and making editorial decisions for submitted papers.\n\nPlease log in to your account to review the submission.\n\nThank you.\n\n\n\n','2024-08-09 16:08:04.574905','mitung62@gmail.com',8),(22,'Invitation to Review Manuscript','Dear Mukesh,\n\nWe would like to invite you to review a paper titled \"Title in AI\" for [Conference/JCS].\n\nYou need to Accept before Aug. 23, 2024, 4:14 p.m. \n\nPlease log in to your account to review the submission.\n\nThank you.\n','2024-08-09 16:14:03.542217','mitung62@gmail.com',10),(23,'Invitation Accepted','Dear Mohamad A,\n\nThe titled \"Title in AI\" was Accepted by .\n\nThank you.\n','2024-08-09 16:17:16.688030','mitung62@gmail.com',8),(24,'Invitation Completed','Dear Mohamad,\n\nThe manuscript titled \"Title in AI\" completed by not ok ok\n\nThank you.\n','2024-08-09 16:27:16.096105','mitung62@gmail.com',8),(25,'Invitation Completed','Dear Mohamad,\n\nWe are pleased to inform you that the reviewer has completed the corrections for the paper titled \"Robotics in Manufacturing: Enhancing Efficiency and Precision\".\n\n\n    1 \"\"\n    2 \"\"\n    3 \"\"\n    4 \"\"\n    5 \"\"\n\n Please review the updated submission and proceed with the next steps.\n\n\nThank you for your attention.\n\n\n','2024-08-09 16:40:04.875394','mitung62@gmail.com',8),(26,'Invitation Completed','Dear Mohamad,\n\nWe are pleased to inform you that the reviewer has completed the corrections for the paper titled \"Robotics in Manufacturing: Enhancing Efficiency and Precision\".\n\n\n    1 \"\"\n    2 \"Mukesh\"\n    3 \"\"\n    4 \"\"\n    5 \"\"\n\n Please review the updated submission and proceed with the next steps.\n\n\nThank you for your attention.\n\n\n','2024-08-09 16:45:52.291542','mitung62@gmail.com',8),(27,'checking','\n\n\n    \n    Contact Author\n\n\n    Contact the Author\n    \n        \n        \n        Send\n    \n\n\n','2024-08-10 07:03:19.379361','mitung62@gmail.com',16),(28,'checking 2','message','2024-08-10 07:40:16.440943','mitung62@gmail.com',16),(29,'checking 3','message is working','2024-08-10 07:40:49.163314','mitung62@gmail.com',16),(30,'Manuscript Submitted','Dear Arun K,,\n\nThank you for submitting your paper titled \"only the AI can think\" to [Conference/IJAM].\n\nWe will notify you of any updates regarding the review process.\n\nThank you.\n\n\n\n','2024-08-10 09:57:32.339008','mitung62@gmail.com',14),(31,'Manuscript Submitted','Dear Surya Prakesh,\n\nA new paper titled \"only the AI can think\" has been successfully submitted by \"Arun\" for your review.\n\n\nPlease log in to the admin portal to review the submission and proceed with the next steps.\n\nThank you.\n\n\n','2024-08-10 09:57:35.391125','mitung62@gmail.com',7),(32,'dai AE','enna da','2024-08-10 10:20:59.828323','mitung62@gmail.com',8),(33,'Manuscript Rejected','Dear Charlas S,\n\nThank you for your submission titled \"Integrating AI in the Paper Submission and Review Process\".\n   After careful review, we regret to inform you that your paper has been rejected.\n\nWe appreciate your interest in [Conference/\"IJAM\"] and encourage you to consider submitting future work.\n\nThank you.\n','2024-08-10 11:45:18.630698','mitung62@gmail.com',16),(34,'Manuscript Rejected','Dear Arun K,\n\nThank you for your submission titled \"Human impact of bio-diversity\".\n   After careful review, we regret to inform you that your paper has been rejected.\n\nWe appreciate your interest in [Conference/\"JCM\"] and encourage you to consider submitting future work.\n\nThank you.\n','2024-08-10 11:50:04.354873','mitung62@gmail.com',14),(35,'Manuscript Rejected','Dear Arun K,\n\nThank you for your submission titled \"Human impact of bio-diversity\".\n   After careful review, we regret to inform you that your paper has been rejected.\n\nWe appreciate your interest in [Conference/\"JCM\"] and encourage you to consider submitting future work.\n\nThank you.\n','2024-08-10 11:57:28.855222','mitung62@gmail.com',14),(36,'Your Manuscript Type Set Document','Dear Charlas S,\n\nThank you for your submission titled \"Automated Submission and Review System for Research Papers\".\n\nIf there any corrections, please contact admin\n\nThank you.\n','2024-08-10 12:46:17.698168','mitung62@gmail.com',16),(37,'Your Manuscript Type Set Document','Dear Charlas S,\n\nThank you for your submission titled \"Automated Submission and Review System for Research Papers\".\n\nIf there any corrections, please contact admin\n\nThank you.\n','2024-08-10 12:48:15.084870','mitung62@gmail.com',16),(38,'AE Recommendations','Dear Selva,\n\nThe Associate Editor has completed their review and finalized their recommendation for the paper titled \"Title in AI\".\n\n You can now access their feedback and proceed with the final decision on this submission.\n\nPlease review the recommendation at your earliest convenience and let us know if any additional information or actions are required.\n\nThank you.','2024-08-10 13:48:59.834037','mitung62@gmail.com',21),(39,'Invitation Accepted','Dear Mohamad A,\n\nWe are pleased to inform you that \"MukeshA\" has accepted the invitation to review the paper titled \"Robotics in Manufacturing: Enhancing Efficiency and Precision\"\n\n Please proceed with the necessary arrangements for the review process.\n\nThank you for coordinating this.\n','2024-08-12 03:39:06.916673','mitung62@gmail.com',8),(40,'Invitation Accepted','Dear Mohamad A,\n\nWe are pleased to inform you that \"MukeshA\" has accepted the invitation to review the paper titled \"Robotics in Manufacturing: Enhancing Efficiency and Precision\"\n\n Please proceed with the necessary arrangements for the review process.\n\nThank you for coordinating this.\n','2024-08-12 03:39:07.723032','mitung62@gmail.com',8),(41,'Invitation Accepted','Dear Mohamad A,\n\nWe are pleased to inform you that \"MukeshA\" has accepted the invitation to review the paper titled \"Robotics in Manufacturing: Enhancing Efficiency and Precision\"\n\n Please proceed with the necessary arrangements for the review process.\n\nThank you for coordinating this.\n','2024-08-12 03:39:09.462677','mitung62@gmail.com',8),(42,'Invitation Accepted','Dear Mohamad A,\n\nWe are pleased to inform you that \"MukeshA\" has accepted the invitation to review the paper titled \"Robotics in Manufacturing: Enhancing Efficiency and Precision\"\n\n Please proceed with the necessary arrangements for the review process.\n\nThank you for coordinating this.\n','2024-08-12 03:39:09.751405','mitung62@gmail.com',8),(43,'Invitation Accepted','Dear Mohamad A,\n\nWe are pleased to inform you that \"MukeshA\" has accepted the invitation to review the paper titled \"Robotics in Manufacturing: Enhancing Efficiency and Precision\"\n\n Please proceed with the necessary arrangements for the review process.\n\nThank you for coordinating this.\n','2024-08-12 03:39:10.004190','mitung62@gmail.com',8),(44,'Invitation Accepted','Dear Mohamad A,\n\nWe are pleased to inform you that \"MukeshA\" has accepted the invitation to review the paper titled \"Robotics in Manufacturing: Enhancing Efficiency and Precision\"\n\n Please proceed with the necessary arrangements for the review process.\n\nThank you for coordinating this.\n','2024-08-12 03:40:19.614128','mitung62@gmail.com',8),(45,'Invitation Accepted','Dear Mohamad A,\n\nWe are pleased to inform you that \"MukeshA\" has accepted the invitation to review the paper titled \"Robotics in Manufacturing: Enhancing Efficiency and Precision\"\n\n Please proceed with the necessary arrangements for the review process.\n\nThank you for coordinating this.\n','2024-08-12 03:40:20.150919','mitung62@gmail.com',8),(46,'Invitation Accepted','Dear Mohamad A,\n\nWe are pleased to inform you that \"MukeshA\" has accepted the invitation to review the paper titled \"Robotics in Manufacturing: Enhancing Efficiency and Precision\"\n\n Please proceed with the necessary arrangements for the review process.\n\nThank you for coordinating this.\n','2024-08-12 03:40:20.554524','mitung62@gmail.com',8),(47,'Invitation Accepted','Dear Mohamad A,\n\nWe are pleased to inform you that \"MukeshA\" has accepted the invitation to review the paper titled \"Robotics in Manufacturing: Enhancing Efficiency and Precision\"\n\n Please proceed with the necessary arrangements for the review process.\n\nThank you for coordinating this.\n','2024-08-12 03:40:21.181509','mitung62@gmail.com',8),(48,'Invitation Accepted','Dear Mohamad A,\n\nWe are pleased to inform you that \"MukeshA\" has accepted the invitation to review the paper titled \"Robotics in Manufacturing: Enhancing Efficiency and Precision\"\n\n Please proceed with the necessary arrangements for the review process.\n\nThank you for coordinating this.\n','2024-08-12 03:40:21.520422','mitung62@gmail.com',8),(49,'Invitation Accepted','Dear Mohamad A,\n\nWe are pleased to inform you that \"MukeshA\" has accepted the invitation to review the paper titled \"Robotics in Manufacturing: Enhancing Efficiency and Precision\"\n\n Please proceed with the necessary arrangements for the review process.\n\nThank you for coordinating this.\n','2024-08-12 03:40:21.843919','mitung62@gmail.com',8),(50,'Invitation Accepted','Dear Mohamad A,\n\nWe are pleased to inform you that \"MukeshA\" has accepted the invitation to review the paper titled \"Robotics in Manufacturing: Enhancing Efficiency and Precision\"\n\n Please proceed with the necessary arrangements for the review process.\n\nThank you for coordinating this.\n','2024-08-12 03:40:22.809788','mitung62@gmail.com',8),(51,'Invitation Accepted','Dear Mohamad A,\n\nWe are pleased to inform you that \"MukeshA\" has accepted the invitation to review the paper titled \"Robotics in Manufacturing: Enhancing Efficiency and Precision\"\n\n Please proceed with the necessary arrangements for the review process.\n\nThank you for coordinating this.\n','2024-08-12 03:40:23.346339','mitung62@gmail.com',8),(52,'Invitation Accepted','Dear Mohamad A,\n\nWe are pleased to inform you that \"MukeshA\" has accepted the invitation to review the paper titled \"Robotics in Manufacturing: Enhancing Efficiency and Precision\"\n\n Please proceed with the necessary arrangements for the review process.\n\nThank you for coordinating this.\n','2024-08-12 03:40:23.683075','mitung62@gmail.com',8),(53,'Invitation Accepted','Dear Mohamad A,\n\nWe are pleased to inform you that \"MukeshA\" has accepted the invitation to review the paper titled \"Robotics in Manufacturing: Enhancing Efficiency and Precision\"\n\n Please proceed with the necessary arrangements for the review process.\n\nThank you for coordinating this.\n','2024-08-12 03:40:24.279833','mitung62@gmail.com',8),(54,'Invitation Accepted','Dear Mohamad A,\n\nWe are pleased to inform you that \"MukeshA\" has accepted the invitation to review the paper titled \"Robotics in Manufacturing: Enhancing Efficiency and Precision\"\n\n Please proceed with the necessary arrangements for the review process.\n\nThank you for coordinating this.\n','2024-08-12 03:40:24.606824','mitung62@gmail.com',8),(55,'Invitation Accepted','Dear Mohamad A,\n\nWe are pleased to inform you that \"MukeshA\" has accepted the invitation to review the paper titled \"Robotics in Manufacturing: Enhancing Efficiency and Precision\"\n\n Please proceed with the necessary arrangements for the review process.\n\nThank you for coordinating this.\n','2024-08-12 03:42:55.167914','mitung62@gmail.com',8),(56,'Invitation Accepted','Dear Mohamad A,\n\nWe are pleased to inform you that \"MukeshA\" has accepted the invitation to review the paper titled \"Robotics in Manufacturing: Enhancing Efficiency and Precision\"\n\n Please proceed with the necessary arrangements for the review process.\n\nThank you for coordinating this.\n','2024-08-12 03:42:55.355016','mitung62@gmail.com',8),(57,'Invitation Accepted','Dear Mohamad A,\n\nWe are pleased to inform you that \"MukeshA\" has accepted the invitation to review the paper titled \"Robotics in Manufacturing: Enhancing Efficiency and Precision\"\n\n Please proceed with the necessary arrangements for the review process.\n\nThank you for coordinating this.\n','2024-08-12 03:42:55.742495','mitung62@gmail.com',8),(58,'Invitation Accepted','Dear Mohamad A,\n\nWe are pleased to inform you that \"MukeshA\" has accepted the invitation to review the paper titled \"Robotics in Manufacturing: Enhancing Efficiency and Precision\"\n\n Please proceed with the necessary arrangements for the review process.\n\nThank you for coordinating this.\n','2024-08-12 03:42:56.279906','mitung62@gmail.com',8),(59,'Invitation Accepted','Dear Mohamad A,\n\nWe are pleased to inform you that \"MukeshA\" has accepted the invitation to review the paper titled \"Robotics in Manufacturing: Enhancing Efficiency and Precision\"\n\n Please proceed with the necessary arrangements for the review process.\n\nThank you for coordinating this.\n','2024-08-12 03:42:56.649598','mitung62@gmail.com',8),(60,'Invitation Accepted','Dear Mohamad A,\n\nWe are pleased to inform you that \"MukeshA\" has accepted the invitation to review the paper titled \"Robotics in Manufacturing: Enhancing Efficiency and Precision\"\n\n Please proceed with the necessary arrangements for the review process.\n\nThank you for coordinating this.\n','2024-08-12 03:42:56.915981','mitung62@gmail.com',8),(61,'Invitation Accepted','Dear Mohamad A,\n\nWe are pleased to inform you that \"MukeshA\" has accepted the invitation to review the paper titled \"Robotics in Manufacturing: Enhancing Efficiency and Precision\"\n\n Please proceed with the necessary arrangements for the review process.\n\nThank you for coordinating this.\n','2024-08-12 03:42:58.049015','mitung62@gmail.com',8),(62,'Invitation Accepted','Dear Mohamad A,\n\nWe are pleased to inform you that \"MukeshA\" has accepted the invitation to review the paper titled \"Robotics in Manufacturing: Enhancing Efficiency and Precision\"\n\n Please proceed with the necessary arrangements for the review process.\n\nThank you for coordinating this.\n','2024-08-12 03:42:58.253554','mitung62@gmail.com',8),(63,'Invitation Accepted','Dear Mohamad A,\n\nWe are pleased to inform you that \"MukeshA\" has accepted the invitation to review the paper titled \"Robotics in Manufacturing: Enhancing Efficiency and Precision\"\n\n Please proceed with the necessary arrangements for the review process.\n\nThank you for coordinating this.\n','2024-08-12 03:42:59.058178','mitung62@gmail.com',8),(64,'Invitation Accepted','Dear Mohamad A,\n\nWe are pleased to inform you that \"MukeshA\" has accepted the invitation to review the paper titled \"Robotics in Manufacturing: Enhancing Efficiency and Precision\"\n\n Please proceed with the necessary arrangements for the review process.\n\nThank you for coordinating this.\n','2024-08-12 03:42:59.959108','mitung62@gmail.com',8),(65,'Invitation Accepted','Dear Mohamad A,\n\nWe are pleased to inform you that \"MukeshA\" has accepted the invitation to review the paper titled \"Robotics in Manufacturing: Enhancing Efficiency and Precision\"\n\n Please proceed with the necessary arrangements for the review process.\n\nThank you for coordinating this.\n','2024-08-12 03:43:00.136000','mitung62@gmail.com',8),(66,'Invitation Accepted','Dear Mohamad A,\n\nWe are pleased to inform you that \"MukeshA\" has accepted the invitation to review the paper titled \"Robotics in Manufacturing: Enhancing Efficiency and Precision\"\n\n Please proceed with the necessary arrangements for the review process.\n\nThank you for coordinating this.\n','2024-08-12 03:43:00.368533','mitung62@gmail.com',8),(67,'Invitation Accepted','Dear Mohamad A,\n\nWe are pleased to inform you that \"MukeshA\" has accepted the invitation to review the paper titled \"Robotics in Manufacturing: Enhancing Efficiency and Precision\"\n\n Please proceed with the necessary arrangements for the review process.\n\nThank you for coordinating this.\n','2024-08-12 03:43:01.207672','mitung62@gmail.com',8),(68,'Invitation Accepted','Dear Mohamad A,\n\nWe are pleased to inform you that \"MukeshA\" has accepted the invitation to review the paper titled \"Robotics in Manufacturing: Enhancing Efficiency and Precision\"\n\n Please proceed with the necessary arrangements for the review process.\n\nThank you for coordinating this.\n','2024-08-12 03:43:01.756543','mitung62@gmail.com',8),(69,'Invitation Accepted','Dear Mohamad A,\n\nWe are pleased to inform you that \"MukeshA\" has accepted the invitation to review the paper titled \"Robotics in Manufacturing: Enhancing Efficiency and Precision\"\n\n Please proceed with the necessary arrangements for the review process.\n\nThank you for coordinating this.\n','2024-08-12 03:43:02.146547','mitung62@gmail.com',8),(70,'Invitation Accepted','Dear Mohamad A,\n\nWe are pleased to inform you that \"MukeshA\" has accepted the invitation to review the paper titled \"Robotics in Manufacturing: Enhancing Efficiency and Precision\"\n\n Please proceed with the necessary arrangements for the review process.\n\nThank you for coordinating this.\n','2024-08-12 03:43:02.966935','mitung62@gmail.com',8),(71,'Manuscript Rejected','Dear Arun K,\n\nThank you for your submission titled \"only the AI can think\".\n   After careful review, we regret to inform you that your paper has been rejected.\n\nWe appreciate your interest in [Conference/\"IJAM\"] and encourage you to consider submitting future work.\n\nThank you.\n','2024-08-12 03:43:32.954339','mitung62@gmail.com',14),(72,'Manuscript Rejected','Dear Arun K,\n\nThank you for your submission titled \"only the AI can think\".\n   After careful review, we regret to inform you that your paper has been rejected.\n\nWe appreciate your interest in [Conference/\"IJAM\"] and encourage you to consider submitting future work.\n\nThank you.\n','2024-08-12 03:43:33.189334','mitung62@gmail.com',14),(73,'Manuscript Rejected','Dear Arun K,\n\nThank you for your submission titled \"only the AI can think\".\n   After careful review, we regret to inform you that your paper has been rejected.\n\nWe appreciate your interest in [Conference/\"IJAM\"] and encourage you to consider submitting future work.\n\nThank you.\n','2024-08-12 03:43:33.508622','mitung62@gmail.com',14),(74,'Manuscript Rejected','Dear Arun K,\n\nThank you for your submission titled \"only the AI can think\".\n   After careful review, we regret to inform you that your paper has been rejected.\n\nWe appreciate your interest in [Conference/\"IJAM\"] and encourage you to consider submitting future work.\n\nThank you.\n','2024-08-12 03:43:34.052004','mitung62@gmail.com',14),(75,'Manuscript Rejected','Dear Arun K,\n\nThank you for your submission titled \"only the AI can think\".\n   After careful review, we regret to inform you that your paper has been rejected.\n\nWe appreciate your interest in [Conference/\"IJAM\"] and encourage you to consider submitting future work.\n\nThank you.\n','2024-08-12 03:43:34.441118','mitung62@gmail.com',14),(76,'Manuscript Rejected','Dear Arun K,\n\nThank you for your submission titled \"only the AI can think\".\n   After careful review, we regret to inform you that your paper has been rejected.\n\nWe appreciate your interest in [Conference/\"IJAM\"] and encourage you to consider submitting future work.\n\nThank you.\n','2024-08-12 03:43:34.885265','mitung62@gmail.com',14),(77,'Manuscript Rejected','Dear Arun K,\n\nThank you for your submission titled \"only the AI can think\".\n   After careful review, we regret to inform you that your paper has been rejected.\n\nWe appreciate your interest in [Conference/\"IJAM\"] and encourage you to consider submitting future work.\n\nThank you.\n','2024-08-12 03:43:35.812213','mitung62@gmail.com',14),(78,'Manuscript Rejected','Dear Arun K,\n\nThank you for your submission titled \"Human impact of bio-diversity\".\n   After careful review, we regret to inform you that your paper has been rejected.\n\nWe appreciate your interest in [Conference/\"JCM\"] and encourage you to consider submitting future work.\n\nThank you.\n','2024-08-12 03:44:43.678767','mitung62@gmail.com',14),(79,'Manuscript Submitted','Dear Arun K,,\n\nThank you for submitting your paper titled \"title\" to [Conference/JCS].\n\nWe will notify you of any updates regarding the review process.\n\nThank you.\n\n\n\n','2024-08-12 09:45:38.147109','mitung62@gmail.com',14),(80,'Manuscript Submitted','Dear Surya Prakesh,\n\nA new paper titled \"title\" has been successfully submitted by \"Arun\" for your review.\n\n\nPlease log in to the admin portal to review the submission and proceed with the next steps.\n\nThank you.\n\n\n','2024-08-12 09:45:41.161548','mitung62@gmail.com',7),(81,'Manuscript Submitted','Dear Arun K,,\n\nThank you for submitting your paper titled \"title\" to [Conference/JCM].\n\nWe will notify you of any updates regarding the review process.\n\nThank you.\n\n\n\n','2024-08-13 09:46:08.396766','mitung62@gmail.com',14),(82,'Manuscript Submitted','Dear Surya Prakesh,\n\nA new paper titled \"title\" has been successfully submitted by \"Arun\" for your review.\n\n\nPlease log in to the admin portal to review the submission and proceed with the next steps.\n\nThank you.\n\n\n','2024-08-13 09:46:11.327157','mitung62@gmail.com',7),(83,'Manuscript Rejected','Dear Arun K,\n\nThank you for your submission titled \"title\".\n   After careful review, we regret to inform you that your paper has been rejected.\n\nWe appreciate your interest in [Conference/\"JCS\"] and encourage you to consider submitting future work.\n\nThank you.\n','2024-08-13 10:25:38.175236','mitung62@gmail.com',14),(84,'Manuscript Rejected','Dear Arun K,\n\nThank you for your submission titled \"title\".\n   After careful review, we regret to inform you that your paper has been rejected.\n\nWe appreciate your interest in [Conference/\"JCS\"] and encourage you to consider submitting future work.\n\nThank you.\n','2024-08-13 10:29:15.387710','mitung62@gmail.com',14),(85,'Manuscript Assigned','Dear guru@gmail.com,\n\nWe are pleased to inform you that you have been assigned as the Associate Editor for  \"JCM\"  titled \"title\" .\n\n Please involve overseeing the review process and making editorial decisions for submitted papers.\n\nPlease log in to your account to review the submission.\n\nThank you.\n\n\n\n','2024-08-13 10:40:01.912886','mitung62@gmail.com',9),(86,'Manuscript Assigned','Dear guru@gmail.com,\n\nWe are pleased to inform you that you have been assigned as the Associate Editor for  \"JCM\"  titled \"title\" .\n\n Please involve overseeing the review process and making editorial decisions for submitted papers.\n\nPlease log in to your account to review the submission.\n\nThank you.\n\n\n\n','2024-08-13 10:42:10.235794','mitung62@gmail.com',9),(87,'Manuscript Assigned','Dear guru@gmail.com,\n\nWe are pleased to inform you that you have been assigned as the Associate Editor for  \"JCM\"  titled \"title\" .\n\n Please involve overseeing the review process and making editorial decisions for submitted papers.\n\nPlease log in to your account to review the submission.\n\nThank you.\n\n\n\n','2024-08-13 10:45:10.843458','mitung62@gmail.com',9),(88,'Manuscript Assigned','Dear guru@gmail.com,\n\nWe are pleased to inform you that you have been assigned as the Associate Editor for  \"JCM\"  titled \"title\" .\n\n Please involve overseeing the review process and making editorial decisions for submitted papers.\n\nPlease log in to your account to review the submission.\n\nThank you.\n\n\n\n','2024-08-13 10:53:06.198870','mitung62@gmail.com',9),(89,'Manuscript Assigned','Dear guru@gmail.com,\n\nWe are pleased to inform you that you have been assigned as the Associate Editor for  \"JCM\"  titled \"title\" .\n\n Please involve overseeing the review process and making editorial decisions for submitted papers.\n\nPlease log in to your account to review the submission.\n\nThank you.\n\n\n\n','2024-08-13 10:53:57.764341','mitung62@gmail.com',9),(90,'Manuscript Assigned','Dear guru@gmail.com,\n\nWe are pleased to inform you that you have been assigned as the Associate Editor for  \"JCM\"  titled \"title\" .\n\n Please involve overseeing the review process and making editorial decisions for submitted papers.\n\nPlease log in to your account to review the submission.\n\nThank you.\n\n\n\n','2024-08-13 10:55:23.833498','mitung62@gmail.com',9),(91,'Manuscript Assigned','Dear guru@gmail.com,\n\nWe are pleased to inform you that you have been assigned as the Associate Editor for  \"JCM\"  titled \"title\" .\n\n Please involve overseeing the review process and making editorial decisions for submitted papers.\n\nPlease log in to your account to review the submission.\n\nThank you.\n\n\n\n','2024-08-13 10:58:38.072608','mitung62@gmail.com',9),(92,'Manuscript Assigned','Dear Mohamad,\n\nWe are pleased to inform you that you have been assigned as the Associate Editor for  \"JCS\"  titled \"Developing a Secure Online Platform for Research Paper Submissions\" .\n\n Please involve overseeing the review process and making editorial decisions for submitted papers.\n\nPlease log in to your account to review the submission.\n\nThank you.\n\n\n\n','2024-08-13 11:16:35.566739','mitung62@gmail.com',8),(94,'Your account has been created','Dear Mitun G,\n\nGreetings from Karpagam Publications.\n\nWe are happy to have you join our team.\n\nKindly wait for your password.\n\nThank you  ','2024-08-14 05:32:23.764290','mitung62@gmail.com',25),(95,'Your password has been reset','Dear 20csa24@karpagamtech.ac.in,\n\n    Your new password has been successfully reset. Your new password is: Zxw1&amp;&amp;+0K88L\n\n    Please log in using the following link and change your password to something more secure:\n\n    Reset Your Password\n\n    If you did not request this change, please contact support immediately.\n\n    Thank you,','2024-08-14 06:08:48.903399','mitung62@gmail.com',25),(96,'Your password has been reset','Dear 20csa24@karpagamtech.ac.in,\n\n    Your new password has been successfully reset. Your new password is: Cz&gt;2lZQeg;r)\n\n    Please log in using the following link and change your password to something more secure:\n\n    Reset Your Password\n\n    If you did not request this change, please contact support immediately.\n\n    Thank you,','2024-08-14 06:18:00.225664','mitung62@gmail.com',25),(97,'Your password has been reset','Dear 20csa24@karpagamtech.ac.in,\n\n    Your new password has been successfully reset. Your new password is: 6rHD^_k%u3?0\n\n    Please log in using the following link and change your password to something more secure:\n\n    Reset Your Password\n\n    If you did not request this change, please contact support immediately.\n\n    Thank you,','2024-08-14 06:31:49.347024','mitung62@gmail.com',25),(98,'Your password has been reset','Dear 20csa24@karpagamtech.ac.in,\n\n    Your new password has been successfully reset. Your new password is: |7S?Lpeu$.9e\n\n    Please log in using the following link and change your password to something more secure:\n\n    Reset Your Password\n\n    If you did not request this change, please contact support immediately.\n\n    Thank you,','2024-08-14 06:34:20.632174','mitung62@gmail.com',25),(99,'Your password has been reset','Dear 20csa24@karpagamtech.ac.in,\n\n    Your new password has been successfully reset. Your new password is: g)Z^m+m+.2)g\n\n    Please log in using the following link and change your password to something more secure:\n\n    Reset Your Password\n\n    If you did not request this change, please contact support immediately.\n\n    Thank you,','2024-08-14 06:37:56.881593','mitung62@gmail.com',25),(100,'Regarding Journal Assignment','Dear 20csa24@karpagamtech.ac.in,\n\n    You have been assigned as the editor for the journal: JCS.\n\n    Please log in to your account to view and manage your assigned journal.\n\n    Thank you,\n','2024-08-14 06:41:07.018802','mitung62@gmail.com',25),(101,'Regarding Journal Assignment','Dear 20csa24@karpagamtech.ac.in,\n\n    You have been assigned as the editor for the journal: JCS.\n\n    Please click Reset Your Password to your account to view and manage your assigned journal.\n\n    Thank you,\n','2024-08-14 06:43:42.273624','mitung62@gmail.com',25),(102,'Regarding Journal Assignment','Dear 20csa24@karpagamtech.ac.in,\n\n    You have been assigned as the editor for the journal: JCS.\n\n    Please click Login to your account to view and manage your assigned journal.\n\n    Thank you,\n','2024-08-14 06:44:58.395390','mitung62@gmail.com',25),(103,'Role as Admin Office','Dear ,\n\n    You have been assigned as theAdmin Office.\n\n    Please click Login to your account to view and manage your assigned journal.\n\n    Thank you,\n','2024-08-14 06:57:52.025922','mitung62@gmail.com',25),(104,'Regarding Journal Assignment','Dear 20csa24@karpagamtech.ac.in,\n\n    You have been assigned as the editor for the journal: JCS.\n\n    Please click Login to your account to view and manage your assigned journal.\n\n    Thank you,\n','2024-08-14 07:01:07.500097','mitung62@gmail.com',25),(106,'Your account has been created','Dear Adhul F,\n\nGreetings from Karpagam Publications.\n\nWe are happy to have you join our team.\n\nKindly wait for your password.\n\nThank you  ','2024-08-14 07:30:13.264268','mitung62@gmail.com',27),(107,'Your password has been reset','Dear adhul@gmail.com,\n\n    Your new password has been successfully reset. Your new password is: &gt;P0y}sJ3mt1[\n\n    Please log in using the following link and change your password to something more secure:\n\n    Reset Your Password\n\n    Thank you,','2024-08-14 08:27:03.758161','mitung62@gmail.com',27),(108,'Your password has been reset','Dear adhul@gmail.com,\n\n    Your new password has been successfully reset. Your new password is: &gt;0WNmJ4CfrdP\n\n    Please log in using the following link and change your password to something more secure:\n\n    Reset Your Password\n\n    Thank you,','2024-08-14 08:27:54.087976','mitung62@gmail.com',27),(109,'Regarding Journal Assignment','Dear adhul@gmail.com,\n\n    You have been assigned as the editor for the journal: JCM.\n\n    Please click Login to your account to view and manage your assigned journal.\n\n    Thank you,\n','2024-08-14 08:28:25.329133','mitung62@gmail.com',27),(110,'Regarding Journal Assignment','Dear adhul@gmail.com,\n\n    You have been assigned as the editor for the journal: JCM.\n\n    Please click Login to your account to view and manage your assigned journal.\n\n    Thank you,\n','2024-08-14 08:30:07.596314','mitung62@gmail.com',27),(111,'Regarding Journal Assignment','Dear adhul@gmail.com,\n\n    You have been assigned as the editor for the journal: JCM.\n\n    Please click Login to your account to view and manage your assigned journal.\n\n    Thank you,\n','2024-08-14 08:30:50.614641','mitung62@gmail.com',27),(112,'Your password has been reset','Dear adhul@gmail.com,\n\n    Your new password has been successfully reset. Your new password is: )A*p_0o$0]a!\n\n    Please log in using the following link and change your password to something more secure:\n\n    Reset Your Password\n\n    Thank you,','2024-08-14 08:32:14.406936','mitung62@gmail.com',27),(113,'Regarding Journal Assignment','Dear adhul@gmail.com,\n\n    You have been assigned as the editor for the journal: JCM.\n\n    Please click Login to your account to view and manage your assigned journal.\n\n    Thank you,\n','2024-08-14 08:34:34.666806','mitung62@gmail.com',27),(114,'Manuscript Assigned','Dear guru@gmail.com,\n\nWe are pleased to inform you that you have been assigned as the Associate Editor for  \"JCM\"  titled \"title\" .\n\n Please involve overseeing the review process and making editorial decisions for submitted papers.\n\nPlease log in to your account to review the submission.\n\nThank you.\n\n\n\n','2024-08-14 08:42:11.972531','mitung62@gmail.com',9),(115,'Manuscript Rejected','Dear Arun K,\n\nThank you for your submission titled \"title\".\n   After careful review, we regret to inform you that your paper has been rejected.\n\nWe appreciate your interest in [Conference/\"JCM\"] and encourage you to consider submitting future work.\n\nThank you.\n','2024-08-14 08:48:15.608260','mitung62@gmail.com',14),(116,'Invitation Completed','Dear Mohamad A,\n\nWe are pleased to inform you that the \"MukeshMukesh\" has completed the corrections for the paper titled \"Robotics in Manufacturing: Enhancing Efficiency and Precision\".\n\n Please review the updated submission and proceed with the next steps.\n\n\nThank you for your attention.\n\n\n','2024-08-14 09:02:42.839545','mitung62@gmail.com',8),(117,'Invitation Completed','Dear Mohamad A,\n\nWe are pleased to inform you that the \"MukeshMukesh\" has completed the corrections for the paper titled \"Robotics in Manufacturing: Enhancing Efficiency and Precision\".\n\n Please review the updated submission and proceed with the next steps.\n\n\nThank you for your attention.\n\n\n','2024-08-14 09:04:34.793142','mitung62@gmail.com',8),(118,'Manuscript Decision','Dear Kumar C,\n\nCongratulations! Your paper titled \"The human AI\" has been accepted for publication.\n\nPlease proceed with the payment process to finalize your submission.\n\nYou need to done your payment before Aug. 21, 2024. Let us know if you have any questions. \n\nThank you.\n','2024-08-14 09:07:32.297348','mitung62@gmail.com',15),(119,'Manuscript Assigned','Dear Mitun,\n\nWe are pleased to inform you that you have been assigned as the Associate Editor for  \"JCS\"  titled \"title\" .\n\n Please involve overseeing the review process and making editorial decisions for submitted papers.\n\nPlease log in to your account to review the submission.\n\nThank you.\n\n\n\n','2024-08-14 09:12:14.933001','mitung62@gmail.com',25),(120,'Manuscript Assigned','Dear Mitun,\n\nWe are pleased to inform you that you have been assigned as the Associate Editor for  \"JCS\"  titled \"title\" .\n\n Please involve overseeing the review process and making editorial decisions for submitted papers.\n\nPlease log in to your account to review the submission.\n\nThank you.\n\n\n\n','2024-08-14 09:13:37.754259','mitung62@gmail.com',25),(121,'Manuscript Assigned','Dear Mitun,\n\nWe are pleased to inform you that you have been assigned as the Associate Editor for  \"JCS\"  titled \"title\" .\n\n Please involve overseeing the review process and making editorial decisions for submitted papers.\n\nPlease log in to your account to review the submission.\n\nThank you.\n\n\n\n','2024-08-14 09:14:38.107134','mitung62@gmail.com',25),(122,'Manuscript Assigned','Dear Mitun,\n\nWe are pleased to inform you that you have been assigned as the Associate Editor for  \"JCS\"  titled \"title\" .\n\n Please involve overseeing the review process and making editorial decisions for submitted papers.\n\nPlease log in to your account to review the submission.\n\nThank you.\n\n\n\n','2024-08-14 09:15:23.611776','mitung62@gmail.com',25),(123,'Manuscript Assigned','Dear Mitun,\n\nWe are pleased to inform you that you have been assigned as the Associate Editor for  \"JCS\"  titled \"title\" .\n\n Please involve overseeing the review process and making editorial decisions for submitted papers.\n\nPlease log in to your account to review the submission.\n\nThank you.\n\n\n\n','2024-08-14 09:18:31.767706','mitung62@gmail.com',25),(124,'Manuscript Assigned','Dear Mitun,\n\nWe are pleased to inform you that you have been assigned as the Associate Editor for  \"JCS\"  titled \"title\" .\n\n Please involve overseeing the review process and making editorial decisions for submitted papers.\n\nPlease log in to your account to review the submission.\n\nThank you.\n\n\n\n','2024-08-14 09:22:03.417541','mitung62@gmail.com',25),(125,'Manuscript Submitted','Dear Arun K,,\n\nThank you for submitting your paper titled \"Street light fault detection\" to [Conference/JCM].\n\nWe will notify you of any updates regarding the review process.\n\nThank you.\n\n\n\n','2024-08-14 09:29:03.179791','mitung62@gmail.com',14),(126,'Manuscript Submitted','Dear Surya Prakesh,\n\nA new paper titled \"Street light fault detection\" has been successfully submitted by \"Arun\" for your review.\n\n\nPlease log in to the admin portal to review the submission and proceed with the next steps.\n\nThank you.\n\n\n','2024-08-14 09:29:06.134839','mitung62@gmail.com',7),(127,'Manuscript Submitted','Dear Arun K,,\n\nThank you for submitting your paper titled \"safety system\" to [Conference/JCS].\n\nWe will notify you of any updates regarding the review process.\n\nThank you.\n\n\n\n','2024-08-14 09:32:06.772449','mitung62@gmail.com',14),(128,'Manuscript Submitted','Dear Surya Prakesh,\n\nA new paper titled \"safety system\" has been successfully submitted by \"Arun\" for your review.\n\n\nPlease log in to the admin portal to review the submission and proceed with the next steps.\n\nThank you.\n\n\n','2024-08-14 09:32:09.700966','mitung62@gmail.com',7),(129,'Manuscript Assigned','Dear Mitun,\n\nWe are pleased to inform you that you have been assigned as the Associate Editor for  \"JCS\"  titled \"title\" .\n\n Please involve overseeing the review process and making editorial decisions for submitted papers.\n\nPlease log in to your account to review the submission.\n\nThank you.\n\n\n\n','2024-08-14 09:33:39.306593','mitung62@gmail.com',25),(130,'Manuscript Assigned','Dear Mitun,\n\nWe are pleased to inform you that you have been assigned as the Associate Editor for  \"JCS\"  titled \"title\" .\n\n Please involve overseeing the review process and making editorial decisions for submitted papers.\n\nPlease log in to your account to review the submission.\n\nThank you.\n\n\n\n','2024-08-14 09:34:35.653132','mitung62@gmail.com',25),(131,'Manuscript Assigned','Dear Mitun,\n\nWe are pleased to inform you that you have been assigned as the Associate Editor for  \"JCS\"  titled \"title\" .\n\n Please involve overseeing the review process and making editorial decisions for submitted papers.\n\nPlease log in to your account to review the submission.\n\nThank you.\n\n\n\n','2024-08-14 09:37:36.159290','mitung62@gmail.com',25),(132,'Manuscript Assigned','Dear Mohamad,\n\nWe are pleased to inform you that you have been assigned as the Associate Editor for  \"JCS\"  titled \"safety system\" .\n\n Please involve overseeing the review process and making editorial decisions for submitted papers.\n\nPlease log in to your account to review the submission.\n\nThank you.\n\n\n\n','2024-08-14 11:19:32.158897','mitung62@gmail.com',8),(133,'Invitation to Review Manuscript','Dear Mukesh A,,\n\nWe would like to invite you to review a paper titled \"safety system\" for [Conference/JCS].\n\nYou need to Accept before Aug. 28, 2024, 11:19 a.m. \n\nPlease log in to your account to review the submission.\n\nThank you.\n','2024-08-14 11:19:45.008991','mitung62@gmail.com',10),(134,'Invitation Accepted','Dear Mohamad A,\n\nWe are pleased to inform you that \"MukeshA\" has accepted the invitation to review the paper titled \"safety system\"\n\n Please proceed with the necessary arrangements for the review process.\n\nThank you for coordinating this.\n','2024-08-14 11:20:07.164585','mitung62@gmail.com',8),(135,'Invitation Completed','Dear Mohamad A,\n\nWe are pleased to inform you that the \"MukeshMukesh\" has completed the corrections for the paper titled \"safety system\".\n\n Please review the updated submission and proceed with the next steps.\n\n\nThank you for your attention.\n\n\n','2024-08-14 11:20:31.451097','mitung62@gmail.com',8),(136,'AE Recommendations','Dear Selva,\n\nThe Associate Editor has completed their review and finalized their recommendation for the paper titled \"safety system\".\n\n You can now access their feedback and proceed with the final decision on this submission.\n\nPlease review the recommendation at your earliest convenience and let us know if any additional information or actions are required.\n\nThank you.','2024-08-14 11:22:15.000304','mitung62@gmail.com',21),(137,'Your password has been reset','Dear selva@gmail.com,\n\n    Your new password has been successfully reset. Your new password is: b&lt;}UEx!}pD@)\n\n    Please log in using the following link and change your password to something more secure:\n\n    Reset Your Password\n\n    Thank you,','2024-08-14 11:24:23.742604','mitung62@gmail.com',21),(138,'Manuscript Decision','Dear Arun K,\n\nCongratulations! Your paper titled \"safety system\" has been accepted for publication.\n\nPlease proceed with the payment process to finalize your submission.\n\nYou need to done your payment before Aug. 21, 2024. Let us know if you have any questions. \n\nThank you.\n','2024-08-14 11:25:38.453135','mitung62@gmail.com',14),(139,'Corrections in Manuscript ','Dear Arun K,\n\nThank you for your submission titled \"safety system\". The review process has identified some areas requiring corrections.\n\nPlease review the feedback and make the necessary revisio\n\nThank you for your cooperation.\n','2024-08-14 11:26:48.168274','mitung62@gmail.com',14),(140,'Corrections in Manuscript ','Dear Arun K,\n\nThank you for your submission titled \"safety system\". The review process has identified some areas requiring corrections.\n\nPlease review the feedback and make the necessary revisio\n\nThank you for your cooperation.\n','2024-08-14 11:28:49.882963','mitung62@gmail.com',14),(141,'Manuscript Decision','Dear Vikash R,\n\nThank you for your submission titled \"Title in AI\". The review process has identified some areas requiring revision.\n\nPlease address the feedback and resubmit your revised paper\n\nThank you.\n','2024-08-14 11:37:09.386663','mitung62@gmail.com',20),(143,'Registration Success','Registration Successful!\n\n        Dear luccas9655@gmail.com,\n\n        Greetings from Karpagam Publications.\n        \n        Thank you for registering . Your account has been created successfully.\n        \n        Please click the link below to activate your account:\n\n        Activate My Account\n\n        Best regards\n        ','2024-08-16 06:33:46.820556','mitung62@gmail.com',29),(144,'Manuscript Submitted','Dear Arun K,,\n\nThank you for submitting your paper titled \"checking\" to [Conference/JCS].\n\nWe will notify you of any updates regarding the review process.\n\nThank you.\n\n\n\n','2024-09-14 05:51:58.585894','mitung62@gmail.com',14),(145,'Manuscript Submitted','Dear Surya Prakesh,\n\nA new paper titled \"checking\" has been successfully submitted by \"Arun\" for your review.\n\n\nPlease log in to the admin portal to review the submission and proceed with the next steps.\n\nThank you.\n\n\n','2024-09-14 05:52:02.002734','mitung62@gmail.com',7),(146,'Invitation to Review Manuscript','Dear Mukesh A,,\n\nWe would like to invite you to review a paper titled \"Developing a Secure Online Platform for Research Paper Submissions\" for [Conference/JCS].\n\nYou need to Accept before Oct. 10, 2024, 6:49 a.m. \n\nPlease log in to your account to review the submission.\n\nThank you.\n','2024-09-26 06:49:23.344466','mitung62@gmail.com',10),(147,'Your password has been reset','Dear mitung@gmail.com,\n\n    Your new password has been successfully reset. Your new password is: ;8zEcfCLy&amp;?_\n\n    Please log in using the following link and change your password to something more secure:\n\n    Reset Your Password\n\n    Thank you,','2024-10-24 12:23:04.332557','mitung62@gmail.com',2),(148,'Registration Success','Registration Successful!\n\n        Dear midhung2015@gmail.com,\n\n        Greetings from Karpagam Publications.\n        \n        Thank you for registering . Your account has been created successfully.\n        \n        Please click the link below to activate your account:\n\n        Activate My Account\n\n        Best regards\n        ','2024-10-25 05:30:58.309453','mitung62@gmail.com',34),(149,'Registration Success','Registration Successful!\n\n        Dear midung2015@gmail.com,\n\n        Greetings from Karpagam Publications.\n        \n        Thank you for registering . Your account has been created successfully.\n        \n        Please click the link below to activate your account:\n\n        Activate My Account\n\n        Best regards\n        ','2024-10-25 05:35:38.812066','mitung62@gmail.com',38),(150,'Your password has been reset','Dear midhung2015@gmail.com,\n\n    Your new password has been successfully reset. Your new password is: SDgXFG9GqAkl\n\n    Please log in using the following link and change your password to something more secure:\n\n    Reset Your Password\n\n    Thank you,','2024-10-25 06:12:00.431481','mitung62@gmail.com',34),(151,'Your password has been reset','Dear midhung2015@gmail.com,\n\n    Your new password has been successfully reset. Your new password is: lUQIyC3o\n\n    Please log in using the following link and change your password to something more secure:\n\n    Reset Your Password\n\n    Thank you,','2024-10-25 06:51:43.176284','mitung62@gmail.com',34),(152,'Your password has been reset','Dear midhung2015@gmail.com,\n\n    Your new password has been successfully reset. Your new password is: lmndy48v\n\n    Please log in using the following link and change your password to something more secure:\n\n    Reset Your Password\n\n    Thank you,','2024-10-25 06:54:07.269800','mitung62@gmail.com',34),(153,'Your password has been reset','Dear surya@gmail.com,\n\n    Your new password has been successfully reset. Your new password is: yaLkalzd\n\n    Please log in using the following link and change your password to something more secure:\n\n    Reset Your Password\n\n    Thank you,','2024-10-25 07:02:00.900291','mitung62@gmail.com',7),(154,'Your password has been reset','Dear midhung2015@gmail.com,\n\n    Your new password has been successfully reset. Your new password is: 8Sb6GS7X\n\n    Please log in using the following link and change your password to something more secure:\n\n    Reset Your Password\n\n    Thank you,','2024-10-25 07:04:48.143293','mitung62@gmail.com',34),(155,'Your password has been reset','Dear author_a@gmail.com,\n\n    Your new password has been successfully reset. Your new password is: jUOb9JLd\n\n    Please log in using the following link and change your password to something more secure:\n\n    Reset Your Password\n\n    Thank you,','2024-10-25 07:09:30.364205','mitung62@gmail.com',14),(156,'Your password has been reset','Dear author_a@gmail.com,\n\n    Your new password has been successfully reset. Your new password is: LkYmNibU\n\n    Please log in using the following link and change your password to something more secure:\n\n    Reset Your Password\n\n    Thank you,','2024-10-25 07:18:43.326043','mitung62@gmail.com',14),(157,'Your password has been reset','Dear kumar@gmail.com,\n\n    Your new password has been successfully reset. Your new password is: yC83TU6v\n\n    Please log in using the following link and change your password to something more secure:\n\n    Reset Your Password\n\n    Thank you,','2024-10-25 07:22:22.487894','mitung62@gmail.com',15),(158,'Registration Success','Registration Successful!\n\n        Dear myname@gmail.com,\n\n        Greetings from Karpagam Publications.\n        \n        Thank you for registering . Your account has been created successfully.\n        \n        Please click the link below to activate your account:\n\n        Activate My Account\n\n        Best regards\n        ','2024-10-25 08:13:51.271852','mitung62@gmail.com',40),(159,'Registration Success','Registration Successful!\n\n        Dear test@gmail.com,\n\n        Greetings from Karpagam Publications.\n        \n        Thank you for registering . Your account has been created successfully.\n        \n        Please click the link below to activate your account:\n\n        Activate My Account\n\n        Best regards\n        ','2024-10-25 08:16:11.454392','mitung62@gmail.com',41),(160,'Manuscript Submitted','Dear Arun K,,\n\nThank you for submitting your paper titled \"sivakali\" to [Conference/JCS].\n\nWe will notify you of any updates regarding the review process.\n\nThank you.\n\n\n\n','2024-11-06 06:45:19.786637','mitung62@gmail.com',14),(161,'Manuscript Submitted','Dear Surya Prakesh,\n\nA new paper titled \"sivakali\" has been successfully submitted by \"Arun\" for your review.\n\n\nPlease log in to the admin portal to review the submission and proceed with the next steps.\n\nThank you.\n\n\n','2024-11-06 06:45:23.242564','mitung62@gmail.com',7),(162,'Manuscript Submitted','Dear Arun K,,\n\nThank you for submitting your paper titled \"check word file\" to [Conference/JCS].\n\nWe will notify you of any updates regarding the review process.\n\nThank you.\n\n\n\n','2024-11-06 07:38:07.638300','mitung62@gmail.com',14),(163,'Manuscript Submitted','Dear Surya Prakesh,\n\nA new paper titled \"check word file\" has been successfully submitted by \"Arun\" for your review.\n\n\nPlease log in to the admin portal to review the submission and proceed with the next steps.\n\nThank you.\n\n\n','2024-11-06 07:38:10.857817','mitung62@gmail.com',7),(164,'Manuscript Assigned','Dear Mohamad,\n\nWe are pleased to inform you that you have been assigned as the Associate Editor for  \"JCS\"  titled \"sivakali\" .\n\n Please involve overseeing the review process and making editorial decisions for submitted papers.\n\nPlease log in to your account to review the submission.\n\nThank you.\n\n\n\n','2024-11-07 11:58:35.496990','mitung62@gmail.com',8),(165,'Invitation to Review Manuscript','Dear Mukesh A,,\n\nWe would like to invite you to review a paper titled \"sivakali\" for [Conference/JCS].\n\nYou need to Accept before Nov. 21, 2024, 11:58 a.m. \n\nPlease log in to your account to review the submission.\n\nThank you.\n','2024-11-07 11:58:59.606339','mitung62@gmail.com',10),(166,'Invitation Accepted','Dear Mohamad A,\n\nWe are pleased to inform you that \"MukeshA\" has accepted the invitation to review the paper titled \"sivakali\"\n\n Please proceed with the necessary arrangements for the review process.\n\nThank you for coordinating this.\n','2024-11-07 11:59:20.229248','mitung62@gmail.com',8),(167,'Invitation Completed','Dear Mohamad A,\n\nWe are pleased to inform you that the \"MukeshMukesh\" has completed the corrections for the paper titled \"sivakali\".\n\n Please review the updated submission and proceed with the next steps.\n\n\nThank you for your attention.\n\n\n','2024-11-07 11:59:59.297063','mitung62@gmail.com',8),(168,'submitted','CHECK THE PROCESS','2024-11-07 12:11:03.112255','mitung62@gmail.com',10),(169,'AE Recommendations','Dear Selva,\n\nThe Associate Editor has completed their review and finalized their recommendation for the paper titled \"sivakali\".\n\n You can now access their feedback and proceed with the final decision on this submission.\n\nPlease review the recommendation at your earliest convenience and let us know if any additional information or actions are required.\n\nThank you.','2024-11-07 12:11:36.925605','mitung62@gmail.com',21),(170,'Manuscript Decision','Dear Arun K,\n\nCongratulations! Your paper titled \"sivakali\" has been accepted for publication.\n\nPlease proceed with the payment process to finalize your submission.\n\nYou need to done your payment before Nov. 14, 2024. Let us know if you have any questions. \n\nThank you.\n','2024-11-07 12:14:17.341613','mitung62@gmail.com',14),(171,'Corrections in Manuscript ','Dear Arun K,\n\nThank you for your submission titled \"sivakali\". The review process has identified some areas requiring corrections.\n\nPlease review the feedback and make the necessary revisio\n\nThank you for your cooperation.\n','2024-11-07 12:15:47.758904','mitung62@gmail.com',14),(172,'Manuscript Assigned','Dear Mohamad,\n\nWe are pleased to inform you that you have been assigned as the Associate Editor for  \"JCS\"  titled \"check word file\" .\n\n Please involve overseeing the review process and making editorial decisions for submitted papers.\n\nPlease log in to your account to review the submission.\n\nThank you.\n\n\n\n','2024-11-08 07:19:40.138632','jcs@kahedu.edu.in',8),(173,'done','manuscripts assigned','2024-11-08 07:22:13.571955','jcs@kahedu.edu.in',14),(174,'Invitation to Review Manuscript','Dear Mukesh A,,\n\nWe would like to invite you to review a paper titled \"check word file\" for [Conference/JCS].\n\nYou need to Accept before Nov. 25, 2024, 9:37 a.m. \n\nPlease log in to your account to review the submission.\n\nThank you.\n','2024-11-11 09:37:29.053157','mitung62@gmail.com',10),(175,'Invitation Accepted','Dear Mohamad A,\n\nWe are pleased to inform you that \"MukeshA\" has accepted the invitation to review the paper titled \"check word file\"\n\n Please proceed with the necessary arrangements for the review process.\n\nThank you for coordinating this.\n','2024-11-11 09:38:01.898713','mitung62@gmail.com',8),(176,'Manuscript Rejected','Dear Charlas S,\n\nThank you for your submission titled \"Integrating AI in the Paper Submission and Review Process\".\n   After careful review, we regret to inform you that your paper has been rejected.\n\nWe appreciate your interest in [Conference/\"IJAM\"] and encourage you to consider submitting future work.\n\nThank you.\n','2024-11-12 07:27:31.586918','mitung62@gmail.com',16),(177,'Manuscript Rejected','Dear Eshwar S,\n\nThank you for your submission titled \"Developing a Secure Online Platform for Research Paper Submissions\".\n   After careful review, we regret to inform you that your paper has been rejected.\n\nWe appreciate your interest in [Conference/\"JCS\"] and encourage you to consider submitting future work.\n\nThank you.\n','2024-11-14 06:16:41.339715','mitung62@gmail.com',18),(178,'Manuscript Submitted','Dear Arun K,,\n\nThank you for submitting your paper titled \"Biotechnology\" to [Conference/JCS].\n\nWe will notify you of any updates regarding the review process.\n\nThank you.\n\n\n\n','2024-11-14 10:32:15.532637','mitung62@gmail.com',14),(179,'Manuscript Submitted','Dear Surya Prakesh,\n\nA new paper titled \"Biotechnology\" has been successfully submitted by \"Arun\" for your review.\n\n\nPlease log in to the admin portal to review the submission and proceed with the next steps.\n\nThank you.\n\n\n','2024-11-14 10:32:18.647431','mitung62@gmail.com',7),(180,'Manuscript Submitted','Dear Arun K,,\n\nThank you for submitting your paper titled \"Biotechnology\" to [Conference/JCS].\n\nWe will notify you of any updates regarding the review process.\n\nThank you.\n\n\n\n','2024-11-14 10:35:11.985033','mitung62@gmail.com',14),(181,'Manuscript Submitted','Dear Surya Prakesh,\n\nA new paper titled \"Biotechnology\" has been successfully submitted by \"Arun\" for your review.\n\n\nPlease log in to the admin portal to review the submission and proceed with the next steps.\n\nThank you.\n\n\n','2024-11-14 10:35:14.832518','mitung62@gmail.com',7),(182,'Manuscript Assigned','Dear Mohamad,\n\nWe are pleased to inform you that you have been assigned as the Associate Editor for  \"JCS\"  titled \"Robotics in Manufacturing: Enhancing Efficiency and Precision\" .\n\n Please involve overseeing the review process and making editorial decisions for submitted papers.\n\nPlease log in to your account to review the submission.\n\nThank you.\n\n\n\n','2024-11-18 11:52:04.006603','jcs@kahedu.edu.in',8),(183,'Manuscript Rejected','Dear Dhamudaran H,\n\nThank you for your submission titled \"Robotics in Manufacturing: Enhancing Efficiency and Precision\".\n   After careful review, we regret to inform you that your paper has been rejected.\n\nWe appreciate your interest in [Conference/\"JCS\"] and encourage you to consider submitting future work.\n\nThank you.\n','2024-11-18 11:52:21.021801','jcs@kahedu.edu.in',17),(184,'Manuscript Rejected','Dear Dhamudaran H,\n\nThank you for your submission titled \"Robotics in Manufacturing: Enhancing Efficiency and Precision\".\n   After careful review, we regret to inform you that your paper has been rejected.\n\nWe appreciate your interest in [Conference/\"JCS\"] and encourage you to consider submitting future work.\n\nThank you.\n','2024-11-18 11:52:23.361939','jcs@kahedu.edu.in',17),(185,'Manuscript Rejected','Dear Arun K,\n\nThank you for your submission titled \"Climate Change Mitigation: Strategies and Solutions\".\n   After careful review, we regret to inform you that your paper has been rejected.\n\nWe appreciate your interest in [Conference/\"JCS\"] and encourage you to consider submitting future work.\n\nThank you.\n','2024-11-18 11:55:02.865236','jcs@kahedu.edu.in',14),(186,'Manuscript Rejected','Dear Arun K,\n\nThank you for your submission titled \"Human impact of bio-diversity\".\n   After careful review, we regret to inform you that your paper has been rejected.\n\nWe appreciate your interest in [Conference/\"JCM\"] and encourage you to consider submitting future work.\n\nThank you.\n','2024-11-18 11:56:06.079943','jcs@kahedu.edu.in',14),(187,'Manuscript Rejected','Dear Arun K,\n\nThank you for your submission titled \"Climate Change Mitigation: Strategies and Solutions\".\n   After careful review, we regret to inform you that your paper has been rejected.\n\nWe appreciate your interest in [Conference/\"JCS\"] and encourage you to consider submitting future work.\n\nThank you.\n','2024-11-18 11:58:27.127284','jcs@kahedu.edu.in',14),(188,'Manuscript Rejected','Dear Arun K,\n\nThank you for your submission titled \"Climate Change Mitigation: Strategies and Solutions\".\n   After careful review, we regret to inform you that your paper has been rejected.\n\nWe appreciate your interest in [Conference/\"JCS\"] and encourage you to consider submitting future work.\n\nThank you.\n','2024-11-18 11:59:37.704233','jcs@kahedu.edu.in',14),(189,'Paper Status Update - ICERCS 2024','Dear Arun K,\n\nI hope this message finds you well. We are currently in the process of reviewing your paper\n    \"KJCS-2024-11-18\" & \"thsdftghj\", which is undergoing revision with our editorial and review team.\n\nWe look forward to the final steps of the review process and will keep you informed of any updates.\n\nWarm regards,\n\nICERCS 2024 Organizing Committee','2024-11-21 09:36:21.955713','mitung62@gmail.com',14),(190,'Manuscript Submitted','Dear Surya Prakesh,\n\nA new paper titled \"thsdftghj\" has been successfully submitted by \"Arun\" for your review.\n\n\nPlease log in to the admin portal to review the submission and proceed with the next steps.\n\nThank you.\n\n\n','2024-11-21 09:36:25.248374','mitung62@gmail.com',7),(191,'Your account has been created','Dear Mitun G,\n\nGreetings from Karpagam Publications.\n\nWe are happy to have you join our team.\n\nKindly wait for your Role and password.\n\nThank you  ','2025-03-05 11:00:02.001872','mitung62@gmail.com',43),(192,'Your password has been reset','Dear mitung62@gmail.com,\n\n    Your new password has been successfully reset. Your new password is: BOD%3X5x77;p\n\n    Please log in using the following link and change your password to something more secure:\n\n    Reset Your Password\n\n    Thank you,','2025-03-05 11:00:28.649925','mitung62@gmail.com',43),(193,'Role as Admin Office','Dear ,\n\n    You have been assigned as theAdmin Office.\n\n    Please click Login to your account to view and manage your assigned journal.\n\n    Thank you,\n','2025-03-05 11:01:28.765625','mitung62@gmail.com',43),(194,'Roles assigned to you','Dear ,\n\n    \n    You have been assigned the following roles:\n    \n        \n            Admin Office\n        \n            Reviewer\n        \n    \n    \n\n    Please click Login to your account to view and manage your assigned journal.\n\n    Thank you,\n\n   ','2025-03-05 11:27:40.166392','mitung62@gmail.com',43),(195,'Roles assigned to you','Dear ,\n\n    \n    You have been assigned the following role:\n    \n        Admin Office\n    \n    \n\n    Please click Login to your account to view and manage your assigned journal.\n\n    Thank you,\n\n   ','2025-03-05 11:28:23.114977','mitung62@gmail.com',43),(196,'Roles assigned to you','Dear mitung62@gmail.com,\n\n    \n        You have been assigned the following roles:\n        \n            \n        \n    \n\n    Please click Login to your account to view and manage your assigned journal.\n\n    Thank you,\n\n   ','2025-03-05 11:30:57.915788','mitung62@gmail.com',43),(197,'Roles assigned to you','Dear mitung62@gmail.com,\n\n    \n        You have been assigned as the Admin Office.\n    \n\n    Please click Login to your account to view and manage your assigned journal.\n\n    Thank you,\n\n   ','2025-03-05 11:31:56.696238','mitung62@gmail.com',43),(198,'Roles assigned to you','Dear mitung62@gmail.com,\n\n    \n        You have been assigned as the Admin Office.\n    \n\n    Please click Login to your account to view and manage your assigned journal.\n\n    Thank you,\n\n   ','2025-03-05 11:32:19.807241','mitung62@gmail.com',43),(199,'Roles assigned to you','Dear mitung62@gmail.com,\n\n    \n        You have been assigned the following roles:\n        \n            \n                Admin Office\n            \n                Reviewer\n            \n        \n    \n\n    Please click Login to your account to view and manage your assigned journal.\n\n    Thank you,\n\n   ','2025-03-05 11:32:23.060460','mitung62@gmail.com',43),(200,'Roles assigned to you','Dear mitung62@gmail.com,\n\n    \n        You have been assigned as the Admin Office.\n    \n\n    Please click Login to your account to view and manage your assigned journal.\n\n    Thank you,\n\n   ','2025-03-05 11:33:03.713028','mitung62@gmail.com',43),(201,'Roles assigned to you','Dear mitung62@gmail.com,\n\n    \n        You have been assigned the following roles:\n        \n            \n                Admin Office\n            \n                Reviewer\n            \n        \n    \n\n    Please click Login to your account to view and manage your assigned journal.\n\n    Thank you,\n\n   ','2025-03-05 11:33:08.040517','mitung62@gmail.com',43),(202,'Roles assigned to you','Dear mitung62@gmail.com,\n\n    \n        You have been assigned the following roles:\n        \n            \n                Admin Office\n            \n                Reviewer\n            \n        \n    \n\n    Please click Login to your account to view and manage your assigned journal.\n\n    Thank you,\n\n   ','2025-03-05 11:34:53.467606','mitung62@gmail.com',43),(203,'Roles assigned to you','Dear mitung62@gmail.com,\n\n    \n        You have been assigned the following roles:\n        \n            \n                Admin Office\n            \n                Reviewer\n            \n        \n    \n\n    Please click Login to your account to view and manage your assigned journal.\n\n    Thank you,\n\n   ','2025-03-05 11:35:38.138570','mitung62@gmail.com',43),(204,'Roles assigned to you','Dear mitung62@gmail.com,\n\n    \n        You have been assigned as the Reviewer.\n    \n\n    Please click Login to your account to view and manage your assigned journal.\n\n    Thank you,\n\n   ','2025-03-05 11:36:06.829591','mitung62@gmail.com',43),(205,'Roles assigned to you','Dear mitung62@gmail.com,\n\n    \n        You have been assigned as the Reviewer.\n    \n\n    Please click Login to your account to view and manage your assigned journal.\n\n    Thank you,\n\n   ','2025-03-05 11:37:58.355723','mitung62@gmail.com',43),(206,'Your password has been reset','Dear mitung62@gmail.com,\n\n    Your new password has been successfully reset. Your new password is: ]{y,p#^Sr!*Z\n\n    Please log in using the following link and change your password to something more secure:\n\n    Reset Your Password\n\n    Thank you,','2025-03-05 11:52:56.578559','mitung62@gmail.com',43),(207,'Regarding Journal Assignment','Dear adhul@gmail.com,\n\n    You have been assigned as the editor for the journal: JCS.\n\n    Please click Login to your account to view and manage your assigned journal.\n\n    Thank you,\n','2025-03-05 11:55:02.719629','mitung62@gmail.com',27),(208,'Roles assigned to you','Dear mitung62@gmail.com,\n\n    \n        You have been assigned as the Reviewer.\n    \n\n    Please click Login to your account to view and manage your assigned journal.\n\n    Thank you,\n\n   ','2025-03-06 03:40:55.611969','mitung62@gmail.com',43),(209,'Roles assigned to you','Dear mukesh@gmail.com,\n\n    \n        You have been assigned as the Reviewer.\n    \n\n    Please click Login to your account to view and manage your assigned journal.\n\n    Thank you,\n\n   ','2025-03-06 04:44:19.561646','mitung62@gmail.com',10),(210,'Roles assigned to you','Dear mukesh@gmail.com,\n\n    \n        You have been assigned as the Reviewer.\n    \n\n    Please click Login to your account to view and manage your assigned journal.\n\n    Thank you,\n\n   ','2025-03-06 04:44:19.799022','mitung62@gmail.com',10),(211,'Roles assigned to you','Dear mukesh@gmail.com,\n\n    \n        You have been assigned as the Reviewer.\n    \n\n    Please click Login to your account to view and manage your assigned journal.\n\n    Thank you,\n\n   ','2025-03-06 04:44:20.047555','mitung62@gmail.com',10),(212,'Roles assigned to you','Dear myname@gmail.com,\n\n    \n        You have been assigned as the Reviewer.\n    \n\n    Please click Login to your account to view and manage your assigned journal.\n\n    Thank you,\n\n   ','2025-03-10 06:36:45.026330','mitung62@gmail.com',40),(213,'Roles assigned to you','Dear myname@gmail.com,\n\n    \n        You have been assigned as the Reviewer.\n    \n\n    Please click Login to your account to view and manage your assigned journal.\n\n    Thank you,\n\n   ','2025-03-10 06:39:43.033437','mitung62@gmail.com',40),(214,'Roles assigned to you','Dear myname@gmail.com,\n\n    \n        You have been assigned as the Reviewer.\n    \n\n    Please click Login to your account to view and manage your assigned journal.\n\n    Thank you,\n\n   ','2025-03-10 06:40:06.084245','mitung62@gmail.com',40),(215,'Invitation Completed','Dear Mohamad A,\n\nWe are pleased to inform you that the \"MukeshMukesh\" has completed the corrections for the paper titled \"check word file\".\n\n Please review the updated submission and proceed with the next steps.\n\n\nThank you for your attention.\n\n\n','2025-03-11 12:12:03.176583','mitung62@gmail.com',8),(216,'Invitation Accepted','Dear Mohamad A,\n\nWe are pleased to inform you that \"MukeshA\" has accepted the invitation to review the paper titled \"Developing a Secure Online Platform for Research Paper Submissions\"\n\n Please proceed with the necessary arrangements for the review process.\n\nThank you for coordinating this.\n','2025-03-11 12:12:40.616538','mitung62@gmail.com',8),(217,'Invitation Completed','Dear Mohamad A,\n\nWe are pleased to inform you that the \"MukeshMukesh\" has completed the corrections for the paper titled \"Developing a Secure Online Platform for Research Paper Submissions\".\n\n Please review the updated submission and proceed with the next steps.\n\n\nThank you for your attention.\n\n\n','2025-03-11 12:12:56.054425','mitung62@gmail.com',8),(218,'Invitation Accepted','Dear Mohamad A,\n\nWe are pleased to inform you that \"MukeshA\" has accepted the invitation to review the paper titled \"Developing a Secure Online Platform for Research Paper Submissions\"\n\n Please proceed with the necessary arrangements for the review process.\n\nThank you for coordinating this.\n','2025-03-11 12:17:05.216145','mitung62@gmail.com',8),(219,'Invitation Completed','Dear Mohamad A,\n\nWe are pleased to inform you that the \"MukeshMukesh\" has completed the corrections for the paper titled \"Developing a Secure Online Platform for Research Paper Submissions\".\n\n Please review the updated submission and proceed with the next steps.\n\n\nThank you for your attention.\n\n\n','2025-03-11 12:23:50.501300','mitung62@gmail.com',8),(220,'Invitation Accepted','Dear Mohamad A,\n\nWe are pleased to inform you that \"MukeshA\" has accepted the invitation to review the paper titled \"Developing a Secure Online Platform for Research Paper Submissions\"\n\n Please proceed with the necessary arrangements for the review process.\n\nThank you for coordinating this.\n','2025-03-11 12:27:31.198956','mitung62@gmail.com',8),(221,'Invitation Completed','Dear Mohamad A,\n\nWe are pleased to inform you that the \"MukeshMukesh\" has completed the corrections for the paper titled \"Developing a Secure Online Platform for Research Paper Submissions\".\n\n Please review the updated submission and proceed with the next steps.\n\n\nThank you for your attention.\n\n\n','2025-03-11 12:48:36.253926','mitung62@gmail.com',8),(222,'Invitation Accepted','Dear Mohamad A,\n\nWe are pleased to inform you that \"MukeshA\" has accepted the invitation to review the paper titled \"Developing a Secure Online Platform for Research Paper Submissions\"\n\n Please proceed with the necessary arrangements for the review process.\n\nThank you for coordinating this.\n','2025-03-11 12:50:03.412249','mitung62@gmail.com',8),(223,'Invitation Completed','Dear Mohamad A,\n\nWe are pleased to inform you that the \"MukeshMukesh\" has completed the corrections for the paper titled \"Developing a Secure Online Platform for Research Paper Submissions\".\n\n Please review the updated submission and proceed with the next steps.\n\n\nThank you for your attention.\n\n\n','2025-03-11 12:50:29.909207','mitung62@gmail.com',8),(224,'Invitation Accepted','Dear Mohamad A,\n\nWe are pleased to inform you that \"MukeshA\" has accepted the invitation to review the paper titled \"Developing a Secure Online Platform for Research Paper Submissions\"\n\n Please proceed with the necessary arrangements for the review process.\n\nThank you for coordinating this.\n','2025-03-11 12:54:07.914377','mitung62@gmail.com',8),(225,'Invitation Accepted','Dear Mohamad A,\n\nWe are pleased to inform you that \"MukeshA\" has accepted the invitation to review the paper titled \"Developing a Secure Online Platform for Research Paper Submissions\"\n\n Please proceed with the necessary arrangements for the review process.\n\nThank you for coordinating this.\n','2025-03-11 12:54:08.709279','mitung62@gmail.com',8),(226,'Invitation Completed','Dear Mohamad A,\n\nWe are pleased to inform you that the \"MukeshMukesh\" has completed the corrections for the paper titled \"Developing a Secure Online Platform for Research Paper Submissions\".\n\n Please review the updated submission and proceed with the next steps.\n\n\nThank you for your attention.\n\n\n','2025-03-11 12:54:18.574022','mitung62@gmail.com',8),(227,'Invitation Accepted','Dear Mohamad A,\n\nWe are pleased to inform you that \"MukeshA\" has accepted the invitation to review the paper titled \"Developing a Secure Online Platform for Research Paper Submissions\"\n\n Please proceed with the necessary arrangements for the review process.\n\nThank you for coordinating this.\n','2025-03-11 12:56:32.520526','mitung62@gmail.com',8),(228,'Invitation Completed','Dear Mohamad A,\n\nWe are pleased to inform you that the \"MukeshMukesh\" has completed the corrections for the paper titled \"Developing a Secure Online Platform for Research Paper Submissions\".\n\n Please review the updated submission and proceed with the next steps.\n\n\nThank you for your attention.\n\n\n','2025-03-11 12:56:54.847148','mitung62@gmail.com',8),(229,'AE Recommendations','Dear Selva,\n\nThe Associate Editor has completed their review and finalized their recommendation for the paper titled \"Developing a Secure Online Platform for Research Paper Submissions\".\n\n You can now access their feedback and proceed with the final decision on this submission.\n\nPlease review the recommendation at your earliest convenience and let us know if any additional information or actions are required.\n\nThank you.','2025-03-11 12:59:51.513257','mitung62@gmail.com',21),(230,'AE Recommendations','Dear Selva,\n\nThe Associate Editor has completed their review and finalized their recommendation for the paper titled \"Developing a Secure Online Platform for Research Paper Submissions\".\n\n You can now access their feedback and proceed with the final decision on this submission.\n\nPlease review the recommendation at your earliest convenience and let us know if any additional information or actions are required.\n\nThank you.','2025-03-11 13:05:42.616949','mitung62@gmail.com',21),(231,'Manuscript Decision','Dear Eshwar S,\n\nCongratulations! Your paper titled \"Developing a Secure Online Platform for Research Paper Submissions\" has been accepted for publication.\n\nPlease proceed with the payment process to finalize your submission.\n\nYou need to done your payment before March 18, 2025. Let us know if you have any questions. \n\nThank you.\n','2025-03-11 13:14:25.271773','mitung62@gmail.com',18),(232,'Roles assigned to you','Dear myname@gmail.com,\n\n    \n        You have been assigned as the Reviewer.\n    \n\n    Please click Login to your account to view and manage your assigned journal.\n\n    Thank you,\n\n   ','2025-03-13 09:51:23.376543','mitung62@gmail.com',40),(233,'Roles assigned to you','Dear mitung62@gmail.com,\n\n    \n        You have been assigned as the Reviewer.\n    \n\n    Please click Login to your account to view and manage your assigned journal.\n\n    Thank you,\n\n   ','2025-03-13 09:54:47.888911','mitung62@gmail.com',43),(234,'Your account has been created','Dear ctgk hjl,\n\nGreetings from Karpagam Publications.\n\nWe are happy to have you join our team.\n\nKindly wait for your Role and password.\n\nThank you  ','2025-05-05 10:30:46.712130','mitung62@gmail.com',45),(235,'Roles assigned to you','Dear vhjkv@gmail.com,\n\n    \n        You have been assigned as the Reviewer.\n    \n\n    Please click Login to your account to view and manage your assigned journal.\n\n    Thank you,\n\n   ','2025-05-05 10:35:19.940963','mitung62@gmail.com',45),(236,'aergaer','rgaergaerg','2025-05-29 12:02:47.095820','mitung62@gmail.com',23),(237,'hdghdh','ghfghfgh','2025-05-29 12:31:38.089342','mitung62@gmail.com',23),(238,'rga','erfgaer','2025-05-29 12:33:17.179866','mitung62@gmail.com',23),(239,'hygftghjfxtg','xfyjrgxhj','2025-05-29 12:34:05.565296','mitung62@gmail.com',23),(243,'Your account has been created','Dear hrwth 4gerg,\n\nGreetings from Karpagam Publications.\n\nWe are happy to have you join our team.\n\nKindly wait for your Role and password.\n\nThank you  ','2025-06-02 12:02:19.892493','mitung62@gmail.com',49),(244,'Your account has been created','Dear dch iytufuky,\n\nGreetings from Karpagam Publications.\n\nWe are happy to have you join our team.\n\nKindly wait for your Role and password.\n\nThank you  ','2025-06-02 12:19:48.877983','mitung62@gmail.com',50),(245,'Your account has been created','Dear ujygvujyhv nj,\n\nGreetings from Karpagam Publications.\n\nWe are happy to have you join our team.\n\nKindly wait for your Role and password.\n\nThank you  ','2025-06-02 12:21:41.152746','mitung62@gmail.com',52),(250,'Your account has been created','Dear Mitun G,\n\nGreetings from Karpagam Publications.\n\nWe are happy to have you join our team.\n\nKindly wait for your Role and password.\n\nThank you  ','2025-06-02 12:49:26.870868','mitung62@gmail.com',57),(251,'Requested feedback from publication','\n\n\n    \n        body {\n            font-family: Arial, sans-serif;\n            color: #333333;\n            line-height: 1.6;\n        }\n        .container {\n            max-width: 600px;\n            margin: auto;\n            padding: 20px;\n            border: 1px solid #eaeaea;\n            background-color: #fafafa;\n        }\n        .header {\n            font-size: 20px;\n            font-weight: bold;\n            color: #004080;\n            margin-bottom: 15px;\n        }\n        .button {\n            display: inline-block;\n            padding: 12px 25px;\n            background-color: #004080;\n            color: #ffffff;\n            text-decoration: none;\n            border-radius: 4px;\n            font-weight: bold;\n            margin-top: 20px;\n        }\n        .footer {\n            font-size: 12px;\n            color: #999999;\n            margin-top: 30px;\n            border-top: 1px solid #eaeaea;\n            padding-top: 10px;\n        }\n    \n\n\n    \n        Feedback Request for Your Recent Paper Publication\n        Dear Dhamudaran H,\n        We hope this message finds you well.\n        As part of our continuous effort to improve the quality of publications, we kindly request your valuable feedback on your recent paper submission.\n        Please click the button below to access the feedback form and share your insights:\n        Provide Feedback\n        If you have any questions or require assistance, feel free to contact our support team.\n        Thank you for your contribution to advancing research.\n        Best regards,The Publication Team\n\n        \n            &copy;  Paper Publication. All rights reserved.\n            This is an automated message. Please do not reply directly to this email.\n        \n    \n\n\n','2025-06-10 06:18:54.360986','mitung62@gmail.com',17),(252,'Requested feedback from publication','\n\n\n    \n        body {\n            font-family: Arial, sans-serif;\n            color: #333333;\n            line-height: 1.6;\n        }\n        .container {\n            max-width: 600px;\n            margin: auto;\n            padding: 20px;\n            border: 1px solid #eaeaea;\n            background-color: #fafafa;\n        }\n        .header {\n            font-size: 20px;\n            font-weight: bold;\n            color: #004080;\n            margin-bottom: 15px;\n        }\n        .button {\n            display: inline-block;\n            padding: 12px 25px;\n            background-color: #004080;\n            color: #ffffff;\n            text-decoration: none;\n            border-radius: 4px;\n            font-weight: bold;\n            margin-top: 20px;\n        }\n        .footer {\n            font-size: 12px;\n            color: #999999;\n            margin-top: 30px;\n            border-top: 1px solid #eaeaea;\n            padding-top: 10px;\n        }\n    \n\n\n    \n        Feedback Request for Your Recent Paper Publication\n        Dear Ajmal R,\n        We hope this message finds you well.\n        As part of our continuous effort to improve the quality of publications, we kindly request your valuable feedback on your recent paper submission.\n        Please click the button below to access the feedback form and share your insights:\n        Provide Feedback\n        If you have any questions or require assistance, feel free to contact our support team.\n        Thank you for your contribution to advancing research.\n        Best regards,The Publication Team\n\n        \n            &copy;  Paper Publication. All rights reserved.\n            This is an automated message. Please do not reply directly to this email.\n        \n    \n\n\n','2025-06-10 07:09:07.592662','mitung62@gmail.com',41),(253,'Requested feedback from publication','\n\n\n    \n        body {\n            font-family: Arial, sans-serif;\n            color: #333333;\n            line-height: 1.6;\n        }\n        .container {\n            max-width: 600px;\n            margin: auto;\n            padding: 20px;\n            border: 1px solid #eaeaea;\n            background-color: #fafafa;\n        }\n        .header {\n            font-size: 20px;\n            font-weight: bold;\n            color: #004080;\n            margin-bottom: 15px;\n        }\n        .button {\n            display: inline-block;\n            padding: 12px 25px;\n            background-color: #004080;\n            color: #ffffff;\n            text-decoration: none;\n            border-radius: 4px;\n            font-weight: bold;\n            margin-top: 20px;\n        }\n        .footer {\n            font-size: 12px;\n            color: #999999;\n            margin-top: 30px;\n            border-top: 1px solid #eaeaea;\n            padding-top: 10px;\n        }\n    \n\n\n    \n        Feedback Request for Your Recent Paper Publication\n        Dear Arun K,\n        We hope this message finds you well.\n        As part of our continuous effort to improve the quality of publications, we kindly request your valuable feedback on your recent paper submission.\n        Please click the button below to access the feedback form and share your insights:\n        Provide Feedback\n        If you have any questions or require assistance, feel free to contact our support team.\n        Thank you for your contribution to advancing research.\n        Best regards,The Publication Team\n\n        \n            &copy;  Paper Publication. All rights reserved.\n            This is an automated message. Please do not reply directly to this email.\n        \n    \n\n\n','2025-06-10 07:24:12.062736','mitung62@gmail.com',14),(254,'Requested feedback from publication','\n\n\n    \n        body {\n            font-family: Arial, sans-serif;\n            color: #333333;\n            line-height: 1.6;\n        }\n        .container {\n            max-width: 600px;\n            margin: auto;\n            padding: 20px;\n            border: 1px solid #eaeaea;\n            background-color: #fafafa;\n        }\n        .header {\n            font-size: 20px;\n            font-weight: bold;\n            color: #004080;\n            margin-bottom: 15px;\n        }\n        .button {\n            display: inline-block;\n            padding: 12px 25px;\n            background-color: #004080;\n            color: #ffffff;\n            text-decoration: none;\n            border-radius: 4px;\n            font-weight: bold;\n            margin-top: 20px;\n        }\n        .footer {\n            font-size: 12px;\n            color: #999999;\n            margin-top: 30px;\n            border-top: 1px solid #eaeaea;\n            padding-top: 10px;\n        }\n    \n\n\n    \n        Feedback Request for Your Recent Paper Publication\n        Dear Keerthi Shatti,\n        We hope this message finds you well.\n        As part of our continuous effort to improve the quality of publications, we kindly request your valuable feedback on your recent paper submission.\n        Please click the button below to access the feedback form and share your insights:\n        \n            Provide Feedback\n        \n        If you have any questions or require assistance, feel free to contact our support team.\n        Thank you for your contribution to advancing research.\n        Best regards,The Publication Team\n\n        \n            &copy;  Paper Publication. All rights reserved.\n            This is an automated message. Please do not reply directly to this email.\n        \n    \n\n\n','2025-06-10 08:47:16.433019','mitung62@gmail.com',12),(255,'Invitation to Review Manuscript','Dear Vikash R,,\n\nWe would like to invite you to review a paper titled \"Blockchain Technology: Enhancing Security and Transparency in Digital Transactions\" for [Conference/JCS].\n\nYou need to Accept before July 1, 2025, 5:12 a.m. \n\nPlease log in to your account to review the submission.\n\nThank you.\n','2025-06-17 05:12:54.722510','mitung62@gmail.com',20),(256,'Invitation to Review Manuscript','Dear Vikash R,,\n\nWe would like to invite you to review a paper titled \"Blockchain Technology: Enhancing Security and Transparency in Digital Transactions\" for [Conference/JCS].\n\nYou need to Accept before July 1, 2025, 5:43 a.m. \n\nPlease log in to your account to review the submission.\n\nThank you.\n','2025-06-17 05:43:22.983062','mitung62@gmail.com',20),(257,'Invitation to Review Manuscript','Dear Vikash R,,\n\nWe would like to invite you to review a paper titled \"Blockchain Technology: Enhancing Security and Transparency in Digital Transactions\" for [Conference/JCS].\n\nYou need to Accept before July 1, 2025, 5:50 a.m. \n\nPlease log in to your account to review the submission.\n\nThank you.\n','2025-06-17 05:50:10.478675','mitung62@gmail.com',20),(258,'Invitation to Review Manuscript','Dear Mukesh A,,\n\nWe would like to invite you to review a paper titled \"Blockchain Technology: Enhancing Security and Transparency in Digital Transactions\" for [Conference/JCS].\n\nYou need to Accept before July 1, 2025, 5:54 a.m. \n\nPlease log in to your account to review the submission.\n\nThank you.\n','2025-06-17 05:54:24.841561','mitung62@gmail.com',10),(259,'Invitation to Review Manuscript','Dear Mukesh A,,\n\nWe would like to invite you to review a paper titled \"Blockchain Technology: Enhancing Security and Transparency in Digital Transactions\" for [Conference/JCS].\n\nYou need to Accept before July 1, 2025, 6:05 a.m. \n\nPlease log in to your account to review the submission.\n\nThank you.\n','2025-06-17 06:05:12.283619','mitung62@gmail.com',10),(260,'Invitation to Review Manuscript','Dear Mitun G,,\n\nWe would like to invite you to review a paper titled \"Blockchain Technology: Enhancing Security and Transparency in Digital Transactions\" for [Conference/JCS].\n\nYou need to Accept before July 1, 2025, 6:32 a.m. \n\nPlease log in to your account to review the submission.\n\nThank you.\n','2025-06-17 06:32:58.316566','mitung62@gmail.com',43),(261,'Invitation Accepted','Dear Mohamad A,\n\nWe are pleased to inform you that \"MukeshA\" has accepted the invitation to review the paper titled \"Blockchain Technology: Enhancing Security and Transparency in Digital Transactions\"\n\n Please proceed with the necessary arrangements for the review process.\n\nThank you for coordinating this.\n','2025-06-17 06:35:50.635057','mitung62@gmail.com',8),(262,'Paper Status Update - ICERCS 2024','Dear  ,\n\nI hope this message finds you well. We are currently in the process of reviewing your paper\n    \"ID: KJCS-2025-06-2\" & \"Title: A Comparative Study of Machine Learning Algorithms\", which is undergoing revision with our editorial and review team.\n\nWe look forward to the final steps of the review process and will keep you informed of any updates.\n\nWarm regards,\n\nICERCS 2024 Organizing Committee','2025-06-18 10:38:39.956613','mitung62@gmail.com',14),(263,'Manuscript Submitted','Dear Surya Prakesh,\n\nA new paper titled \"A Comparative Study of Machine Learning Algorithms\" has been successfully submitted by \"\" for your review.\n\n\nPlease log in to the admin portal to review the submission and proceed with the next steps.\n\nThank you.\n\n\n','2025-06-18 10:38:45.677068','mitung62@gmail.com',7),(264,'Manuscript Assigned','Dear Mohamad,\n\nWe are pleased to inform you that you have been assigned as the Associate Editor for  \"JCS\"  titled \"The Gig Economy: Benefits, Risks, and the Future of Work\" .\n\n Please involve overseeing the review process and making editorial decisions for submitted papers.\n\nPlease log in to your account to review the submission.\n\nThank you.\n\n\n\n','2025-06-18 12:19:39.000854','mitung62@gmail.com',8),(265,'Invitation to Review Manuscript','Dear Mukesh A,,\n\nWe would like to invite you to review a paper titled \"The Gig Economy: Benefits, Risks, and the Future of Work\" for [Conference/JCS].\n\nYou need to Accept before July 2, 2025, 12:41 p.m. \n\nPlease log in to your account to review the submission.\n\nThank you.\n','2025-06-18 12:42:00.453782','mitung62@gmail.com',10),(266,'Invitation Accepted','Dear Mohamad A,\n\nWe are pleased to inform you that \"MukeshA\" has accepted the invitation to review the paper titled \"The Gig Economy: Benefits, Risks, and the Future of Work\"\n\n Please proceed with the necessary arrangements for the review process.\n\nThank you for coordinating this.\n','2025-06-18 12:42:32.600684','mitung62@gmail.com',8),(267,'Paper Status Update - ICERCS 2024','Dear  ,\n\nI hope this message finds you well. We are currently in the process of reviewing your paper\n    \"ID: IJAM-2025-06-1\" & \"Title: The Impact of Artificial Intelligence on Employment Trends: Challenges and Opportunities\", which is undergoing revision with our editorial and review team.\n\nWe look forward to the final steps of the review process and will keep you informed of any updates.\n\nWarm regards,\n\nICERCS 2024 Organizing Committee','2025-06-18 12:49:48.683964','mitung62@gmail.com',14),(268,'Manuscript Submitted','Dear Surya Prakesh,\n\nA new paper titled \"The Impact of Artificial Intelligence on Employment Trends: Challenges and Opportunities\" has been successfully submitted by \"\" for your review.\n\n\nPlease log in to the admin portal to review the submission and proceed with the next steps.\n\nThank you.\n\n\n','2025-06-18 12:49:52.307546','mitung62@gmail.com',7),(269,'Manuscript Assigned','Dear Mohamad,\n\nWe are pleased to inform you that you have been assigned as the Associate Editor for  \"JCS\"  titled \"A Comparative Study of Machine Learning Algorithms\" .\n\n Please involve overseeing the review process and making editorial decisions for submitted papers.\n\nPlease log in to your account to review the submission.\n\nThank you.\n\n\n\n','2025-06-18 12:50:30.504234','mitung62@gmail.com',8),(270,'Invitation to Review Manuscript','Dear Mukesh A,,\n\nWe would like to invite you to review a paper titled \"A Comparative Study of Machine Learning Algorithms\" for [Conference/JCS].\n\nYou need to Accept before July 2, 2025, 12:50 p.m. \n\nPlease log in to your account to review the submission.\n\nThank you.\n','2025-06-18 12:50:47.822997','mitung62@gmail.com',10),(271,'Invitation Accepted','Dear Mohamad A,\n\nWe are pleased to inform you that \"MukeshA\" has accepted the invitation to review the paper titled \"A Comparative Study of Machine Learning Algorithms\"\n\n Please proceed with the necessary arrangements for the review process.\n\nThank you for coordinating this.\n','2025-06-18 12:50:57.203562','mitung62@gmail.com',8),(272,'Invitation Completed','Dear Mohamad A,\n\nWe are pleased to inform you that the \"MukeshMukesh\" has completed the corrections for the paper titled \"A Comparative Study of Machine Learning Algorithms\".\n\n Please review the updated submission and proceed with the next steps.\n\n\nThank you for your attention.\n\n\n','2025-06-18 12:52:18.825384','mitung62@gmail.com',8),(273,'AE Recommendations','Dear Selva,\n\nThe Associate Editor has completed their review and finalized their recommendation for the paper titled \"A Comparative Study of Machine Learning Algorithms\".\n\n You can now access their feedback and proceed with the final decision on this submission.\n\nPlease review the recommendation at your earliest convenience and let us know if any additional information or actions are required.\n\nThank you.','2025-06-18 13:13:09.652130','mitung62@gmail.com',21),(274,'Manuscript Decision','Dear  ,\n\nCongratulations! Your paper titled \"A Comparative Study of Machine Learning Algorithms\" has been accepted for publication.\n\nPlease proceed with the payment process to finalize your submission.\n\nYou need to done your payment before June 26, 2025. Let us know if you have any questions. \n\nThank you.\n','2025-06-19 05:00:04.304097','mitung62@gmail.com',14),(275,'Requested feedback from publication','\n\n\n    \n        body {\n            font-family: Arial, sans-serif;\n            color: #333333;\n            line-height: 1.6;\n        }\n        .container {\n            max-width: 600px;\n            margin: auto;\n            padding: 20px;\n            border: 1px solid #eaeaea;\n            background-color: #fafafa;\n        }\n        .header {\n            font-size: 20px;\n            font-weight: bold;\n            color: #004080;\n            margin-bottom: 15px;\n        }\n        .button {\n            display: inline-block;\n            padding: 12px 25px;\n            background-color: #004080;\n            color: #ffffff;\n            text-decoration: none;\n            border-radius: 4px;\n            font-weight: bold;\n            margin-top: 20px;\n        }\n        .footer {\n            font-size: 12px;\n            color: #999999;\n            margin-top: 30px;\n            border-top: 1px solid #eaeaea;\n            padding-top: 10px;\n        }\n    \n\n\n    \n        Feedback Request for Your Recent Paper Publication\n        Dear Arun K,\n        We hope this message finds you well.\n        As part of our continuous effort to improve the quality of publications, we kindly request your valuable feedback on your recent paper submission.\n        Please click the button below to access the feedback form and share your insights:\n        \n            Provide Feedback\n        \n        If you have any questions or require assistance, feel free to contact our support team.\n        Thank you for your contribution to advancing research.\n        Best regards,The Publication Team\n\n        \n            &copy;  Paper Publication. All rights reserved.\n            This is an automated message. Please do not reply directly to this email.\n        \n    \n\n\n','2025-06-19 05:48:19.042471','mitung62@gmail.com',14),(276,'Requested feedback from publication','\n\n\n    \n        body {\n            font-family: Arial, sans-serif;\n            color: #333333;\n            line-height: 1.6;\n        }\n        .container {\n            max-width: 600px;\n            margin: auto;\n            padding: 20px;\n            border: 1px solid #eaeaea;\n            background-color: #fafafa;\n        }\n        .header {\n            font-size: 20px;\n            font-weight: bold;\n            color: #004080;\n            margin-bottom: 15px;\n        }\n        .button {\n            display: inline-block;\n            padding: 12px 25px;\n            background-color: #004080;\n            color: #ffffff;\n            text-decoration: none;\n            border-radius: 4px;\n            font-weight: bold;\n            margin-top: 20px;\n        }\n        .footer {\n            font-size: 12px;\n            color: #999999;\n            margin-top: 30px;\n            border-top: 1px solid #eaeaea;\n            padding-top: 10px;\n        }\n    \n\n\n    \n        Feedback Request for Your Recent Paper Publication\n        Dear Kumar C,\n        We hope this message finds you well.\n        As part of our continuous effort to improve the quality of publications, we kindly request your valuable feedback on your recent paper submission.\n        Please click the button below to access the feedback form and share your insights:\n        \n            Provide Feedback\n        \n        If you have any questions or require assistance, feel free to contact our support team.\n        Thank you for your contribution to advancing research.\n        Best regards,The Publication Team\n\n        \n            &copy;  Paper Publication. All rights reserved.\n            This is an automated message. Please do not reply directly to this email.\n        \n    \n\n\n','2025-06-19 05:49:30.582100','mitung62@gmail.com',15),(277,'Requested feedback from publication','\n\n\n    \n        body {\n            font-family: Arial, sans-serif;\n            color: #333333;\n            line-height: 1.6;\n        }\n        .container {\n            max-width: 600px;\n            margin: auto;\n            padding: 20px;\n            border: 1px solid #eaeaea;\n            background-color: #fafafa;\n        }\n        .header {\n            font-size: 20px;\n            font-weight: bold;\n            color: #004080;\n            margin-bottom: 15px;\n        }\n        .button {\n            display: inline-block;\n            padding: 12px 25px;\n            background-color: #004080;\n            color: #ffffff;\n            text-decoration: none;\n            border-radius: 4px;\n            font-weight: bold;\n            margin-top: 20px;\n        }\n        .footer {\n            font-size: 12px;\n            color: #999999;\n            margin-top: 30px;\n            border-top: 1px solid #eaeaea;\n            padding-top: 10px;\n        }\n    \n\n\n    \n        Feedback Request for Your Recent Paper Publication\n        Dear Charlas S,\n        We hope this message finds you well.\n        As part of our continuous effort to improve the quality of publications, we kindly request your valuable feedback on your recent paper submission.\n        Please click the button below to access the feedback form and share your insights:\n        \n            Provide Feedback\n        \n        If you have any questions or require assistance, feel free to contact our support team.\n        Thank you for your contribution to advancing research.\n        Best regards,The Publication Team\n\n        \n            &copy;  Paper Publication. All rights reserved.\n            This is an automated message. Please do not reply directly to this email.\n        \n    \n\n\n','2025-06-19 06:00:21.522532','mitung62@gmail.com',16),(278,'Corrections in Manuscript ','Dear Salem K,\n\nThank you for your submission titled \"The Future of Human-Computer Interaction: From Touchscreens to Neural Interfaces\". The review process has identified some areas requiring corrections.\n\nPlease review the feedback and make the necessary revisio\n\nThank you for your cooperation.\n','2025-06-19 11:10:21.885438','mitung62@gmail.com',29),(279,'Corrections in Manuscript ','Dear Salem K,\n\nThank you for your submission titled \"The Future of Human-Computer Interaction: From Touchscreens to Neural Interfaces\". The review process has identified some areas requiring corrections.\n\nPlease review the feedback and make the necessary revisio\n\nThank you for your cooperation.\n','2025-06-19 13:19:42.507590','mitung62@gmail.com',29),(280,'Corrections in Manuscript ','Dear Salem K,\n\nThank you for your submission titled \"The Future of Human-Computer Interaction: From Touchscreens to Neural Interfaces\". The review process has identified some areas requiring corrections.\n\nPlease review the feedback and make the necessary revisio\n\nThank you for your cooperation.\n','2025-06-19 13:30:07.639399','mitung62@gmail.com',29),(281,'Admin Office Role Removed','Dear Surya Prakesh,\n\nThis is to inform you that your Admin Office role has been removed.\n\nIf you have any questions, please contact the administrator.\n\nadmin@gmail.com\n\nThank you.\n\nRegards,\nAdmin Team','2025-06-24 04:58:46.347043','mitung62@gmail.com',7),(282,'Roles assigned to you','Dear 22ita16@karpagamtech.ac.in,\n\n    \n        You have been assigned as the Admin Office.\n    \n\n    Please click Login to your account to view and manage your assigned journal.\n\n    Thank you,\n\n   ','2025-06-24 04:58:50.313519','mitung62@gmail.com',58),(283,'Roles assigned to you','Dear midung2015@gmail.com,\n\n    \n        You have been assigned the following roles:\n        \n            \n                EIC\n            \n                Reviewer\n            \n        \n    \n\n    Please click Login to your account to view and manage your assigned journal.\n\n    Thank you,\n\n   ','2025-06-24 05:43:27.533113','mitung62@gmail.com',38),(284,'Your password has been reset','Dear midung2015@gmail.com,\n\n    Your new password has been successfully reset. Your new password is: asWy&lt;ye|fRy6\n\n    Please log in using the following link and change your password to something more secure:\n\n    Reset Your Password\n\n    Thank you,','2025-06-24 05:51:25.355960','mitung62@gmail.com',38),(285,'Your password has been reset','Dear midung2015@gmail.com,\n\n    Your new password has been successfully reset. Your new password is: OcK[whfSpI9O\n\n    Please log in using the following link and change your password to something more secure:\n\n    Reset Your Password\n\n    Thank you,','2025-06-24 05:54:38.678635','mitung62@gmail.com',38),(286,'Roles assigned to you','Dear eshwar@gmail.com,\n\n    \n        You have been assigned as the Reviewer.\n    \n\n    Please wait to receive your password.\n\n    Thank you,\n\n   ','2025-06-25 05:17:33.839640','mitung62@gmail.com',18),(287,'Article Published','Dear Charlas S\nWe are excited to inform you that your article titled Automated Submission and Review System for Research Papers has been successfully published on our platform.\nThank you for your contribution and for sharing your insights with our community. We appreciate your effort in creating valuable content.\nBest regards,\nPublication Management','2025-06-25 07:24:47.942272','mitung62@gmail.com',16),(288,'Requested feedback from publication','\n\n\n    \n        body {\n            font-family: Arial, sans-serif;\n            color: #333333;\n            line-height: 1.6;\n        }\n        .container {\n            max-width: 600px;\n            margin: auto;\n            padding: 20px;\n            border: 1px solid #eaeaea;\n            background-color: #fafafa;\n        }\n        .header {\n            font-size: 20px;\n            font-weight: bold;\n            color: #004080;\n            margin-bottom: 15px;\n        }\n        .button {\n            display: inline-block;\n            padding: 12px 25px;\n            background-color: #004080;\n            color: #ffffff;\n            text-decoration: none;\n            border-radius: 4px;\n            font-weight: bold;\n            margin-top: 20px;\n        }\n        .footer {\n            font-size: 12px;\n            color: #999999;\n            margin-top: 30px;\n            border-top: 1px solid #eaeaea;\n            padding-top: 10px;\n        }\n    \n\n\n    \n        Feedback Request for Your Recent Paper Publication\n        Dear Eshwar S,\n        We hope this message finds you well.\n        As part of our continuous effort to improve the quality of publications, we kindly request your valuable feedback on your recent paper submission.\n        Please click the button below to access the feedback form and share your insights:\n        \n            Provide Feedback\n        \n        If you have any questions or require assistance, feel free to contact our support team.\n        Thank you for your contribution to advancing research.\n        Best regards,The Publication Team\n\n        \n            &copy;  Paper Publication. All rights reserved.\n            This is an automated message. Please do not reply directly to this email.\n        \n    \n\n\n','2025-06-25 12:53:47.221073','mitung62@gmail.com',18),(289,'Requested feedback from publication','\n\n\n    \n        body {\n            font-family: Arial, sans-serif;\n            color: #333333;\n            line-height: 1.6;\n        }\n        .container {\n            max-width: 600px;\n            margin: auto;\n            padding: 20px;\n            border: 1px solid #eaeaea;\n            background-color: #fafafa;\n        }\n        .header {\n            font-size: 20px;\n            font-weight: bold;\n            color: #004080;\n            margin-bottom: 15px;\n        }\n        .button {\n            display: inline-block;\n            padding: 12px 25px;\n            background-color: #004080;\n            color: #ffffff;\n            text-decoration: none;\n            border-radius: 4px;\n            font-weight: bold;\n            margin-top: 20px;\n        }\n        .footer {\n            font-size: 12px;\n            color: #999999;\n            margin-top: 30px;\n            border-top: 1px solid #eaeaea;\n            padding-top: 10px;\n        }\n    \n\n\n    \n        Feedback Request for Your Recent Paper Publication\n        Dear Ramesh P.N,\n        We hope this message finds you well.\n        As part of our continuous effort to improve the quality of publications, we kindly request your valuable feedback on your recent paper submission.\n        Please click the button below to access the feedback form and share your insights:\n        \n            Provide Feedback\n        \n        If you have any questions or require assistance, feel free to contact our support team.\n        Thank you for your contribution to advancing research.\n        Best regards,The Publication Team\n\n        \n            &copy;  Paper Publication. All rights reserved.\n            This is an automated message. Please do not reply directly to this email.\n        \n    \n\n\n','2025-06-27 04:36:29.545737','mitung62@gmail.com',41),(290,'Requested feedback from publication','\n\n\n    \n        body {\n            font-family: Arial, sans-serif;\n            color: #333333;\n            line-height: 1.6;\n        }\n        .container {\n            max-width: 600px;\n            margin: auto;\n            padding: 20px;\n            border: 1px solid #eaeaea;\n            background-color: #fafafa;\n        }\n        .header {\n            font-size: 20px;\n            font-weight: bold;\n            color: #004080;\n            margin-bottom: 15px;\n        }\n        .button {\n            display: inline-block;\n            padding: 12px 25px;\n            background-color: #004080;\n            color: #ffffff;\n            text-decoration: none;\n            border-radius: 4px;\n            font-weight: bold;\n            margin-top: 20px;\n        }\n        .footer {\n            font-size: 12px;\n            color: #999999;\n            margin-top: 30px;\n            border-top: 1px solid #eaeaea;\n            padding-top: 10px;\n        }\n    \n\n\n    \n        Feedback Request for Your Recent Paper Publication\n        Dear Arun K,\n        We hope this message finds you well.\n        As part of our continuous effort to improve the quality of publications, we kindly request your valuable feedback on your recent paper submission.\n        Please click the button below to access the feedback form and share your insights:\n        \n            Provide Feedback\n        \n        If you have any questions or require assistance, feel free to contact our support team.\n        Thank you for your contribution to advancing research.\n        Best regards,The Publication Team\n\n        \n            &copy;  Paper Publication. All rights reserved.\n            This is an automated message. Please do not reply directly to this email.\n        \n    \n\n\n','2025-06-27 05:12:57.606666','mitung62@gmail.com',14),(291,'Requested feedback from publication','\n\n\n    \n        body {\n            font-family: Arial, sans-serif;\n            color: #333333;\n            line-height: 1.6;\n        }\n        .container {\n            max-width: 600px;\n            margin: auto;\n            padding: 20px;\n            border: 1px solid #eaeaea;\n            background-color: #fafafa;\n        }\n        .header {\n            font-size: 20px;\n            font-weight: bold;\n            color: #004080;\n            margin-bottom: 15px;\n        }\n        .button {\n            display: inline-block;\n            padding: 12px 25px;\n            background-color: #004080;\n            color: #ffffff;\n            text-decoration: none;\n            border-radius: 4px;\n            font-weight: bold;\n            margin-top: 20px;\n        }\n        .footer {\n            font-size: 12px;\n            color: #999999;\n            margin-top: 30px;\n            border-top: 1px solid #eaeaea;\n            padding-top: 10px;\n        }\n    \n\n\n    \n        Feedback Request for Your Recent Paper Publication\n        Dear Arun K,\n        We hope this message finds you well.\n        As part of our continuous effort to improve the quality of publications, we kindly request your valuable feedback on your recent paper submission.\n        Please click the button below to access the feedback form and share your insights:\n        \n            Provide Feedback\n        \n        If you have any questions or require assistance, feel free to contact our support team.\n        Thank you for your contribution to advancing research.\n        Best regards,The Publication Team\n\n        \n            &copy;  Paper Publication. All rights reserved.\n            This is an automated message. Please do not reply directly to this email.\n        \n    \n\n\n','2025-06-27 08:54:54.304604','mitung62@gmail.com',14),(292,'Requested feedback from publication','\n\n\n    \n        body {\n            font-family: Arial, sans-serif;\n            color: #333333;\n            line-height: 1.6;\n        }\n        .container {\n            max-width: 600px;\n            margin: auto;\n            padding: 20px;\n            border: 1px solid #eaeaea;\n            background-color: #fafafa;\n        }\n        .header {\n            font-size: 20px;\n            font-weight: bold;\n            color: #004080;\n            margin-bottom: 15px;\n        }\n        .button {\n            display: inline-block;\n            padding: 12px 25px;\n            background-color: #004080;\n            color: #ffffff;\n            text-decoration: none;\n            border-radius: 4px;\n            font-weight: bold;\n            margin-top: 20px;\n        }\n        .footer {\n            font-size: 12px;\n            color: #999999;\n            margin-top: 30px;\n            border-top: 1px solid #eaeaea;\n            padding-top: 10px;\n        }\n    \n\n\n    \n        Feedback Request for Your Recent Paper Publication\n        Dear Arun K,\n        We hope this message finds you well.\n        As part of our continuous effort to improve the quality of publications, we kindly request your valuable feedback on your recent paper submission.\n        Please click the button below to access the feedback form and share your insights:\n        \n            Provide Feedback\n        \n        If you have any questions or require assistance, feel free to contact our support team.\n        Thank you for your contribution to advancing research.\n        Best regards,The Publication Team\n\n        \n            &copy;  Paper Publication. All rights reserved.\n            This is an automated message. Please do not reply directly to this email.\n        \n    \n\n\n','2025-06-27 09:09:26.620261','mitung62@gmail.com',14),(293,'Requested feedback from publication','\n\n\n    \n        body {\n            font-family: Arial, sans-serif;\n            color: #333333;\n            line-height: 1.6;\n        }\n        .container {\n            max-width: 600px;\n            margin: auto;\n            padding: 20px;\n            border: 1px solid #eaeaea;\n            background-color: #fafafa;\n        }\n        .header {\n            font-size: 20px;\n            font-weight: bold;\n            color: #004080;\n            margin-bottom: 15px;\n        }\n        .button {\n            display: inline-block;\n            padding: 12px 25px;\n            background-color: #004080;\n            color: #ffffff;\n            text-decoration: none;\n            border-radius: 4px;\n            font-weight: bold;\n            margin-top: 20px;\n        }\n        .footer {\n            font-size: 12px;\n            color: #999999;\n            margin-top: 30px;\n            border-top: 1px solid #eaeaea;\n            padding-top: 10px;\n        }\n    \n\n\n    \n        Feedback Request for Your Recent Paper Publication\n        Dear Eshwar S,\n        We hope this message finds you well.\n        As part of our continuous effort to improve the quality of publications, we kindly request your valuable feedback on your recent paper submission.\n        Please click the button below to access the feedback form and share your insights:\n        \n            Provide Feedback\n        \n        If you have any questions or require assistance, feel free to contact our support team.\n        Thank you for your contribution to advancing research.\n        Best regards,The Publication Team\n\n        \n            &copy;  Paper Publication. All rights reserved.\n            This is an automated message. Please do not reply directly to this email.\n        \n    \n\n\n','2025-06-27 10:16:11.365220','mitung62@gmail.com',18),(294,'Requested feedback from publication','\n\n\n    \n        body {\n            font-family: Arial, sans-serif;\n            color: #333333;\n            line-height: 1.6;\n        }\n        .container {\n            max-width: 600px;\n            margin: auto;\n            padding: 20px;\n            border: 1px solid #eaeaea;\n            background-color: #fafafa;\n        }\n        .header {\n            font-size: 20px;\n            font-weight: bold;\n            color: #004080;\n            margin-bottom: 15px;\n        }\n        .button {\n            display: inline-block;\n            padding: 12px 25px;\n            background-color: #004080;\n            color: #ffffff;\n            text-decoration: none;\n            border-radius: 4px;\n            font-weight: bold;\n            margin-top: 20px;\n        }\n        .footer {\n            font-size: 12px;\n            color: #999999;\n            margin-top: 30px;\n            border-top: 1px solid #eaeaea;\n            padding-top: 10px;\n        }\n    \n\n\n    \n        Feedback Request for Your Recent Paper Publication\n        Dear Dhamudaran H,\n        We hope this message finds you well.\n        As part of our continuous effort to improve the quality of publications, we kindly request your valuable feedback on your recent paper submission.\n        Please click the button below to access the feedback form and share your insights:\n        \n            Provide Feedback\n        \n        If you have any questions or require assistance, feel free to contact our support team.\n        Thank you for your contribution to advancing research.\n        Best regards,The Publication Team\n\n        \n            &copy;  Paper Publication. All rights reserved.\n            This is an automated message. Please do not reply directly to this email.\n        \n    \n\n\n','2025-06-27 10:16:36.106735','mitung62@gmail.com',17),(295,'Requested feedback from publication','\n\n\n    \n        body {\n            font-family: Arial, sans-serif;\n            color: #333333;\n            line-height: 1.6;\n        }\n        .container {\n            max-width: 600px;\n            margin: auto;\n            padding: 20px;\n            border: 1px solid #eaeaea;\n            background-color: #fafafa;\n        }\n        .header {\n            font-size: 20px;\n            font-weight: bold;\n            color: #004080;\n            margin-bottom: 15px;\n        }\n        .button {\n            display: inline-block;\n            padding: 12px 25px;\n            background-color: #004080;\n            color: #ffffff;\n            text-decoration: none;\n            border-radius: 4px;\n            font-weight: bold;\n            margin-top: 20px;\n        }\n        .footer {\n            font-size: 12px;\n            color: #999999;\n            margin-top: 30px;\n            border-top: 1px solid #eaeaea;\n            padding-top: 10px;\n        }\n    \n\n\n    \n        Feedback Request for Your Recent Paper Publication\n        Dear Dhamudaran H,\n        We hope this message finds you well.\n        As part of our continuous effort to improve the quality of publications, we kindly request your valuable feedback on your recent paper submission.\n        Please click the button below to access the feedback form and share your insights:\n        \n            Provide Feedback\n        \n        If you have any questions or require assistance, feel free to contact our support team.\n        Thank you for your contribution to advancing research.\n        Best regards,The Publication Team\n\n        \n            &copy;  Paper Publication. All rights reserved.\n            This is an automated message. Please do not reply directly to this email.\n        \n    \n\n\n','2025-06-27 10:16:52.064596','mitung62@gmail.com',17),(296,'Requested feedback from publication','\n\n\n    \n        body {\n            font-family: Arial, sans-serif;\n            color: #333333;\n            line-height: 1.6;\n        }\n        .container {\n            max-width: 600px;\n            margin: auto;\n            padding: 20px;\n            border: 1px solid #eaeaea;\n            background-color: #fafafa;\n        }\n        .header {\n            font-size: 20px;\n            font-weight: bold;\n            color: #004080;\n            margin-bottom: 15px;\n        }\n        .button {\n            display: inline-block;\n            padding: 12px 25px;\n            background-color: #004080;\n            color: #ffffff;\n            text-decoration: none;\n            border-radius: 4px;\n            font-weight: bold;\n            margin-top: 20px;\n        }\n        .footer {\n            font-size: 12px;\n            color: #999999;\n            margin-top: 30px;\n            border-top: 1px solid #eaeaea;\n            padding-top: 10px;\n        }\n    \n\n\n    \n        Feedback Request for Your Recent Paper Publication\n        Dear Vikash R,\n        We hope this message finds you well.\n        As part of our continuous effort to improve the quality of publications, we kindly request your valuable feedback on your recent paper submission.\n        Please click the button below to access the feedback form and share your insights:\n        \n            Provide Feedback\n        \n        If you have any questions or require assistance, feel free to contact our support team.\n        Thank you for your contribution to advancing research.\n        Best regards,The Publication Team\n\n        \n            &copy;  Paper Publication. All rights reserved.\n            This is an automated message. Please do not reply directly to this email.\n        \n    \n\n\n','2025-06-27 10:17:03.949644','mitung62@gmail.com',20),(297,'Requested feedback from publication','\n\n\n    \n        body {\n            font-family: Arial, sans-serif;\n            color: #333333;\n            line-height: 1.6;\n        }\n        .container {\n            max-width: 600px;\n            margin: auto;\n            padding: 20px;\n            border: 1px solid #eaeaea;\n            background-color: #fafafa;\n        }\n        .header {\n            font-size: 20px;\n            font-weight: bold;\n            color: #004080;\n            margin-bottom: 15px;\n        }\n        .button {\n            display: inline-block;\n            padding: 12px 25px;\n            background-color: #004080;\n            color: #ffffff;\n            text-decoration: none;\n            border-radius: 4px;\n            font-weight: bold;\n            margin-top: 20px;\n        }\n        .footer {\n            font-size: 12px;\n            color: #999999;\n            margin-top: 30px;\n            border-top: 1px solid #eaeaea;\n            padding-top: 10px;\n        }\n    \n\n\n    \n        Feedback Request for Your Recent Paper Publication\n        Dear Vikash R,\n        We hope this message finds you well.\n        As part of our continuous effort to improve the quality of publications, we kindly request your valuable feedback on your recent paper submission.\n        Please click the button below to access the feedback form and share your insights:\n        \n            Provide Feedback\n        \n        If you have any questions or require assistance, feel free to contact our support team.\n        Thank you for your contribution to advancing research.\n        Best regards,The Publication Team\n\n        \n            &copy;  Paper Publication. All rights reserved.\n            This is an automated message. Please do not reply directly to this email.\n        \n    \n\n\n','2025-06-27 10:17:14.459284','mitung62@gmail.com',20),(298,'Requested feedback from publication','\n\n\n    \n        body {\n            font-family: Arial, sans-serif;\n            color: #333333;\n            line-height: 1.6;\n        }\n        .container {\n            max-width: 600px;\n            margin: auto;\n            padding: 20px;\n            border: 1px solid #eaeaea;\n            background-color: #fafafa;\n        }\n        .header {\n            font-size: 20px;\n            font-weight: bold;\n            color: #004080;\n            margin-bottom: 15px;\n        }\n        .button {\n            display: inline-block;\n            padding: 12px 25px;\n            background-color: #004080;\n            color: #ffffff;\n            text-decoration: none;\n            border-radius: 4px;\n            font-weight: bold;\n            margin-top: 20px;\n        }\n        .footer {\n            font-size: 12px;\n            color: #999999;\n            margin-top: 30px;\n            border-top: 1px solid #eaeaea;\n            padding-top: 10px;\n        }\n    \n\n\n    \n        Feedback Request for Your Recent Paper Publication\n        Dear Lingash H,\n        We hope this message finds you well.\n        As part of our continuous effort to improve the quality of publications, we kindly request your valuable feedback on your recent paper submission.\n        Please click the button below to access the feedback form and share your insights:\n        \n            Provide Feedback\n        \n        If you have any questions or require assistance, feel free to contact our support team.\n        Thank you for your contribution to advancing research.\n        Best regards,The Publication Team\n\n        \n            &copy;  Paper Publication. All rights reserved.\n            This is an automated message. Please do not reply directly to this email.\n        \n    \n\n\n','2025-06-27 10:36:31.148428','mitung62@gmail.com',11),(299,'Requested feedback from publication','\n\n\n    \n        body {\n            font-family: Arial, sans-serif;\n            color: #333333;\n            line-height: 1.6;\n        }\n        .container {\n            max-width: 600px;\n            margin: auto;\n            padding: 20px;\n            border: 1px solid #eaeaea;\n            background-color: #fafafa;\n        }\n        .header {\n            font-size: 20px;\n            font-weight: bold;\n            color: #004080;\n            margin-bottom: 15px;\n        }\n        .button {\n            display: inline-block;\n            padding: 12px 25px;\n            background-color: #004080;\n            color: #ffffff;\n            text-decoration: none;\n            border-radius: 4px;\n            font-weight: bold;\n            margin-top: 20px;\n        }\n        .footer {\n            font-size: 12px;\n            color: #999999;\n            margin-top: 30px;\n            border-top: 1px solid #eaeaea;\n            padding-top: 10px;\n        }\n    \n\n\n    \n        Feedback Request for Your Recent Paper Publication\n        Dear Charlas S,\n        We hope this message finds you well.\n        As part of our continuous effort to improve the quality of publications, we kindly request your valuable feedback on your recent paper submission.\n        Please click the button below to access the feedback form and share your insights:\n        \n            Provide Feedback\n        \n        If you have any questions or require assistance, feel free to contact our support team.\n        Thank you for your contribution to advancing research.\n        Best regards,The Publication Team\n\n        \n            &copy;  Paper Publication. All rights reserved.\n            This is an automated message. Please do not reply directly to this email.\n        \n    \n\n\n','2025-06-27 10:36:59.211691','mitung62@gmail.com',16),(300,'Requested feedback from publication','\n\n\n    \n        body {\n            font-family: Arial, sans-serif;\n            color: #333333;\n            line-height: 1.6;\n        }\n        .container {\n            max-width: 600px;\n            margin: auto;\n            padding: 20px;\n            border: 1px solid #eaeaea;\n            background-color: #fafafa;\n        }\n        .header {\n            font-size: 20px;\n            font-weight: bold;\n            color: #004080;\n            margin-bottom: 15px;\n        }\n        .button {\n            display: inline-block;\n            padding: 12px 25px;\n            background-color: #004080;\n            color: #ffffff;\n            text-decoration: none;\n            border-radius: 4px;\n            font-weight: bold;\n            margin-top: 20px;\n        }\n        .footer {\n            font-size: 12px;\n            color: #999999;\n            margin-top: 30px;\n            border-top: 1px solid #eaeaea;\n            padding-top: 10px;\n        }\n    \n\n\n    \n        Feedback Request for Your Recent Paper Publication\n        Dear Eshwar S,\n        We hope this message finds you well.\n        As part of our continuous effort to improve the quality of publications, we kindly request your valuable feedback on your recent paper submission.\n        Please click the button below to access the feedback form and share your insights:\n        \n            Provide Feedback\n        \n        If you have any questions or require assistance, feel free to contact our support team.\n        Thank you for your contribution to advancing research.\n        Best regards,The Publication Team\n\n        \n            &copy;  Paper Publication. All rights reserved.\n            This is an automated message. Please do not reply directly to this email.\n        \n    \n\n\n','2025-06-27 10:37:14.801967','mitung62@gmail.com',18),(301,'Requested feedback from publication','\n\n\n    \n        body {\n            font-family: Arial, sans-serif;\n            color: #333333;\n            line-height: 1.6;\n        }\n        .container {\n            max-width: 600px;\n            margin: auto;\n            padding: 20px;\n            border: 1px solid #eaeaea;\n            background-color: #fafafa;\n        }\n        .header {\n            font-size: 20px;\n            font-weight: bold;\n            color: #004080;\n            margin-bottom: 15px;\n        }\n        .button {\n            display: inline-block;\n            padding: 12px 25px;\n            background-color: #004080;\n            color: #ffffff;\n            text-decoration: none;\n            border-radius: 4px;\n            font-weight: bold;\n            margin-top: 20px;\n        }\n        .footer {\n            font-size: 12px;\n            color: #999999;\n            margin-top: 30px;\n            border-top: 1px solid #eaeaea;\n            padding-top: 10px;\n        }\n    \n\n\n    \n        Feedback Request for Your Recent Paper Publication\n        Dear Eshwar S,\n        We hope this message finds you well.\n        As part of our continuous effort to improve the quality of publications, we kindly request your valuable feedback on your recent paper submission.\n        Please click the button below to access the feedback form and share your insights:\n        \n            Provide Feedback\n        \n        If you have any questions or require assistance, feel free to contact our support team.\n        Thank you for your contribution to advancing research.\n        Best regards,The Publication Team\n\n        \n            &copy;  Paper Publication. All rights reserved.\n            This is an automated message. Please do not reply directly to this email.\n        \n    \n\n\n','2025-06-27 10:37:29.729289','mitung62@gmail.com',18),(302,'Requested feedback from publication','\n\n\n    \n        body {\n            font-family: Arial, sans-serif;\n            color: #333333;\n            line-height: 1.6;\n        }\n        .container {\n            max-width: 600px;\n            margin: auto;\n            padding: 20px;\n            border: 1px solid #eaeaea;\n            background-color: #fafafa;\n        }\n        .header {\n            font-size: 20px;\n            font-weight: bold;\n            color: #004080;\n            margin-bottom: 15px;\n        }\n        .button {\n            display: inline-block;\n            padding: 12px 25px;\n            background-color: #004080;\n            color: #ffffff;\n            text-decoration: none;\n            border-radius: 4px;\n            font-weight: bold;\n            margin-top: 20px;\n        }\n        .footer {\n            font-size: 12px;\n            color: #999999;\n            margin-top: 30px;\n            border-top: 1px solid #eaeaea;\n            padding-top: 10px;\n        }\n    \n\n\n    \n        Feedback Request for Your Recent Paper Publication\n        Dear Keerthi Shatti,\n        We hope this message finds you well.\n        As part of our continuous effort to improve the quality of publications, we kindly request your valuable feedback on your recent paper submission.\n        Please click the button below to access the feedback form and share your insights:\n        \n            Provide Feedback\n        \n        If you have any questions or require assistance, feel free to contact our support team.\n        Thank you for your contribution to advancing research.\n        Best regards,The Publication Team\n\n        \n            &copy;  Paper Publication. All rights reserved.\n            This is an automated message. Please do not reply directly to this email.\n        \n    \n\n\n','2025-06-27 10:37:48.820679','mitung62@gmail.com',12),(303,'Requested feedback from publication','\n\n\n    \n        body {\n            font-family: Arial, sans-serif;\n            color: #333333;\n            line-height: 1.6;\n        }\n        .container {\n            max-width: 600px;\n            margin: auto;\n            padding: 20px;\n            border: 1px solid #eaeaea;\n            background-color: #fafafa;\n        }\n        .header {\n            font-size: 20px;\n            font-weight: bold;\n            color: #004080;\n            margin-bottom: 15px;\n        }\n        .button {\n            display: inline-block;\n            padding: 12px 25px;\n            background-color: #004080;\n            color: #ffffff;\n            text-decoration: none;\n            border-radius: 4px;\n            font-weight: bold;\n            margin-top: 20px;\n        }\n        .footer {\n            font-size: 12px;\n            color: #999999;\n            margin-top: 30px;\n            border-top: 1px solid #eaeaea;\n            padding-top: 10px;\n        }\n    \n\n\n    \n        Feedback Request for Your Recent Paper Publication\n        Dear Eshwar S,\n        We hope this message finds you well.\n        As part of our continuous effort to improve the quality of publications, we kindly request your valuable feedback on your recent paper submission.\n        Please click the button below to access the feedback form and share your insights:\n        \n            Provide Feedback\n        \n        If you have any questions or require assistance, feel free to contact our support team.\n        Thank you for your contribution to advancing research.\n        Best regards,The Publication Team\n\n        \n            &copy;  Paper Publication. All rights reserved.\n            This is an automated message. Please do not reply directly to this email.\n        \n    \n\n\n','2025-06-27 10:37:57.626905','mitung62@gmail.com',18),(304,'Requested feedback from publication','\n\n\n    \n        body {\n            font-family: Arial, sans-serif;\n            color: #333333;\n            line-height: 1.6;\n        }\n        .container {\n            max-width: 600px;\n            margin: auto;\n            padding: 20px;\n            border: 1px solid #eaeaea;\n            background-color: #fafafa;\n        }\n        .header {\n            font-size: 20px;\n            font-weight: bold;\n            color: #004080;\n            margin-bottom: 15px;\n        }\n        .button {\n            display: inline-block;\n            padding: 12px 25px;\n            background-color: #004080;\n            color: #ffffff;\n            text-decoration: none;\n            border-radius: 4px;\n            font-weight: bold;\n            margin-top: 20px;\n        }\n        .footer {\n            font-size: 12px;\n            color: #999999;\n            margin-top: 30px;\n            border-top: 1px solid #eaeaea;\n            padding-top: 10px;\n        }\n    \n\n\n    \n        Feedback Request for Your Recent Paper Publication\n        Dear Charlas S,\n        We hope this message finds you well.\n        As part of our continuous effort to improve the quality of publications, we kindly request your valuable feedback on your recent paper submission.\n        Please click the button below to access the feedback form and share your insights:\n        \n            Provide Feedback\n        \n        If you have any questions or require assistance, feel free to contact our support team.\n        Thank you for your contribution to advancing research.\n        Best regards,The Publication Team\n\n        \n            &copy;  Paper Publication. All rights reserved.\n            This is an automated message. Please do not reply directly to this email.\n        \n    \n\n\n','2025-06-27 10:38:07.085777','mitung62@gmail.com',16),(305,'Requested feedback from publication','\n\n\n    \n        body {\n            font-family: Arial, sans-serif;\n            color: #333333;\n            line-height: 1.6;\n        }\n        .container {\n            max-width: 600px;\n            margin: auto;\n            padding: 20px;\n            border: 1px solid #eaeaea;\n            background-color: #fafafa;\n        }\n        .header {\n            font-size: 20px;\n            font-weight: bold;\n            color: #004080;\n            margin-bottom: 15px;\n        }\n        .button {\n            display: inline-block;\n            padding: 12px 25px;\n            background-color: #004080;\n            color: #ffffff;\n            text-decoration: none;\n            border-radius: 4px;\n            font-weight: bold;\n            margin-top: 20px;\n        }\n        .footer {\n            font-size: 12px;\n            color: #999999;\n            margin-top: 30px;\n            border-top: 1px solid #eaeaea;\n            padding-top: 10px;\n        }\n    \n\n\n    \n        Feedback Request for Your Recent Paper Publication\n        Dear Lingash H,\n        We hope this message finds you well.\n        As part of our continuous effort to improve the quality of publications, we kindly request your valuable feedback on your recent paper submission.\n        Please click the button below to access the feedback form and share your insights:\n        \n            Provide Feedback\n        \n        If you have any questions or require assistance, feel free to contact our support team.\n        Thank you for your contribution to advancing research.\n        Best regards,The Publication Team\n\n        \n            &copy;  Paper Publication. All rights reserved.\n            This is an automated message. Please do not reply directly to this email.\n        \n    \n\n\n','2025-06-27 10:39:39.927260','mitung62@gmail.com',11),(306,'Requested feedback from publication','\n\n\n    \n        body {\n            font-family: Arial, sans-serif;\n            color: #333333;\n            line-height: 1.6;\n        }\n        .container {\n            max-width: 600px;\n            margin: auto;\n            padding: 20px;\n            border: 1px solid #eaeaea;\n            background-color: #fafafa;\n        }\n        .header {\n            font-size: 20px;\n            font-weight: bold;\n            color: #004080;\n            margin-bottom: 15px;\n        }\n        .button {\n            display: inline-block;\n            padding: 12px 25px;\n            background-color: #004080;\n            color: #ffffff;\n            text-decoration: none;\n            border-radius: 4px;\n            font-weight: bold;\n            margin-top: 20px;\n        }\n        .footer {\n            font-size: 12px;\n            color: #999999;\n            margin-top: 30px;\n            border-top: 1px solid #eaeaea;\n            padding-top: 10px;\n        }\n    \n\n\n    \n        Feedback Request for Your Recent Paper Publication\n        Dear Charlas S,\n        We hope this message finds you well.\n        As part of our continuous effort to improve the quality of publications, we kindly request your valuable feedback on your recent paper submission.\n        Please click the button below to access the feedback form and share your insights:\n        \n            Provide Feedback\n        \n        If you have any questions or require assistance, feel free to contact our support team.\n        Thank you for your contribution to advancing research.\n        Best regards,The Publication Team\n\n        \n            &copy;  Paper Publication. All rights reserved.\n            This is an automated message. Please do not reply directly to this email.\n        \n    \n\n\n','2025-06-27 11:27:27.290767','mitung62@gmail.com',16),(307,'Requested feedback from publication','\n\n\n    \n        body {\n            font-family: Arial, sans-serif;\n            color: #333333;\n            line-height: 1.6;\n        }\n        .container {\n            max-width: 600px;\n            margin: auto;\n            padding: 20px;\n            border: 1px solid #eaeaea;\n            background-color: #fafafa;\n        }\n        .header {\n            font-size: 20px;\n            font-weight: bold;\n            color: #004080;\n            margin-bottom: 15px;\n        }\n        .button {\n            display: inline-block;\n            padding: 12px 25px;\n            background-color: #004080;\n            color: #ffffff;\n            text-decoration: none;\n            border-radius: 4px;\n            font-weight: bold;\n            margin-top: 20px;\n        }\n        .footer {\n            font-size: 12px;\n            color: #999999;\n            margin-top: 30px;\n            border-top: 1px solid #eaeaea;\n            padding-top: 10px;\n        }\n    \n\n\n    \n        Feedback Request for Your Recent Paper Publication\n        Dear Eshwar S,\n        We hope this message finds you well.\n        As part of our continuous effort to improve the quality of publications, we kindly request your valuable feedback on your recent paper submission.\n        Please click the button below to access the feedback form and share your insights:\n        \n            Provide Feedback\n        \n        If you have any questions or require assistance, feel free to contact our support team.\n        Thank you for your contribution to advancing research.\n        Best regards,The Publication Team\n\n        \n            &copy;  Paper Publication. All rights reserved.\n            This is an automated message. Please do not reply directly to this email.\n        \n    \n\n\n','2025-06-27 11:27:42.954720','mitung62@gmail.com',18),(308,'Requested feedback from publication','\n\n\n    \n        body {\n            font-family: Arial, sans-serif;\n            color: #333333;\n            line-height: 1.6;\n        }\n        .container {\n            max-width: 600px;\n            margin: auto;\n            padding: 20px;\n            border: 1px solid #eaeaea;\n            background-color: #fafafa;\n        }\n        .header {\n            font-size: 20px;\n            font-weight: bold;\n            color: #004080;\n            margin-bottom: 15px;\n        }\n        .button {\n            display: inline-block;\n            padding: 12px 25px;\n            background-color: #004080;\n            color: #ffffff;\n            text-decoration: none;\n            border-radius: 4px;\n            font-weight: bold;\n            margin-top: 20px;\n        }\n        .footer {\n            font-size: 12px;\n            color: #999999;\n            margin-top: 30px;\n            border-top: 1px solid #eaeaea;\n            padding-top: 10px;\n        }\n    \n\n\n    \n        Feedback Request for Your Recent Paper Publication\n        Dear Ramesh P.N,\n        We hope this message finds you well.\n        As part of our continuous effort to improve the quality of publications, we kindly request your valuable feedback on your recent paper submission.\n        Please click the button below to access the feedback form and share your insights:\n        \n            Provide Feedback\n        \n        If you have any questions or require assistance, feel free to contact our support team.\n        Thank you for your contribution to advancing research.\n        Best regards,The Publication Team\n\n        \n            &copy;  Paper Publication. All rights reserved.\n            This is an automated message. Please do not reply directly to this email.\n        \n    \n\n\n','2025-06-27 12:41:43.677953','mitung62@gmail.com',41),(309,'Requested feedback from publication','\n\n\n    \n        body {\n            font-family: Arial, sans-serif;\n            color: #333333;\n            line-height: 1.6;\n        }\n        .container {\n            max-width: 600px;\n            margin: auto;\n            padding: 20px;\n            border: 1px solid #eaeaea;\n            background-color: #fafafa;\n        }\n        .header {\n            font-size: 20px;\n            font-weight: bold;\n            color: #004080;\n            margin-bottom: 15px;\n        }\n        .button {\n            display: inline-block;\n            padding: 12px 25px;\n            background-color: #004080;\n            color: #ffffff;\n            text-decoration: none;\n            border-radius: 4px;\n            font-weight: bold;\n            margin-top: 20px;\n        }\n        .footer {\n            font-size: 12px;\n            color: #999999;\n            margin-top: 30px;\n            border-top: 1px solid #eaeaea;\n            padding-top: 10px;\n        }\n    \n\n\n    \n        Feedback Request for Your Recent Paper Publication\n        Dear Lingash H,\n        We hope this message finds you well.\n        As part of our continuous effort to improve the quality of publications, we kindly request your valuable feedback on your recent paper submission.\n        Please click the button below to access the feedback form and share your insights:\n        \n            Provide Feedback\n        \n        If you have any questions or require assistance, feel free to contact our support team.\n        Thank you for your contribution to advancing research.\n        Best regards,The Publication Team\n\n        \n            &copy;  Paper Publication. All rights reserved.\n            This is an automated message. Please do not reply directly to this email.\n        \n    \n\n\n','2025-06-28 05:00:37.340341','mitung62@gmail.com',11),(310,'Requested feedback from publication','\n\n\n    \n        body {\n            font-family: Arial, sans-serif;\n            color: #333333;\n            line-height: 1.6;\n        }\n        .container {\n            max-width: 600px;\n            margin: auto;\n            padding: 20px;\n            border: 1px solid #eaeaea;\n            background-color: #fafafa;\n        }\n        .header {\n            font-size: 20px;\n            font-weight: bold;\n            color: #004080;\n            margin-bottom: 15px;\n        }\n        .button {\n            display: inline-block;\n            padding: 12px 25px;\n            background-color: #004080;\n            color: #ffffff;\n            text-decoration: none;\n            border-radius: 4px;\n            font-weight: bold;\n            margin-top: 20px;\n        }\n        .footer {\n            font-size: 12px;\n            color: #999999;\n            margin-top: 30px;\n            border-top: 1px solid #eaeaea;\n            padding-top: 10px;\n        }\n    \n\n\n    \n        Feedback Request for Your Recent Paper Publication\n        Dear Kumar C,\n        We hope this message finds you well.\n        As part of our continuous effort to improve the quality of publications, we kindly request your valuable feedback on your recent paper submission.\n        Please click the button below to access the feedback form and share your insights:\n        \n            Provide Feedback\n        \n        If you have any questions or require assistance, feel free to contact our support team.\n        Thank you for your contribution to advancing research.\n        Best regards,The Publication Team\n\n        \n            &copy;  Paper Publication. All rights reserved.\n            This is an automated message. Please do not reply directly to this email.\n        \n    \n\n\n','2025-06-28 05:05:11.435679','mitung62@gmail.com',15),(311,'Requested feedback from publication','\n\n\n    \n        body {\n            font-family: Arial, sans-serif;\n            color: #333333;\n            line-height: 1.6;\n        }\n        .container {\n            max-width: 600px;\n            margin: auto;\n            padding: 20px;\n            border: 1px solid #eaeaea;\n            background-color: #fafafa;\n        }\n        .header {\n            font-size: 20px;\n            font-weight: bold;\n            color: #004080;\n            margin-bottom: 15px;\n        }\n        .button {\n            display: inline-block;\n            padding: 12px 25px;\n            background-color: #004080;\n            color: #ffffff;\n            text-decoration: none;\n            border-radius: 4px;\n            font-weight: bold;\n            margin-top: 20px;\n        }\n        .footer {\n            font-size: 12px;\n            color: #999999;\n            margin-top: 30px;\n            border-top: 1px solid #eaeaea;\n            padding-top: 10px;\n        }\n    \n\n\n    \n        Feedback Request for Your Recent Paper Publication\n        Dear Charlas S,\n        We hope this message finds you well.\n        As part of our continuous effort to improve the quality of publications, we kindly request your valuable feedback on your recent paper submission.\n        Please click the button below to access the feedback form and share your insights:\n        \n            Provide Feedback\n        \n        If you have any questions or require assistance, feel free to contact our support team.\n        Thank you for your contribution to advancing research.\n        Best regards,The Publication Team\n\n        \n            &copy;  Paper Publication. All rights reserved.\n            This is an automated message. Please do not reply directly to this email.\n        \n    \n\n\n','2025-06-28 05:45:30.996393','mitung62@gmail.com',16),(312,'Requested feedback from publication','\n\n\n    \n        body {\n            font-family: Arial, sans-serif;\n            color: #333333;\n            line-height: 1.6;\n        }\n        .container {\n            max-width: 600px;\n            margin: auto;\n            padding: 20px;\n            border: 1px solid #eaeaea;\n            background-color: #fafafa;\n        }\n        .header {\n            font-size: 20px;\n            font-weight: bold;\n            color: #004080;\n            margin-bottom: 15px;\n        }\n        .button {\n            display: inline-block;\n            padding: 12px 25px;\n            background-color: #004080;\n            color: #ffffff;\n            text-decoration: none;\n            border-radius: 4px;\n            font-weight: bold;\n            margin-top: 20px;\n        }\n        .footer {\n            font-size: 12px;\n            color: #999999;\n            margin-top: 30px;\n            border-top: 1px solid #eaeaea;\n            padding-top: 10px;\n        }\n    \n\n\n    \n        Feedback Request for Your Recent Paper Publication\n        Dear Velu G,\n        We hope this message finds you well.\n        As part of our continuous effort to improve the quality of publications, we kindly request your valuable feedback on your recent paper submission.\n        Please click the button below to access the feedback form and share your insights:\n        \n            Provide Feedback\n        \n        If you have any questions or require assistance, feel free to contact our support team.\n        Thank you for your contribution to advancing research.\n        Best regards,The Publication Team\n\n        \n            &copy;  Paper Publication. All rights reserved.\n            This is an automated message. Please do not reply directly to this email.\n        \n    \n\n\n','2025-06-28 05:48:11.577979','mitung62@gmail.com',45),(313,'Requested feedback from publication','\n\n\n    \n        body {\n            font-family: Arial, sans-serif;\n            color: #333333;\n            line-height: 1.6;\n        }\n        .container {\n            max-width: 600px;\n            margin: auto;\n            padding: 20px;\n            border: 1px solid #eaeaea;\n            background-color: #fafafa;\n        }\n        .header {\n            font-size: 20px;\n            font-weight: bold;\n            color: #004080;\n            margin-bottom: 15px;\n        }\n        .button {\n            display: inline-block;\n            padding: 12px 25px;\n            background-color: #004080;\n            color: #ffffff;\n            text-decoration: none;\n            border-radius: 4px;\n            font-weight: bold;\n            margin-top: 20px;\n        }\n        .footer {\n            font-size: 12px;\n            color: #999999;\n            margin-top: 30px;\n            border-top: 1px solid #eaeaea;\n            padding-top: 10px;\n        }\n    \n\n\n    \n        Feedback Request for Your Recent Paper Publication\n        Dear Salem K,\n        We hope this message finds you well.\n        As part of our continuous effort to improve the quality of publications, we kindly request your valuable feedback on your recent paper submission.\n        Please click the button below to access the feedback form and share your insights:\n        \n            Provide Feedback\n        \n        If you have any questions or require assistance, feel free to contact our support team.\n        Thank you for your contribution to advancing research.\n        Best regards,The Publication Team\n\n        \n            &copy;  Paper Publication. All rights reserved.\n            This is an automated message. Please do not reply directly to this email.\n        \n    \n\n\n','2025-06-28 05:48:54.095317','mitung62@gmail.com',29),(314,'Requested feedback from publication','\n\n\n    \n        body {\n            font-family: Arial, sans-serif;\n            color: #333333;\n            line-height: 1.6;\n        }\n        .container {\n            max-width: 600px;\n            margin: auto;\n            padding: 20px;\n            border: 1px solid #eaeaea;\n            background-color: #fafafa;\n        }\n        .header {\n            font-size: 20px;\n            font-weight: bold;\n            color: #004080;\n            margin-bottom: 15px;\n        }\n        .button {\n            display: inline-block;\n            padding: 12px 25px;\n            background-color: #004080;\n            color: #ffffff;\n            text-decoration: none;\n            border-radius: 4px;\n            font-weight: bold;\n            margin-top: 20px;\n        }\n        .footer {\n            font-size: 12px;\n            color: #999999;\n            margin-top: 30px;\n            border-top: 1px solid #eaeaea;\n            padding-top: 10px;\n        }\n    \n\n\n    \n        Feedback Request for Your Recent Paper Publication\n        Dear Salem K,\n        We hope this message finds you well.\n        As part of our continuous effort to improve the quality of publications, we kindly request your valuable feedback on your recent paper submission.\n        Please click the button below to access the feedback form and share your insights:\n        \n            Provide Feedback\n        \n        If you have any questions or require assistance, feel free to contact our support team.\n        Thank you for your contribution to advancing research.\n        Best regards,The Publication Team\n\n        \n            &copy;  Paper Publication. All rights reserved.\n            This is an automated message. Please do not reply directly to this email.\n        \n    \n\n\n','2025-06-28 05:52:02.041328','mitung62@gmail.com',29),(315,'Requested feedback from publication','\n\n\n    \n        body {\n            font-family: Arial, sans-serif;\n            color: #333333;\n            line-height: 1.6;\n        }\n        .container {\n            max-width: 600px;\n            margin: auto;\n            padding: 20px;\n            border: 1px solid #eaeaea;\n            background-color: #fafafa;\n        }\n        .header {\n            font-size: 20px;\n            font-weight: bold;\n            color: #004080;\n            margin-bottom: 15px;\n        }\n        .button {\n            display: inline-block;\n            padding: 12px 25px;\n            background-color: #004080;\n            color: #ffffff;\n            text-decoration: none;\n            border-radius: 4px;\n            font-weight: bold;\n            margin-top: 20px;\n        }\n        .footer {\n            font-size: 12px;\n            color: #999999;\n            margin-top: 30px;\n            border-top: 1px solid #eaeaea;\n            padding-top: 10px;\n        }\n    \n\n\n    \n        Feedback Request for Your Recent Paper Publication\n        Dear Keerthi Shatti,\n        We hope this message finds you well.\n        As part of our continuous effort to improve the quality of publications, we kindly request your valuable feedback on your recent paper submission.\n        Please click the button below to access the feedback form and share your insights:\n        \n            Provide Feedback\n        \n        If you have any questions or require assistance, feel free to contact our support team.\n        Thank you for your contribution to advancing research.\n        Best regards,The Publication Team\n\n        \n            &copy;  Paper Publication. All rights reserved.\n            This is an automated message. Please do not reply directly to this email.\n        \n    \n\n\n','2025-06-28 05:52:45.874721','mitung62@gmail.com',12),(316,'Requested feedback from publication','\n\n\n    \n        body {\n            font-family: Arial, sans-serif;\n            color: #333333;\n            line-height: 1.6;\n        }\n        .container {\n            max-width: 600px;\n            margin: auto;\n            padding: 20px;\n            border: 1px solid #eaeaea;\n            background-color: #fafafa;\n        }\n        .header {\n            font-size: 20px;\n            font-weight: bold;\n            color: #004080;\n            margin-bottom: 15px;\n        }\n        .button {\n            display: inline-block;\n            padding: 12px 25px;\n            background-color: #004080;\n            color: #ffffff;\n            text-decoration: none;\n            border-radius: 4px;\n            font-weight: bold;\n            margin-top: 20px;\n        }\n        .footer {\n            font-size: 12px;\n            color: #999999;\n            margin-top: 30px;\n            border-top: 1px solid #eaeaea;\n            padding-top: 10px;\n        }\n    \n\n\n    \n        Feedback Request for Your Recent Paper Publication\n        Dear Arun K,\n        We hope this message finds you well.\n        As part of our continuous effort to improve the quality of publications, we kindly request your valuable feedback on your recent paper submission.\n        Please click the button below to access the feedback form and share your insights:\n        \n            Provide Feedback\n        \n        If you have any questions or require assistance, feel free to contact our support team.\n        Thank you for your contribution to advancing research.\n        Best regards,The Publication Team\n\n        \n            &copy;  Paper Publication. All rights reserved.\n            This is an automated message. Please do not reply directly to this email.\n        \n    \n\n\n','2025-06-28 05:55:37.222573','mitung62@gmail.com',14),(317,'Requested feedback from publication','\n\n\n    \n        body {\n            font-family: Arial, sans-serif;\n            color: #333333;\n            line-height: 1.6;\n        }\n        .container {\n            max-width: 600px;\n            margin: auto;\n            padding: 20px;\n            border: 1px solid #eaeaea;\n            background-color: #fafafa;\n        }\n        .header {\n            font-size: 20px;\n            font-weight: bold;\n            color: #004080;\n            margin-bottom: 15px;\n        }\n        .button {\n            display: inline-block;\n            padding: 12px 25px;\n            background-color: #004080;\n            color: #ffffff;\n            text-decoration: none;\n            border-radius: 4px;\n            font-weight: bold;\n            margin-top: 20px;\n        }\n        .footer {\n            font-size: 12px;\n            color: #999999;\n            margin-top: 30px;\n            border-top: 1px solid #eaeaea;\n            padding-top: 10px;\n        }\n    \n\n\n    \n        Feedback Request for Your Recent Paper Publication\n        Dear Arun K,\n        We hope this message finds you well.\n        As part of our continuous effort to improve the quality of publications, we kindly request your valuable feedback on your recent paper submission.\n        Please click the button below to access the feedback form and share your insights:\n        \n            Provide Feedback\n        \n        If you have any questions or require assistance, feel free to contact our support team.\n        Thank you for your contribution to advancing research.\n        Best regards,The Publication Team\n\n        \n            &copy;  Paper Publication. All rights reserved.\n            This is an automated message. Please do not reply directly to this email.\n        \n    \n\n\n','2025-06-28 06:02:56.056429','mitung62@gmail.com',14),(318,'Requested feedback from publication','\n\n\n    \n        body {\n            font-family: Arial, sans-serif;\n            color: #333333;\n            line-height: 1.6;\n        }\n        .container {\n            max-width: 600px;\n            margin: auto;\n            padding: 20px;\n            border: 1px solid #eaeaea;\n            background-color: #fafafa;\n        }\n        .header {\n            font-size: 20px;\n            font-weight: bold;\n            color: #004080;\n            margin-bottom: 15px;\n        }\n        .button {\n            display: inline-block;\n            padding: 12px 25px;\n            background-color: #004080;\n            color: #ffffff;\n            text-decoration: none;\n            border-radius: 4px;\n            font-weight: bold;\n            margin-top: 20px;\n        }\n        .footer {\n            font-size: 12px;\n            color: #999999;\n            margin-top: 30px;\n            border-top: 1px solid #eaeaea;\n            padding-top: 10px;\n        }\n    \n\n\n    \n        Feedback Request for Your Recent Paper Publication\n        Dear Lingash H,\n        We hope this message finds you well.\n        As part of our continuous effort to improve the quality of publications, we kindly request your valuable feedback on your recent paper submission.\n        Please click the button below to access the feedback form and share your insights:\n        \n            Provide Feedback\n        \n        If you have any questions or require assistance, feel free to contact our support team.\n        Thank you for your contribution to advancing research.\n        Best regards,The Publication Team\n\n        \n            &copy;  Paper Publication. All rights reserved.\n            This is an automated message. Please do not reply directly to this email.\n        \n    \n\n\n','2025-06-28 06:03:55.715922','mitung62@gmail.com',11),(319,'Requested feedback from publication','\n\n\n    \n        body {\n            font-family: Arial, sans-serif;\n            color: #333333;\n            line-height: 1.6;\n        }\n        .container {\n            max-width: 600px;\n            margin: auto;\n            padding: 20px;\n            border: 1px solid #eaeaea;\n            background-color: #fafafa;\n        }\n        .header {\n            font-size: 20px;\n            font-weight: bold;\n            color: #004080;\n            margin-bottom: 15px;\n        }\n        .button {\n            display: inline-block;\n            padding: 12px 25px;\n            background-color: #004080;\n            color: #ffffff;\n            text-decoration: none;\n            border-radius: 4px;\n            font-weight: bold;\n            margin-top: 20px;\n        }\n        .footer {\n            font-size: 12px;\n            color: #999999;\n            margin-top: 30px;\n            border-top: 1px solid #eaeaea;\n            padding-top: 10px;\n        }\n    \n\n\n    \n        Feedback Request for Your Recent Paper Publication\n        Dear Keerthi Shatti,\n        We hope this message finds you well.\n        As part of our continuous effort to improve the quality of publications, we kindly request your valuable feedback on your recent paper submission.\n        Please click the button below to access the feedback form and share your insights:\n        \n            Provide Feedback\n        \n        If you have any questions or require assistance, feel free to contact our support team.\n        Thank you for your contribution to advancing research.\n        Best regards,The Publication Team\n\n        \n            &copy;  Paper Publication. All rights reserved.\n            This is an automated message. Please do not reply directly to this email.\n        \n    \n\n\n','2025-06-28 06:04:37.463816','mitung62@gmail.com',12),(320,'Requested feedback from publication','\n\n\n    \n        body {\n            font-family: Arial, sans-serif;\n            color: #333333;\n            line-height: 1.6;\n        }\n        .container {\n            max-width: 600px;\n            margin: auto;\n            padding: 20px;\n            border: 1px solid #eaeaea;\n            background-color: #fafafa;\n        }\n        .header {\n            font-size: 20px;\n            font-weight: bold;\n            color: #004080;\n            margin-bottom: 15px;\n        }\n        .button {\n            display: inline-block;\n            padding: 12px 25px;\n            background-color: #004080;\n            color: #ffffff;\n            text-decoration: none;\n            border-radius: 4px;\n            font-weight: bold;\n            margin-top: 20px;\n        }\n        .footer {\n            font-size: 12px;\n            color: #999999;\n            margin-top: 30px;\n            border-top: 1px solid #eaeaea;\n            padding-top: 10px;\n        }\n    \n\n\n    \n        Feedback Request for Your Recent Paper Publication\n        Dear Salem K,\n        We hope this message finds you well.\n        As part of our continuous effort to improve the quality of publications, we kindly request your valuable feedback on your recent paper submission.\n        Please click the button below to access the feedback form and share your insights:\n        \n            Provide Feedback\n        \n        If you have any questions or require assistance, feel free to contact our support team.\n        Thank you for your contribution to advancing research.\n        Best regards,The Publication Team\n\n        \n            &copy;  Paper Publication. All rights reserved.\n            This is an automated message. Please do not reply directly to this email.\n        \n    \n\n\n','2025-06-28 06:06:02.059271','mitung62@gmail.com',29),(321,'Requested feedback from publication','\n\n\n    \n        body {\n            font-family: Arial, sans-serif;\n            color: #333333;\n            line-height: 1.6;\n        }\n        .container {\n            max-width: 600px;\n            margin: auto;\n            padding: 20px;\n            border: 1px solid #eaeaea;\n            background-color: #fafafa;\n        }\n        .header {\n            font-size: 20px;\n            font-weight: bold;\n            color: #004080;\n            margin-bottom: 15px;\n        }\n        .button {\n            display: inline-block;\n            padding: 12px 25px;\n            background-color: #004080;\n            color: #ffffff;\n            text-decoration: none;\n            border-radius: 4px;\n            font-weight: bold;\n            margin-top: 20px;\n        }\n        .footer {\n            font-size: 12px;\n            color: #999999;\n            margin-top: 30px;\n            border-top: 1px solid #eaeaea;\n            padding-top: 10px;\n        }\n    \n\n\n    \n        Feedback Request for Your Recent Paper Publication\n        Dear Velu G,\n        We hope this message finds you well.\n        As part of our continuous effort to improve the quality of publications, we kindly request your valuable feedback on your recent paper submission.\n        Please click the button below to access the feedback form and share your insights:\n        \n            Provide Feedback\n        \n        If you have any questions or require assistance, feel free to contact our support team.\n        Thank you for your contribution to advancing research.\n        Best regards,The Publication Team\n\n        \n            &copy;  Paper Publication. All rights reserved.\n            This is an automated message. Please do not reply directly to this email.\n        \n    \n\n\n','2025-06-28 06:06:42.284986','mitung62@gmail.com',45),(322,'Regarding Journal Assignment','Dear selva@gmail.com,\n\n    You have been assigned as the editor for the journal: JCS.\n\n    Please click Login to your account to view and manage your assigned journal.\n\n    Thank you,\n','2025-07-02 10:59:43.421429','mitung62@gmail.com',21),(323,'Invitation to Review Manuscript','Dear Mukesh A,,\n\nWe would like to invite you to review a paper titled \"Human impact of bio-diversity\" for [Conference/JECE].\n\nYou need to Accept before July 23, 2025, 12:29 p.m. \n\nPlease log in to your account to review the submission.\n\nThank you.\n','2025-07-09 12:29:03.660589','mitung62@gmail.com',10),(324,'Roles assigned to you','Dear guru@gmail.com,\n\n    \n        You have been assigned the following roles:\n        \n            \n                AE\n            \n                EIC\n            \n        \n    \n\n    Please wait to receive your password.\n\n    Thank you,\n\n   ','2025-07-10 04:19:33.268079','mitung62@gmail.com',9),(325,'Roles assigned to you','Dear guru@gmail.com,\n\n    \n        You have been assigned as the EIC.\n    \n\n    Please wait to receive your password.\n\n    Thank you,\n\n   ','2025-07-10 04:19:46.509687','mitung62@gmail.com',9),(326,'Roles assigned to you','Dear mitung@gmail.com,\n\n    \n        You have been assigned as the EIC.\n    \n\n    Please wait to receive your password.\n\n    Thank you,\n\n   ','2025-07-10 04:25:09.370203','mitung62@gmail.com',2),(327,'Regarding Journal Assignment','Dear mitung@gmail.com,\n\n    You have been assigned as the editor for the journal: JECE.\n\n    Please click Login to your account to view and manage your assigned journal.\n\n    Thank you,\n','2025-07-10 04:25:31.438068','mitung62@gmail.com',2),(328,'Regarding Journal Assignment','Dear guru@gmail.com,\n\n    You have been assigned as the editor for the journal: JECE.\n\n    Please click Login to your account to view and manage your assigned journal.\n\n    Thank you,\n','2025-07-10 04:26:29.650154','mitung62@gmail.com',9),(329,'Roles assigned to you','Dear mitung@gmail.com,\n\n    \n        You have been assigned as the AE.\n    \n\n    Please wait to receive your password.\n\n    Thank you,\n\n   ','2025-07-10 04:27:27.011183','mitung62@gmail.com',2),(330,'Regarding Journal Assignment','Dear mitung@gmail.com,\n\n    You have been assigned as the editor for the journal: JME.\n\n    Please click Login to your account to view and manage your assigned journal.\n\n    Thank you,\n','2025-07-10 04:27:53.727321','mitung62@gmail.com',2),(331,'Regarding Journal Assignment','Dear siva@gmail.com,\n\n    You have been assigned as the editor for the journal: JME.\n\n    Please click Login to your account to view and manage your assigned journal.\n\n    Thank you,\n','2025-07-10 04:28:23.224717','mitung62@gmail.com',6),(332,'Regarding Journal Assignment','Dear mitung@gmail.com,\n\n    You have been assigned as the editor for the journal: JME.\n\n    Please click Login to your account to view and manage your assigned journal.\n\n    Thank you,\n','2025-07-10 04:44:18.047605','mitung62@gmail.com',2),(333,'Roles assigned to you','Dear ajmal@gmail.com,\n\n    \n        You have been assigned as the EIC.\n    \n\n    Please wait to receive your password.\n\n    Thank you,\n\n   ','2025-07-10 04:44:55.821801','mitung62@gmail.com',13),(334,'Regarding Journal Assignment','Dear ajmal@gmail.com,\n\n    You have been assigned as the editor for the journal: JECE.\n\n    Please click Login to your account to view and manage your assigned journal.\n\n    Thank you,\n','2025-07-10 04:45:05.377077','mitung62@gmail.com',13),(335,'Regarding Journal Assignment','Dear guru@gmail.com,\n\n    You have been assigned as the editor for the journal: JECE.\n\n    Please click Login to your account to view and manage your assigned journal.\n\n    Thank you,\n','2025-07-10 04:45:16.960046','mitung62@gmail.com',9),(336,'Paper Status Update - ICERCS 2024','Dear Arun K,\n\nI hope this message finds you well. We are currently in the process of reviewing your paper\n    \"ID: KJECE-2025-07-1\" & \"Title: The Influence of Social Media on Adolescent Mental Health: A Meta-Analysis\", which is undergoing revision with our editorial and review team.\n\nWe look forward to the final steps of the review process and will keep you informed of any updates.\n\nWarm regards,\n\nICERCS 2024 Organizing Committee','2025-07-10 05:37:00.980566','mitung62@gmail.com',14),(337,'Manuscript Submitted','Dear Surya Prakesh,\n\nA new paper titled \"The Influence of Social Media on Adolescent Mental Health: A Meta-Analysis\" has been successfully submitted by \"\" for your review.\n\n\nPlease log in to the admin portal to review the submission and proceed with the next steps.\n\nThank you.\n\n\n','2025-07-10 05:37:04.261356','mitung62@gmail.com',7),(338,'Paper Status Update - ICERCS 2024','Dear Arun K,\n\nI hope this message finds you well. We are currently in the process of reviewing your paper\n    \"ID: JCS-2025-06-1\" & \"Title: The Impact of Streaming Services on the Global Film Industry\", which is undergoing revision with our editorial and review team.\n\nWe look forward to the final steps of the review process and will keep you informed of any updates.\n\nWarm regards,\n\nICERCS 2024 Organizing Committee','2025-07-10 05:45:11.105682','mitung62@gmail.com',14),(339,'Manuscript Submitted','Dear Surya Prakesh,\n\nA new paper titled \"The Impact of Streaming Services on the Global Film Industry\" has been successfully submitted by \"\" for your review.\n\n\nPlease log in to the admin portal to review the submission and proceed with the next steps.\n\nThank you.\n\n\n','2025-07-10 05:45:14.389904','mitung62@gmail.com',7),(340,'Invitation to Review Manuscript','Dear Mukesh A,,\n\nWe would like to invite you to review a paper titled \"The Impact of Streaming Services on the Global Film Industry\" for [Conference/JCS].\n\nYou need to Accept before July 24, 2025, 7:06 a.m. \n\nPlease log in to your account to review the submission.\n\nThank you.\n','2025-07-10 07:06:31.502984','mitung62@gmail.com',10),(341,'Invitation to Review Manuscript','Dear Mukesh A,,\n\nWe would like to invite you to review a paper titled \"The Impact of Streaming Services on the Global Film Industry\" for [Conference/JCS].\n\nYou need to Accept before July 24, 2025, 7:12 a.m. \n\nPlease log in to your account to review the submission.\n\nThank you.\n','2025-07-10 07:12:54.877237','mitung62@gmail.com',10),(342,'Invitation Accepted','Dear guru@gmail.com S,\n\nWe are pleased to inform you that \"MukeshA\" has accepted the invitation to review the paper titled \"The Impact of Streaming Services on the Global Film Industry\"\n\n Please proceed with the necessary arrangements for the review process.\n\nThank you for coordinating this.\n','2025-07-10 07:15:54.783207','mitung62@gmail.com',9),(343,'Invitation Accepted','Dear guru@gmail.com S,\n\nWe are pleased to inform you that \"MukeshA\" has accepted the invitation to review the paper titled \"The Impact of Streaming Services on the Global Film Industry\"\n\n Please proceed with the necessary arrangements for the review process.\n\nThank you for coordinating this.\n','2025-07-10 07:16:22.043840','mitung62@gmail.com',9),(344,'Invitation Completed','Dear guru@gmail.com S,\n\nWe are pleased to inform you that the \"MukeshMukesh\" has completed the corrections for the paper titled \"The Impact of Streaming Services on the Global Film Industry\".\n\n Please review the updated submission and proceed with the next steps.\n\n\nThank you for your attention.\n\n\n','2025-07-10 07:19:15.412919','mitung62@gmail.com',9),(345,'Paper Status Update - ICERCS 2024','Dear Arun K,\n\nI hope this message finds you well. We are currently in the process of reviewing your paper\n    \"ID: KJCS-2025-07-1\" & \"Title: Sustainable Agriculture Practices and Their Effects on Soil Health\", which is undergoing revision with our editorial and review team.\n\nWe look forward to the final steps of the review process and will keep you informed of any updates.\n\nWarm regards,\n\nICERCS 2024 Organizing Committee','2025-07-10 08:39:12.266029','mitung62@gmail.com',14),(346,'Manuscript Submitted','Dear Surya Prakesh,\n\nA new paper titled \"Sustainable Agriculture Practices and Their Effects on Soil Health\" has been successfully submitted by \"\" for your review.\n\n\nPlease log in to the admin portal to review the submission and proceed with the next steps.\n\nThank you.\n\n\n','2025-07-10 08:39:15.486053','mitung62@gmail.com',7),(347,'Regarding Journal Assignment','Dear 20csa24@karpagamtech.ac.in,\n\n    You have been assigned as the editor for the journal: JCS.\n\n    Please click Login to your account to view and manage your assigned journal.\n\n    Thank you,\n','2025-07-10 08:43:07.731903','mitung62@gmail.com',25),(348,'Regarding Journal Assignment','Dear mohamad@gmail.com,\n\n    You have been assigned as the editor for the journal: JCS.\n\n    Please click Login to your account to view and manage your assigned journal.\n\n    Thank you,\n','2025-07-10 08:43:38.073642','mitung62@gmail.com',8),(349,'Manuscript Assigned','Dear Mohamad,\n\nWe are pleased to inform you that you have been assigned as the Associate Editor for  \"JCS\"  titled \"Sustainable Agriculture Practices and Their Effects on Soil Health\" .\n\n Please involve overseeing the review process and making editorial decisions for submitted papers.\n\nPlease log in to your account to review the submission.\n\nThank you.\n\n\n\n','2025-07-10 08:50:24.731879','mitung62@gmail.com',8),(350,'Invitation to Review Manuscript','Dear Keerthi Shatti,,\n\nWe would like to invite you to review a paper titled \"Sustainable Agriculture Practices and Their Effects on Soil Health\" for [Conference/JCS].\n\nYou need to Accept before July 24, 2025, 8:50 a.m. \n\nPlease log in to your account to review the submission.\n\nThank you.\n','2025-07-10 08:50:48.419907','mitung62@gmail.com',12);
/*!40000 ALTER TABLE `oss_email` ENABLE KEYS */;
UNLOCK TABLES;

--
-- Table structure for table `oss_file_category`
--

DROP TABLE IF EXISTS `oss_file_category`;
/*!40101 SET @saved_cs_client     = @@character_set_client */;
/*!50503 SET character_set_client = utf8mb4 */;
CREATE TABLE `oss_file_category` (
  `id` bigint NOT NULL AUTO_INCREMENT,
  `file_category` varchar(50) NOT NULL,
  PRIMARY KEY (`id`)
) ENGINE=InnoDB AUTO_INCREMENT=4 DEFAULT CHARSET=utf8mb4 COLLATE=utf8mb4_0900_ai_ci;
/*!40101 SET character_set_client = @saved_cs_client */;

--
-- Dumping data for table `oss_file_category`
--

LOCK TABLES `oss_file_category` WRITE;
/*!40000 ALTER TABLE `oss_file_category` DISABLE KEYS */;
INSERT INTO `oss_file_category` VALUES (1,'Article'),(2,'File 2'),(3,'File 3');
/*!40000 ALTER TABLE `oss_file_category` ENABLE KEYS */;
UNLOCK TABLES;

--
-- Table structure for table `oss_funder`
--

DROP TABLE IF EXISTS `oss_funder`;
/*!40101 SET @saved_cs_client     = @@character_set_client */;
/*!50503 SET character_set_client = utf8mb4 */;
CREATE TABLE `oss_funder` (
  `id` bigint NOT NULL AUTO_INCREMENT,
  `submission_id` bigint NOT NULL,
  `detail` longtext NOT NULL,
  PRIMARY KEY (`id`),
  KEY `oss_funder_submission_id_f619b34c_fk_oss_submission_id` (`submission_id`),
  CONSTRAINT `oss_funder_submission_id_f619b34c_fk_oss_submission_id` FOREIGN KEY (`submission_id`) REFERENCES `oss_submission` (`id`)
) ENGINE=InnoDB AUTO_INCREMENT=3 DEFAULT CHARSET=utf8mb4 COLLATE=utf8mb4_0900_ai_ci;
/*!40101 SET character_set_client = @saved_cs_client */;

--
-- Dumping data for table `oss_funder`
--

LOCK TABLES `oss_funder` WRITE;
/*!40000 ALTER TABLE `oss_funder` DISABLE KEYS */;
INSERT INTO `oss_funder` VALUES (1,27,'ghghghgh'),(2,32,'okokokokokok');
/*!40000 ALTER TABLE `oss_funder` ENABLE KEYS */;
UNLOCK TABLES;

--
-- Table structure for table `oss_journal`
--

DROP TABLE IF EXISTS `oss_journal`;
/*!40101 SET @saved_cs_client     = @@character_set_client */;
/*!50503 SET character_set_client = utf8mb4 */;
CREATE TABLE `oss_journal` (
  `id` bigint NOT NULL AUTO_INCREMENT,
  `title` varchar(255) NOT NULL,
  PRIMARY KEY (`id`)
) ENGINE=InnoDB AUTO_INCREMENT=8 DEFAULT CHARSET=utf8mb4 COLLATE=utf8mb4_0900_ai_ci;
/*!40101 SET character_set_client = @saved_cs_client */;

--
-- Dumping data for table `oss_journal`
--

LOCK TABLES `oss_journal` WRITE;
/*!40000 ALTER TABLE `oss_journal` DISABLE KEYS */;
INSERT INTO `oss_journal` VALUES (1,'JECE'),(2,'JCS'),(3,'JME');
/*!40000 ALTER TABLE `oss_journal` ENABLE KEYS */;
UNLOCK TABLES;

--
-- Table structure for table `oss_journal_editor_assignment`
--

DROP TABLE IF EXISTS `oss_journal_editor_assignment`;
/*!40101 SET @saved_cs_client     = @@character_set_client */;
/*!50503 SET character_set_client = utf8mb4 */;
CREATE TABLE `oss_journal_editor_assignment` (
  `id` bigint NOT NULL AUTO_INCREMENT,
  `assigned_date` date NOT NULL,
  `editor_id` bigint NOT NULL,
  `journal_id` bigint NOT NULL,
  PRIMARY KEY (`id`),
  KEY `oss_journal_editor_a_editor_id_e530fbcf_fk_account_e` (`editor_id`),
  KEY `oss_journal_editor_a_journal_id_607a9558_fk_oss_journ` (`journal_id`),
  CONSTRAINT `oss_journal_editor_a_editor_id_e530fbcf_fk_account_e` FOREIGN KEY (`editor_id`) REFERENCES `account_editor` (`id`),
  CONSTRAINT `oss_journal_editor_a_journal_id_607a9558_fk_oss_journ` FOREIGN KEY (`journal_id`) REFERENCES `oss_journal` (`id`)
) ENGINE=InnoDB AUTO_INCREMENT=33 DEFAULT CHARSET=utf8mb4 COLLATE=utf8mb4_0900_ai_ci;
/*!40101 SET character_set_client = @saved_cs_client */;

--
-- Dumping data for table `oss_journal_editor_assignment`
--

LOCK TABLES `oss_journal_editor_assignment` WRITE;
/*!40000 ALTER TABLE `oss_journal_editor_assignment` DISABLE KEYS */;
INSERT INTO `oss_journal_editor_assignment` VALUES (23,'2025-07-02',8,2),(27,'2025-07-10',3,3),(28,'2025-07-10',15,3),(30,'2025-07-10',1,1),(31,'2025-07-10',12,2),(32,'2025-07-10',2,2);
/*!40000 ALTER TABLE `oss_journal_editor_assignment` ENABLE KEYS */;
UNLOCK TABLES;

--
-- Table structure for table `oss_keyword`
--

DROP TABLE IF EXISTS `oss_keyword`;
/*!40101 SET @saved_cs_client     = @@character_set_client */;
/*!50503 SET character_set_client = utf8mb4 */;
CREATE TABLE `oss_keyword` (
  `id` bigint NOT NULL AUTO_INCREMENT,
  `keyword` varchar(225) NOT NULL,
  `submission_id` bigint NOT NULL,
  PRIMARY KEY (`id`),
  KEY `oss_keyword_submission_id_5dd43ff1_fk_oss_submission_id` (`submission_id`),
  CONSTRAINT `oss_keyword_submission_id_5dd43ff1_fk_oss_submission_id` FOREIGN KEY (`submission_id`) REFERENCES `oss_submission` (`id`)
) ENGINE=InnoDB AUTO_INCREMENT=52 DEFAULT CHARSET=utf8mb4 COLLATE=utf8mb4_0900_ai_ci;
/*!40101 SET character_set_client = @saved_cs_client */;

--
-- Dumping data for table `oss_keyword`
--

LOCK TABLES `oss_keyword` WRITE;
/*!40000 ALTER TABLE `oss_keyword` DISABLE KEYS */;
INSERT INTO `oss_keyword` VALUES (4,'wefwesg',21),(5,'Digital marketing agency',27),(9,'adsa',30),(10,'gfhfjjhgghj',32),(11,'hghdh',33),(12,'vgn',34),(13,'ujjlhfv',36),(14,'dgfh',28),(15,'SLFD',25),(16,'SFII',29),(17,'jhf',30),(19,'euh',31),(20,'sedgv',35),(24,'ggfgggfg',53),(25,'yjsyjsr',56),(28,'Ai',60),(30,'Employee ',59),(31,'Employee ',59),(32,'dzsfghxf',59),(33,'gfhxfgh',59),(34,'fghxfgh',59),(36,'Adolescent Mental ',63),(37,' Meta-Analysis',63),(38,'Mental Health',63),(39,'Social Media ',63),(40,'Influence of Social Media ',63),(42,'Global Film Industry',58),(43,'Streaming Services',58),(44,'The Impact of Streaming Services',58),(45,' Film Industry',58),(46,'Streaming Services on the Global ',58),(47,'Soil Health',64),(48,'Effects on Soil Health',64),(49,'Sustainable Agriculture Practices ',64),(50,'Agriculture Practices',64),(51,'Sustainable Agriculture',64);
/*!40000 ALTER TABLE `oss_keyword` ENABLE KEYS */;
UNLOCK TABLES;

--
-- Table structure for table `oss_request_status`
--

DROP TABLE IF EXISTS `oss_request_status`;
/*!40101 SET @saved_cs_client     = @@character_set_client */;
/*!50503 SET character_set_client = utf8mb4 */;
CREATE TABLE `oss_request_status` (
  `id` bigint NOT NULL AUTO_INCREMENT,
  `request_status` varchar(50) NOT NULL,
  PRIMARY KEY (`id`)
) ENGINE=InnoDB AUTO_INCREMENT=5 DEFAULT CHARSET=utf8mb4 COLLATE=utf8mb4_0900_ai_ci;
/*!40101 SET character_set_client = @saved_cs_client */;

--
-- Dumping data for table `oss_request_status`
--

LOCK TABLES `oss_request_status` WRITE;
/*!40000 ALTER TABLE `oss_request_status` DISABLE KEYS */;
INSERT INTO `oss_request_status` VALUES (3,'Assigned'),(4,'Submitted');
/*!40000 ALTER TABLE `oss_request_status` ENABLE KEYS */;
UNLOCK TABLES;

--
-- Table structure for table `oss_reviewer_invitation`
--

DROP TABLE IF EXISTS `oss_reviewer_invitation`;
/*!40101 SET @saved_cs_client     = @@character_set_client */;
/*!50503 SET character_set_client = utf8mb4 */;
CREATE TABLE `oss_reviewer_invitation` (
  `id` bigint NOT NULL AUTO_INCREMENT,
  `invite_status` varchar(10) NOT NULL,
  `date` date NOT NULL,
  `expiring_date` date NOT NULL,
  `submission_id` bigint NOT NULL,
  `user_id` int NOT NULL,
  `invite_by_id` int DEFAULT NULL,
  PRIMARY KEY (`id`),
  KEY `oss_reviewer_invitat_submission_id_c5de5ac4_fk_oss_submi` (`submission_id`),
  KEY `oss_reviewer_invitation_user_id_71aa8b48_fk_auth_user_id` (`user_id`),
  KEY `oss_reviewer_invitation_invite_by_id_1a730c48_fk_auth_user_id` (`invite_by_id`),
  CONSTRAINT `oss_reviewer_invitat_submission_id_c5de5ac4_fk_oss_submi` FOREIGN KEY (`submission_id`) REFERENCES `oss_submission` (`id`),
  CONSTRAINT `oss_reviewer_invitation_invite_by_id_1a730c48_fk_auth_user_id` FOREIGN KEY (`invite_by_id`) REFERENCES `auth_user` (`id`),
  CONSTRAINT `oss_reviewer_invitation_user_id_71aa8b48_fk_auth_user_id` FOREIGN KEY (`user_id`) REFERENCES `auth_user` (`id`)
) ENGINE=InnoDB AUTO_INCREMENT=60 DEFAULT CHARSET=utf8mb4 COLLATE=utf8mb4_0900_ai_ci;
/*!40101 SET character_set_client = @saved_cs_client */;

--
-- Dumping data for table `oss_reviewer_invitation`
--

LOCK TABLES `oss_reviewer_invitation` WRITE;
/*!40000 ALTER TABLE `oss_reviewer_invitation` DISABLE KEYS */;
INSERT INTO `oss_reviewer_invitation` VALUES (1,'A','2024-07-26','2024-08-02',4,10,NULL),(2,'A','2024-07-27','2024-08-03',6,10,NULL),(3,'A','2024-07-31','2024-08-07',15,10,NULL),(4,'A','2024-07-31','2024-08-07',2,10,NULL),(5,'A','2024-07-31','2024-08-07',17,10,NULL),(7,'A','2024-07-31','2024-08-07',19,10,NULL),(8,'A','2024-07-31','2024-08-07',20,10,NULL),(10,'A','2024-08-01','2024-08-15',18,10,NULL),(13,'A','2024-08-01','2024-08-15',21,10,NULL),(19,'A','2024-08-02','2024-08-16',14,10,NULL),(20,'A','2024-08-05','2024-08-19',22,11,NULL),(21,'A','2024-08-05','2024-08-19',22,12,NULL),(22,'A','2024-08-06','2024-08-20',16,11,NULL),(23,'A','2024-08-06','2024-08-20',16,12,NULL),(25,'A','2024-08-08','2024-08-22',27,10,NULL),(42,'R','2024-08-09','2024-08-23',32,10,NULL),(43,'A','2024-08-09','2024-08-23',33,10,NULL),(44,'A','2024-08-14','2024-08-28',29,10,NULL),(45,'A','2024-09-26','2024-10-10',5,10,NULL),(46,'A','2024-11-07','2024-11-21',30,10,NULL),(47,'A','2024-11-11','2024-11-25',31,10,NULL),(52,'A','2025-06-17','2025-07-01',13,10,NULL),(53,'R','2025-06-17','2025-07-01',13,43,NULL),(54,'A','2025-06-18','2025-07-02',56,10,NULL),(55,'A','2025-06-18','2025-07-02',60,10,NULL),(56,'R','2025-07-09','2025-07-23',1,10,9),(58,'A','2025-07-10','2025-07-24',58,10,9),(59,'R','2025-07-10','2025-07-24',64,12,8);
/*!40000 ALTER TABLE `oss_reviewer_invitation` ENABLE KEYS */;
UNLOCK TABLES;

--
-- Table structure for table `oss_reviewer_specialization`
--

DROP TABLE IF EXISTS `oss_reviewer_specialization`;
/*!40101 SET @saved_cs_client     = @@character_set_client */;
/*!50503 SET character_set_client = utf8mb4 */;
CREATE TABLE `oss_reviewer_specialization` (
  `id` bigint NOT NULL AUTO_INCREMENT,
  `reviewer_id` int NOT NULL,
  `specialization_id` bigint NOT NULL,
  PRIMARY KEY (`id`),
  KEY `oss_reviewer_special_reviewer_id_a76b29fa_fk_account_a` (`reviewer_id`),
  KEY `oss_reviewer_special_specialization_id_279f8165_fk_oss_speci` (`specialization_id`),
  CONSTRAINT `oss_reviewer_special_specialization_id_279f8165_fk_oss_speci` FOREIGN KEY (`specialization_id`) REFERENCES `oss_specialization` (`id`),
  CONSTRAINT `oss_reviewer_specialization_reviewer_id_a76b29fa_fk_auth_user_id` FOREIGN KEY (`reviewer_id`) REFERENCES `auth_user` (`id`)
) ENGINE=InnoDB AUTO_INCREMENT=32 DEFAULT CHARSET=utf8mb4 COLLATE=utf8mb4_0900_ai_ci;
/*!40101 SET character_set_client = @saved_cs_client */;

--
-- Dumping data for table `oss_reviewer_specialization`
--

LOCK TABLES `oss_reviewer_specialization` WRITE;
/*!40000 ALTER TABLE `oss_reviewer_specialization` DISABLE KEYS */;
INSERT INTO `oss_reviewer_specialization` VALUES (6,6,1),(7,10,1),(8,15,3),(12,12,3),(13,43,1),(14,11,8),(29,18,8);
/*!40000 ALTER TABLE `oss_reviewer_specialization` ENABLE KEYS */;
UNLOCK TABLES;

--
-- Table structure for table `oss_specialization`
--

DROP TABLE IF EXISTS `oss_specialization`;
/*!40101 SET @saved_cs_client     = @@character_set_client */;
/*!50503 SET character_set_client = utf8mb4 */;
CREATE TABLE `oss_specialization` (
  `id` bigint NOT NULL AUTO_INCREMENT,
  `specialization` varchar(50) NOT NULL,
  PRIMARY KEY (`id`)
) ENGINE=InnoDB AUTO_INCREMENT=11 DEFAULT CHARSET=utf8mb4 COLLATE=utf8mb4_0900_ai_ci;
/*!40101 SET character_set_client = @saved_cs_client */;

--
-- Dumping data for table `oss_specialization`
--

LOCK TABLES `oss_specialization` WRITE;
/*!40000 ALTER TABLE `oss_specialization` DISABLE KEYS */;
INSERT INTO `oss_specialization` VALUES (1,'Machine Learning'),(2,'Data Science / Big Data'),(3,'Policy and Social Impact Analyst'),(4,'Educational Research'),(8,'Case Study / Field Research');
/*!40000 ALTER TABLE `oss_specialization` ENABLE KEYS */;
UNLOCK TABLES;

--
-- Table structure for table `oss_submission`
--

DROP TABLE IF EXISTS `oss_submission`;
/*!40101 SET @saved_cs_client     = @@character_set_client */;
/*!50503 SET character_set_client = utf8mb4 */;
CREATE TABLE `oss_submission` (
  `id` bigint NOT NULL AUTO_INCREMENT,
  `title` varchar(255) DEFAULT NULL,
  `manuscript_id` varchar(255) DEFAULT NULL,
  `abstract` longtext,
  `is_funded` tinyint(1) DEFAULT NULL,
  `no_of_figures` int DEFAULT NULL,
  `no_of_tables` int DEFAULT NULL,
  `no_of_words` int DEFAULT NULL,
  `is_submitted_already` tinyint(1) DEFAULT NULL,
  `acknowledgement_1` tinyint(1) NOT NULL,
  `acknowledgement_2` tinyint(1) NOT NULL,
  `acknowledgement_3` tinyint(1) NOT NULL,
  `conflict_of_interest` tinyint(1) DEFAULT NULL,
  `coi_describe` longtext,
  `is_verified` tinyint(1) NOT NULL,
  `cover_letter` longtext,
  `submitted_on` date DEFAULT NULL,
  `decissioned_on` date DEFAULT NULL,
  `is_decissioned` tinyint(1) NOT NULL,
  `final_file` varchar(100) DEFAULT NULL,
  `admin_comments` longtext,
  `payment_date` date DEFAULT NULL,
  `payment_due_date` date DEFAULT NULL,
  `article_status_id` bigint DEFAULT NULL,
  `article_type_id` bigint DEFAULT NULL,
  `author_id` bigint DEFAULT NULL,
  `category_id` bigint DEFAULT NULL,
  `decision_id` bigint DEFAULT NULL,
  `decision_by_id` int DEFAULT NULL,
  `journal_id` bigint DEFAULT NULL,
  `parent_submission_id` bigint DEFAULT NULL,
  `revision_due_date` date DEFAULT NULL,
  `typeset_due_date` date DEFAULT NULL,
  `correction_due_date` date DEFAULT NULL,
  `additional_file` varchar(100) DEFAULT NULL,
  `copyright_file` varchar(100) DEFAULT NULL,
  `plag_report` varchar(100) DEFAULT NULL,
  `specialization_id` bigint DEFAULT NULL,
  PRIMARY KEY (`id`),
  KEY `oss_submission_article_status_id_a66608ac_fk_oss_artic` (`article_status_id`),
  KEY `oss_submission_article_type_id_a677e640_fk_oss_article_type_id` (`article_type_id`),
  KEY `oss_submission_author_id_87466d52_fk_auth_user_id` (`author_id`),
  KEY `oss_submission_category_id_830bc585_fk_oss_category_id` (`category_id`),
  KEY `oss_submission_decision_id_aed43b95_fk_oss_decision_id` (`decision_id`),
  KEY `oss_submission_decision_by_id_4211cd5e_fk_auth_user_id` (`decision_by_id`),
  KEY `oss_submission_journal_id_a2d86206_fk_oss_journal_id` (`journal_id`),
  KEY `oss_submission_parent_submission_id_5b194d33_fk_oss_submi` (`parent_submission_id`),
  KEY `oss_submission_specialization_id_a9de392d_fk_oss_speci` (`specialization_id`),
  CONSTRAINT `oss_submission_article_status_id_a66608ac_fk_oss_artic` FOREIGN KEY (`article_status_id`) REFERENCES `oss_article_status` (`id`),
  CONSTRAINT `oss_submission_article_type_id_a677e640_fk_oss_article_type_id` FOREIGN KEY (`article_type_id`) REFERENCES `oss_article_type` (`id`),
  CONSTRAINT `oss_submission_category_id_830bc585_fk_oss_category_id` FOREIGN KEY (`category_id`) REFERENCES `oss_category` (`id`),
  CONSTRAINT `oss_submission_decision_by_id_4211cd5e_fk_auth_user_id` FOREIGN KEY (`decision_by_id`) REFERENCES `auth_user` (`id`),
  CONSTRAINT `oss_submission_decision_id_aed43b95_fk_oss_decision_id` FOREIGN KEY (`decision_id`) REFERENCES `oss_decision` (`id`),
  CONSTRAINT `oss_submission_journal_id_a2d86206_fk_oss_journal_id` FOREIGN KEY (`journal_id`) REFERENCES `oss_journal` (`id`),
  CONSTRAINT `oss_submission_parent_submission_id_5b194d33_fk_oss_submi` FOREIGN KEY (`parent_submission_id`) REFERENCES `oss_submission` (`id`),
  CONSTRAINT `oss_submission_specialization_id_a9de392d_fk_oss_speci` FOREIGN KEY (`specialization_id`) REFERENCES `oss_specialization` (`id`)
) ENGINE=InnoDB AUTO_INCREMENT=65 DEFAULT CHARSET=utf8mb4 COLLATE=utf8mb4_0900_ai_ci;
/*!40101 SET character_set_client = @saved_cs_client */;

--
-- Dumping data for table `oss_submission`
--

LOCK TABLES `oss_submission` WRITE;
/*!40000 ALTER TABLE `oss_submission` DISABLE KEYS */;
INSERT INTO `oss_submission` VALUES (1,'Human impact of bio-diversity','JCM-2024-1-1','Human impact of bio-diversity',0,NULL,NULL,NULL,0,0,0,0,0,'jyujujyukj',0,'jujyukjyukj','2024-07-26','2024-11-18',0,'submissions/merged_submission_137_fOa22l3.pdf','Thank you for your submission; however, we regret to inform you that it was not selected','2024-07-26','2024-07-26',3,1,6,2,2,7,1,NULL,NULL,NULL,NULL,'','','submissions/crm.pdf',1),(2,'The human AI','JCM-2024-1-2','The human AI',0,NULL,NULL,NULL,0,0,0,0,0,'hjhgjygj',0,'jhgjy','2024-07-26','2024-07-31',1,'submissions/merged_submission_137_fOa22l3.pdf','AE Comments:\r Acceptable\r \r Reviewers Comments:\r After careful consideration, we are unable to accept your proposal at this time.','2024-07-26','2024-08-21',12,2,4,2,1,9,1,NULL,NULL,NULL,NULL,'','','submissions/crm.pdf',3),(3,'Integrating AI in the Paper Submission and Review Process','IJAM-2024-9-2','Integrating AI in the Paper Submission and Review Process',0,NULL,NULL,NULL,0,0,0,0,0,'jyjyujyujyu',0,'hyjytjyj','2024-07-26','2024-11-12',0,'submissions/merged_submission_137_fOa22l3.pdf','We appreciate your interest but have decided to move forward with other candidates.','2024-07-26','2024-07-26',18,2,3,2,2,7,3,NULL,NULL,NULL,NULL,'','','submissions/crm.pdf',1),(4,'Fiction Science','IJAM-2024-9-3','Fiction Science',0,NULL,NULL,NULL,0,0,0,0,0,'ikuikuikluikl',0,'kiuilui','2024-07-26','2024-07-26',1,'submissions/merged_submission_137_fOa22l3.pdf','After careful consideration, we are unable to accept your proposal at this time.','2024-07-26','2024-07-26',4,2,2,1,1,7,3,NULL,NULL,'2024-08-09',NULL,'','','submissions/crm.pdf',8),(5,'Developing a Secure Online Platform for Research Paper Submissions','JCS-2024-5-1','Developing a Secure Online Platform for Research Paper Submissions',0,NULL,NULL,NULL,0,0,0,0,0,'kuuk',0,'','2025-01-01','2025-01-30',1,'submissions/merged_submission_137_fOa22l3.pdf','\r \r AE Comments:\r seri\r \r \r \r Reviewers Comments:\r \r \rUnfortunately, your application does not meet our current requirements.','2024-07-26','2025-03-18',1,2,16,2,1,21,2,NULL,'2025-03-25',NULL,NULL,'','','submissions/crm.pdf',1),(6,'Wireless notice board','JCS-2024-5-2','Wireless notice board',0,NULL,NULL,NULL,0,0,0,0,0,'',0,'','2024-07-26','2024-07-27',1,'submissions/merged_submission_137_fOa22l3.pdf','We received many strong applications, and yours was not among those selected.','2024-07-26','2024-07-26',1,2,1,2,1,9,2,NULL,NULL,NULL,NULL,'','','submissions/crm.pdf',1),(7,'Online Paper Submission System for Academic Conferences','JCM-2024-1-3','Online Paper Submission System for Academic Conferences',NULL,NULL,NULL,NULL,NULL,0,0,0,NULL,'',0,'','2024-07-29','2024-07-29',0,'submissions/merged_submission_137_fOa22l3.pdf','','2024-07-29','2024-07-29',4,1,2,2,NULL,9,1,NULL,NULL,NULL,NULL,'','','submissions/crm.pdf',3),(8,'Automated Submission and Review System for Research Papers','JCM-2024-1-4','Automated Submission and Review System for Research Papers',NULL,NULL,NULL,NULL,NULL,0,0,0,NULL,'',0,'','2024-07-29','2024-08-03',0,'submissions/merged_submission_137_fOa22l3.pdf','','2024-07-29','2024-07-29',19,2,3,NULL,1,7,1,NULL,NULL,'2024-08-19','2024-08-10','','','submissions/crm.pdf',1),(9,'Innovations in Academic Paper Submission Workflows','JCS-2024-5-3','Innovations in Academic Paper Submission Workflows',NULL,NULL,NULL,NULL,NULL,0,0,0,NULL,'',0,'','2024-07-29','2024-07-29',0,'submissions/merged_submission_137_fOa22l3.pdf','','2024-07-29','2024-07-29',4,2,13,NULL,NULL,9,2,NULL,NULL,NULL,NULL,'','','submissions/crm.pdf',3),(10,'Optimizing Submission Management for Scientific Journals','JCS-2024-5-4','Optimizing Submission Management for Scientific Journals',NULL,NULL,NULL,NULL,NULL,0,0,0,NULL,'',0,'','2024-07-29','2024-07-29',0,'submissions/merged_submission_137_fOa22l3.pdf','','2024-07-29','2024-07-29',19,NULL,15,NULL,NULL,9,2,NULL,NULL,NULL,NULL,'','','submissions/crm.pdf',3),(11,'Enhancing Author Experience with Automated Submission Portals','JCS-2024-5-5','Enhancing Author Experience with Automated Submission Portals',NULL,NULL,NULL,NULL,NULL,0,0,0,NULL,'',0,'','2024-07-29','2024-07-29',0,'submissions/merged_submission_137_fOa22l3.pdf','','2024-07-29','2024-07-29',19,NULL,5,NULL,NULL,9,2,NULL,NULL,'2024-11-13',NULL,'','','submissions/crm.pdf',1),(12,'Submit, Review, Publish: The Future of Academic Research','IJAM-2024-9-4','Submit, Review, Publish: The Future of Academic Research',NULL,NULL,NULL,NULL,NULL,0,0,0,NULL,'',0,'','2024-07-29','2024-07-29',0,'submissions/merged_submission_137_fOa22l3.pdf','','2024-07-29','2024-07-29',4,NULL,10,NULL,1,15,3,NULL,NULL,NULL,NULL,'','','submissions/crm.pdf',1),(13,'Blockchain Technology: Enhancing Security and Transparency in Digital Transactions','JCS-2024-5-6','Phishing attacks, which frequently take advantage of user trust and ignorance, remain a\r\nleading source of cyberthreats. Even though machine learning algorithms have demonstrated\r\npromise in identifying phishing emails, consumer confidence and transparency are limited by\r\ntheir black-box nature. This work introduces an explainable AI (XAI) framework for\r\nphishing detection that combines counterfactual explanations with a refined BERT model.\r\nEmails are classified as either authentic or phishing by the algorithm, and the explanation\r\ncomponent identifies the fewest adjustments needed to reverse the categorization. Our\r\nmethod reduced user error in threat assessment by achieving 94.2% accuracy on benchmark\r\ndatasets and greatly enhancing human interpretability. The suggested solution increases\r\nphishing awareness and builds confidence in automated cybersecurity technologies by\r\nenabling users to comprehend model judgments.\r\nKey terms: Phishing Attacks, Cyberthreats, Machine Learning, Explainable AI,BERT model',NULL,NULL,NULL,NULL,NULL,0,0,0,NULL,'',0,'','2024-07-31','2024-08-08',0,'submissions/merged_submission_137_fOa22l3.pdf','',NULL,NULL,3,2,1,2,NULL,7,2,NULL,NULL,NULL,NULL,'','','submissions/crm.pdf',1),(14,'Robotics in Manufacturing: Enhancing Efficiency and Precision','JCS-2024-5-7','Robotics in Manufacturing: Enhancing Efficiency and Precision',NULL,67,34,67549,0,0,1,0,0,'-',0,'Robotics in Manufacturing: Enhancing Efficiency and Precision','2024-07-31','2024-11-18',0,'submissions/merged_submission_137_fOa22l3.pdf','We received many strong applications, and yours was not among those selected.',NULL,NULL,18,2,4,1,2,8,2,NULL,'2024-08-26',NULL,NULL,'','','submissions/crm.pdf',3),(15,'Smart Cities: Integrating Technology for Sustainable Urban Living','JCS-2024-5-8','Smart Cities: Integrating Technology for Sustainable Urban Living',1,56,43,678987,NULL,0,1,0,0,'-',0,'','2024-07-31','2024-07-31',1,'submissions/merged_submission_137_fOa22l3.pdf','AE Comments:We have chosen to proceed with other applicants who more closely match the criteria.\r \r Reviewers Comments: Thank you for your effort; however, we will not be moving forward with your submission.','2024-07-31','2024-07-31',19,1,15,1,1,7,2,NULL,NULL,NULL,NULL,'','','submissions/crm.pdf',1),(16,'Advancements in Renewable Energy Technologies: A Review','IJAM-2024-9-5','Advancements in Renewable Energy Technologies: A Review',NULL,45,673423,NULL,NULL,0,1,0,NULL,'',0,'','2024-07-31','2024-08-06',0,'submissions/merged_submission_137_fOa22l3.pdf','',NULL,NULL,12,2,13,2,NULL,12,3,NULL,'2024-08-20',NULL,NULL,'','','submissions/crm.pdf',8),(17,'Integrating Technology in Education: Enhancing Learning Experiences','JCM-2024-1-5','Integrating Technology in Education: Enhancing Learning Experiences',NULL,67,24,89978,NULL,0,0,0,NULL,'',0,'','2024-07-31','2024-07-31',0,'submissions/merged_submission_137_fOa22l3.pdf','',NULL,NULL,2,2,7,2,NULL,10,1,NULL,NULL,NULL,NULL,'','','submissions/crm.pdf',1),(18,'Economic Inequality: Causes, Consequences, and Policy Solutions','JCS-2024-5-9','Economic Inequality: Causes, Consequences, and Policy Solutions',NULL,56,23,67788,NULL,0,0,0,NULL,'',0,'','2024-07-31','2024-08-01',0,'submissions/merged_submission_137_fOa22l3.pdf','',NULL,NULL,2,1,3,3,NULL,10,2,NULL,NULL,NULL,NULL,'','','submissions/crm.pdf',3),(19,'The Role of Renewable Energy in Reducing Carbon Footprints','JCS-2024-5-11','The Role of Renewable Energy in Reducing Carbon Footprints',NULL,234,45,8799,NULL,0,1,0,NULL,'',0,'','2024-07-31','2024-07-31',1,'submissions/merged_submission_137_fOa22l3.pdf','some corrections\r\n\r\nAE Comments:\r\nok to accept\r\n\r\nReviewers Comments:\r\ni Accepted\r\n\r\nAE Comments:\r\nok to accept\r\n\r\nReviewers Comments:\r\ni Accepted',NULL,NULL,17,2,10,2,1,9,2,NULL,NULL,'2025-07-23',NULL,'','','submissions/crm.pdf',1),(20,'Cultural Diversity in the Workplace: Challenges and Opportunities','IJAM-2024-9-6','Cultural Diversity in the Workplace: Challenges and Opportunities',NULL,43,56,58689,NULL,0,0,0,NULL,'',0,'','2024-07-31','2024-07-31',1,'submissions/merged_submission_137_fOa22l3.pdf','okkk\r\n\r\nAE Comments:\r\nokk\r\n\r\nReviewers Comments:\r\nok\r\n\r\nAE Comments:\r\nokk\r\n\r\nReviewers Comments:\r\nok','2024-07-31','2024-07-31',4,2,4,1,1,9,3,NULL,NULL,'2024-08-10','2024-08-07','','','submissions/crm.pdf',1),(21,'The Role of Quantum Computing in Modern Cryptography','JCS-2024-5-12','The Role of Quantum Computing in Modern Cryptography',0,789,789,789,0,1,1,1,0,'yuasvdugvfgv',0,'asddaedas','2024-08-01','2024-08-02',1,'submissions/merged_submission_137_fOa22l3.pdf','AE Comments:\r\n\r\nbfchxfgjxfnnbxfnx\r\nReviewers Comments:\r\nfjfhjjhgjjjjj\r\n\r\nAE Comments:\r\nbfchxfgjxfnnbxfnx\r\nReviewers Comments:\r\nfjfhjjhgjjjjj','2024-08-02','2024-08-09',19,2,6,2,1,7,2,NULL,'2024-08-08','2024-08-09','2024-08-09','','','submissions/crm.pdf',1),(22,'Nanotechnology in Medicine: Innovations and Ethical Considerations','JCS-2024-5-13','Nanotechnology in Medicine: Innovations and Ethical Considerations',NULL,NULL,NULL,NULL,NULL,0,0,0,NULL,'',0,'','2024-08-05','2024-08-05',0,'submissions/merged_submission_137_fOa22l3.pdf','',NULL,NULL,7,1,10,2,NULL,11,2,NULL,'2024-08-20',NULL,NULL,'','','submissions/crm.pdf',3),(23,'Ethical Considerations in AI-Driven Healthcare Solutions: Balancing Innovation and Responsibility','JCM-2024-1-6','Ethical Considerations in AI-Driven Healthcare Solutions: Balancing Innovation and Responsibility',NULL,NULL,NULL,NULL,NULL,0,0,0,NULL,'',0,'','2024-08-05','2024-08-05',0,'submissions/merged_submission_137_fOa22l3.pdf','',NULL,NULL,3,1,3,2,NULL,7,1,NULL,NULL,NULL,NULL,'','','submissions/crm.pdf',3),(24,'Artificial Intelligence in Healthcare: Opportunities and Ethical Dilemmas','JCS-2024-5-14','Artificial Intelligence in Healthcare: Opportunities and Ethical Dilemmas',NULL,NULL,NULL,NULL,NULL,0,0,0,NULL,'',0,'','2024-08-06','2024-08-06',0,'submissions/merged_submission_137_fOa22l3.pdf','',NULL,NULL,16,NULL,3,NULL,NULL,9,2,NULL,'2024-08-05',NULL,NULL,'','','submissions/crm.pdf',1),(25,'Renewable Energy Innovations: A Comparative Study of Solar and Wind Power Efficiency','JCM-2024-1-7','Street light fault detection',0,45,45,4355,0,0,1,0,0,'',0,'cover','2024-08-06','2024-08-06',0,'submissions/merged_submission_137_fOa22l3.pdf','',NULL,NULL,19,1,17,2,NULL,NULL,1,NULL,NULL,'2024-09-13',NULL,'','','submissions/crm.pdf',3),(26,'The Impact of Microplastics on Marine Ecosystems','JCM-2024-1-8','The Impact of Microplastics on Marine Ecosystems',NULL,NULL,NULL,NULL,NULL,0,0,0,NULL,'',0,'','2024-08-06','2024-08-07',0,'submissions/merged_submission_137_fOa22l3.pdf','After review, your proposal was not deemed suitable for our current needs.',NULL,NULL,18,1,2,2,NULL,8,1,NULL,NULL,NULL,NULL,'','','submissions/crm.pdf',8),(27,'Climate Change Mitigation: Strategies and Solutions','JCM-2003-32-1','Climate Change Mitigation: Strategies and Solutions',1,76,97,98690,0,0,1,0,0,'Descripe',0,'cover','2024-08-07','2024-11-18',0,'submissions/merged_submission_137_fOa22l3.pdf','The selection committee has decided not to accept your application.',NULL,NULL,18,1,2,1,2,8,2,NULL,'2024-08-22',NULL,NULL,'','','submissions/crm.pdf',1),(28,'CRISPR Gene Editing: Potential and Perils in Human Medicine','JCM-2003-32-3','CRISPR Gene Editing: Potential and Perils in Human Medicine',0,63,65,3265,0,1,0,0,0,'',0,'yjfjn','2024-08-08','2024-08-14',0,'submissions/merged_submission_137_fOa22l3.pdf','Your manuscript has been reviewed but will not be published in this issue.',NULL,NULL,18,1,5,2,2,7,1,NULL,NULL,NULL,NULL,'','','submissions/crm.pdf',3),(29,'Cybersecurity in the Age of IoT: Threats and Mitigation Strategies','JCS-2013-132-12','safety system',0,45,435,654367,0,0,1,0,0,'',0,'cover','2024-08-08','2024-08-14',1,'submissions/merged_submission_137_fOa22l3.pdf','AE Comments:\r\nyou okoko\r\n\r\n\r\n\r\nReviewers Comments:\r\n\r\n\r\n\r\nokokoko',NULL,'2024-08-21',19,1,3,2,1,7,2,NULL,'2024-08-28','2024-08-21','2024-08-21','','','submissions/crm.pdf',1),(30,'Blockchain Beyond Cryptocurrency: Use Cases in Supply Chain Management','JCS-2013-132-3','Blockchain Beyond Cryptocurrency: Use Cases in Supply Chain Management',0,0,0,0,1,0,0,0,0,'',0,'cover','2024-08-08','2024-11-07',1,'submissions/merged_submission_137_fOa22l3.pdf','AE Comments:\r\nReviewers Comments:\r\n\r\n\r\n\r\nok sir&nbsp;\r\n\r\n\r\n\r\nOK for me','2024-11-07','2024-11-14',19,3,7,1,1,7,2,NULL,'2024-11-21','2024-11-14','2024-11-14','','','submissions/crm.pdf',3),(31,'Deep Learning Techniques for Image Recognition: A Performance Analysis','JCS-2013-132-1','Deep Learning Techniques for Image Recognition: A Performance Analysis',0,0,0,3645,0,0,0,0,0,'',0,'fj','2025-01-01','2025-01-30',0,'submissions/merged_submission_137_fOa22l3.pdf','',NULL,NULL,2,3,2,2,NULL,10,2,NULL,'2024-11-25',NULL,NULL,'','','submissions/crm.pdf',3),(32,'The Future of Human-Computer Interaction: From Touchscreens to Neural Interfaces','JCM-2003-32-2','Night at the museum',1,45,23,56456,0,0,1,0,0,'',0,'cover','2024-08-09','2025-06-19',1,'submissions/merged_submission_137_fOa22l3.pdf','AE Comments:\r\nme also\r\n\r\n\r\n\r\n&nbsp;\r\n\r\n\r\n\r\nReviewers Comments:\r\n\r\n\r\n\r\nok for me','2024-08-09','2024-08-16',19,2,12,1,1,7,1,NULL,'2024-08-02','2025-07-02','2025-06-26','','','submissions/crm.pdf',3),(33,'Cloud Computing in Education: A Review of Platforms and Practices','JCS-2013-132-2','Cloud Computing in Education: A Review of Platforms and Practices',0,34,45,654645,0,0,1,0,0,'',0,'cover','2024-08-09','2024-08-09',1,'submissions/merged_submission_137_fOa22l3.pdf','AE Comments:\r\n&nbsp;\r\n\r\n\r\n\r\nno think\r\n\r\n\r\n\r\n&nbsp;\r\n\r\n\r\n\r\nReviewers Comments:\r\n\r\n\r\n\r\nok i think',NULL,NULL,12,2,2,2,4,21,2,NULL,'2024-08-28',NULL,NULL,'','','submissions/crm.pdf',1),(34,'The Influence of Social Media on Youth Mental Health\n\n','IJAM-2023-232-2','The Future of Human-Computer Interaction: From Touchscreens to Neural Interfaces',0,564,54,435,0,0,1,0,0,'',0,'cover','2024-08-10','2024-08-12',0,'submissions/merged_submission_137_fOa22l3.pdf','Unfortunately, we must decline your request at this time.\n\n',NULL,NULL,18,1,13,2,2,7,3,NULL,NULL,NULL,NULL,'','','submissions/crm.pdf',1),(35,'Cultural Identity in the Age of Globalization: A Sociological Perspective','IJAM-2023-232-3','Cultural Identity in the Age of Globalization: A Sociological Perspective',0,NULL,NULL,NULL,0,0,0,0,0,'',0,'cover','2024-08-10','2024-08-10',0,'submissions/merged_submission_137_fOa22l3.pdf',NULL,NULL,NULL,20,3,13,2,NULL,NULL,2,NULL,NULL,NULL,NULL,'','','submissions/crm.pdf',3),(36,'Fake News and Public Opinion: The Role of Media Literacy','JCS-2013-132-2','Fake News and Public Opinion: The Role of Media Literacy',0,6435,6435,645,0,0,1,0,0,'',0,'cover','2024-08-12','2024-08-14',0,'submissions/merged_submission_137_fOa22l3.pdf','Thank you for your submission; however, we regret to inform you that it was not selected',NULL,NULL,6,1,1,2,2,7,2,NULL,NULL,NULL,NULL,'','','submissions/crm.pdf',8),(38,'Gender Roles in Contemporary Advertising: A Content Analysis','JCS-2024-10-1','Gender Roles in Contemporary Advertising: A Content Analysis',NULL,NULL,NULL,NULL,NULL,0,0,0,NULL,NULL,0,NULL,'2024-10-18','2024-10-18',0,'submissions/merged_submission_137_fOa22l3.pdf',NULL,NULL,NULL,1,2,5,1,NULL,NULL,2,NULL,NULL,NULL,NULL,'','','submissions/crm.pdf',8),(39,'Migration and Urbanization: Challenges for Sustainable Development','JCS-2024-11-1','Migration and Urbanization: Challenges for Sustainable Development',0,NULL,NULL,NULL,0,0,0,0,0,'',0,'ok','2025-01-01','2025-01-30',0,'submissions/merged_submission_137_fOa22l3.pdf',NULL,NULL,NULL,1,3,14,1,NULL,NULL,2,NULL,NULL,NULL,NULL,'','','submissions/crm.pdf',1),(45,'Climate Change and Food Security: A Global Perspective','JCS-2024-11-3','Climate Change and Food Security: A Global Perspective',NULL,NULL,NULL,NULL,NULL,0,0,0,NULL,NULL,0,NULL,'2024-11-14','2024-11-14',0,'submissions/merged_submission_137_fOa22l3.pdf',NULL,NULL,NULL,20,3,12,1,NULL,NULL,2,NULL,NULL,NULL,NULL,'','','submissions/crm.pdf',3),(46,'Urban Green Spaces and Mental Health: Correlational Study in Major Cities','JCS-2024-11-4','Urban Green Spaces and Mental Health: Correlational Study in Major Cities',NULL,NULL,NULL,NULL,NULL,0,0,0,NULL,NULL,0,NULL,'2025-01-01','2025-01-30',0,'submissions/merged_submission_137_fOa22l3.pdf',NULL,NULL,NULL,1,3,12,2,NULL,NULL,2,NULL,NULL,NULL,NULL,'','','submissions/crm.pdf',1),(47,'Ecotourism as a Tool for Environmental Conservation in Developing Countries','JCS-2024-11-12','Ecotourism as a Tool for Environmental Conservation in Developing Countries',NULL,NULL,NULL,NULL,NULL,0,0,0,NULL,'',0,'','2024-11-14','2024-11-14',0,'submissions/merged_submission_137_fOa22l3.pdf','',NULL,NULL,NULL,NULL,14,NULL,NULL,NULL,2,NULL,NULL,NULL,NULL,'','','submissions/crm.pdf',3),(48,'The Impact of Remote Work on Employee Productivity and Company Culture','JCS-2024-11-5','The Impact of Remote Work on Employee Productivity and Company Culture',NULL,NULL,NULL,NULL,NULL,0,0,0,NULL,NULL,0,NULL,'2024-11-14','2024-11-14',0,'submissions/merged_submission_137_fOa22l3.pdf',NULL,NULL,NULL,1,3,10,2,NULL,NULL,2,NULL,NULL,NULL,NULL,'','','submissions/crm.pdf',8),(49,'Cryptocurrency and Traditional Banking: Disruption or Integration?','JCS-2024-11-13','Cryptocurrency and Traditional Banking: Disruption or Integration?',NULL,NULL,NULL,NULL,NULL,0,0,0,NULL,'',0,'','2024-11-14','2024-11-14',0,'submissions/merged_submission_137_fOa22l3.pdf','',NULL,NULL,6,3,4,2,NULL,NULL,2,NULL,NULL,NULL,NULL,'','','submissions/crm.pdf',1),(50,'5G Technology and Its Societal Implications: A Critical Review','JCS-2024-11-14','5G Technology and Its Societal Implications: A Critical Review',NULL,NULL,NULL,NULL,NULL,0,0,0,NULL,NULL,0,NULL,'2025-01-01','2025-01-30',0,'submissions/merged_submission_137_fOa22l3.pdf',NULL,NULL,NULL,1,3,10,2,NULL,NULL,2,NULL,NULL,NULL,NULL,'','','submissions/crm.pdf',3),(51,'The Effects of Sleep Deprivation on Cognitive Performance in College Students','JCS-2024-12-1','The Effects of Sleep Deprivation on Cognitive Performance in College Students',NULL,NULL,NULL,NULL,NULL,0,0,0,NULL,NULL,0,NULL,'2025-01-01','2024-12-14',0,'submissions/merged_submission_137_fOa22l3.pdf',NULL,NULL,NULL,1,3,4,2,NULL,NULL,2,NULL,NULL,NULL,NULL,'','','submissions/crm.pdf',8),(52,'Gamification in Education: Enhancing Learning Outcomes Through Game-Based Strategies','JCS-2025-12-2','Gamification in Education: Enhancing Learning Outcomes Through Game-Based Strategies',NULL,NULL,NULL,NULL,NULL,0,0,0,NULL,NULL,0,NULL,'2025-12-14','2025-12-14',0,'submissions/merged_submission_137_fOa22l3.pdf',NULL,NULL,NULL,20,3,3,2,NULL,NULL,2,NULL,NULL,NULL,NULL,'','','submissions/crm.pdf',1),(53,'Plastic Waste Management in Developing Countries: Challenges and Innovations','JCS-2024-11-15','Plastic Waste Management in Developing Countries: Challenges and Innovations',NULL,NULL,NULL,NULL,NULL,0,0,0,NULL,NULL,0,NULL,'2025-01-01','2025-01-30',0,'submissions/merged_submission_137_fOa22l3.pdf',NULL,NULL,NULL,1,3,5,2,NULL,NULL,2,NULL,NULL,NULL,NULL,'','','submissions/crm.pdf',1),(54,'The Role of Indigenous Knowledge in Biodiversity Conservation','JCS-2024-11-16','The Role of Indigenous Knowledge in Biodiversity Conservation',NULL,NULL,NULL,NULL,NULL,0,0,0,NULL,NULL,0,NULL,'2024-11-19','2024-11-19',0,'submissions/merged_submission_137_fOa22l3.pdf',NULL,NULL,NULL,1,3,4,2,NULL,NULL,2,NULL,NULL,NULL,NULL,'','','submissions/crm.pdf',3),(55,'Consumer Behavior in the Age of Personalization and Big Data','JCS-2024-11-17','Consumer Behavior in the Age of Personalization and Big Data',NULL,NULL,NULL,NULL,NULL,0,0,0,NULL,NULL,0,NULL,'2024-11-21','2024-11-21',0,'submissions/merged_submission_137_fOa22l3.pdf',NULL,NULL,NULL,1,3,4,2,NULL,NULL,2,NULL,NULL,NULL,NULL,'','','submissions/crm.pdf',1),(56,'The Gig Economy: Benefits, Risks, and the Future of Work','JCS-2024-11-18','The Gig Economy: Benefits, Risks, and the Future of Work',0,NULL,NULL,NULL,0,0,0,0,0,'',0,'jry','2024-11-21','2025-06-18',0,'submissions/merged_submission_137_fOa22l3.pdf','',NULL,NULL,7,3,16,2,NULL,7,2,NULL,'2025-07-02',NULL,NULL,'','','submissions/crm.pdf',1),(57,'Postcolonial Themes in Contemporary African Literature','JCS-2025-02-1','Postcolonial Themes in Contemporary African Literature',NULL,NULL,NULL,NULL,NULL,0,0,0,NULL,NULL,0,NULL,'2025-01-01','2025-01-30',0,'submissions/merged_submission_137_fOa22l3.pdf',NULL,NULL,NULL,1,3,10,2,NULL,NULL,2,NULL,NULL,NULL,NULL,'','','submissions/crm.pdf',8),(58,'The Impact of Streaming Services on the Global Film Industry','JCS-2025-06-1','The Impact of Streaming Services on the Global Film Industry',0,NULL,NULL,NULL,0,0,0,0,0,'',0,'xfj','2025-06-11','2025-07-10',0,'submissions/merged_submission_58.pdf','',NULL,NULL,12,3,1,2,NULL,10,2,NULL,'2025-07-24',NULL,NULL,'','','submissions/crm.pdf',1),(59,'The Impact of Artificial Intelligence on Employment Trends: Challenges and Opportunities','IJAM-2025-06-1','The Impact of Artificial Intelligence on Employment Trends: Challenges and Opportunities',0,NULL,NULL,NULL,0,0,0,0,0,'',0,'jmhv','2025-06-16','2025-06-16',0,'submissions/merged_submission_59.pdf',NULL,NULL,NULL,5,3,1,2,NULL,NULL,3,NULL,NULL,NULL,NULL,'','','submissions/crm.pdf',1),(60,'A Comparative Study of Machine Learning Algorithms','JCS-2025-06-2','A Comparative Study of Machine Learning Algorithms',0,NULL,NULL,NULL,0,0,0,0,0,'',0,'cover','2025-06-18','2025-06-19',1,'submissions/merged_submission_60_i070Vp3.pdf','AE Comments:\r\nReviewers Comments:\r\n\r\n\r\n\r\nThe paper presents a well-structured and novel approach to solving the stated problem using AI techniques. The methodology is sound, and the experimental results support the claims effectively.','2025-06-19','2025-06-26',13,3,1,2,1,21,2,NULL,'2025-07-02',NULL,'2025-06-27','submissions/sample_yMGCvSS_B2m6xbi.docx','','submissions/crm.pdf',1),(62,'jhvgb','JCM-2025-06-1','Anemia is a major burden on global health, and its various subtypes must be appropriately identified in order to allow for effectiveclinical interventions. Although anemia detection has been enhanced by recent machine learning (ML) approaches, most models cast it as a binaryclassification problem and categorize if a patient is anemic without any information about the kind. In this paper, we propose a real-time two-stage multi-class anemia subtype diagnosis frameworknamed HemoType-Net++ with an integrated XGBoost learning model and a medical rule-based refinement layer. The model takes as input standard CBC parameters and endpoints results into clinically relevantclassifications, including iron deficiency anemia, normocytic anemia, and megaloblastic anemia. Following prediction, expert-driven logic is added at MCV, MCH, and MCHC thresholds to consolidate and increase sensitivity without dependenceon black-box explainable tools. The proposed framework is integrated into an interactive Gradio interface and allows for real-time feedback and seamless user interaction. HemoType-Net++ has been tested on an independent CBC dataset of 1,281 patient samples (obtained from Kaggle) with multi-class classification accuracy of 94.7%, demonstrating the predictive ability and alignment with clinical intuition of the proposedsolution. Becauseof its edge-device compatibility and lightweight nature, it is apt for institutions as well as field use. The modular design facilitates future expansions, such as combining with other lab tests, enlarging multi-center datasets, and ensemble model comparison forbetter clinical reliability.',NULL,NULL,NULL,NULL,NULL,0,0,0,NULL,NULL,0,NULL,'2025-06-24','2025-06-24',0,'',NULL,NULL,NULL,20,3,14,2,NULL,NULL,2,NULL,NULL,NULL,NULL,'','','',1),(63,'The Influence of Social Media on Adolescent Mental Health: A Meta-Analysis','JECE-2025-07-1','The Influence of Social Media on Adolescent Mental Health: A Meta-Analysis',0,NULL,NULL,NULL,0,0,0,0,0,'',0,'The Influence of Social Media on Adolescent Mental Health: A Meta-Analysis','2025-07-10','2025-07-10',0,'submissions/merged_submission_63.pdf',NULL,NULL,NULL,21,3,1,1,NULL,NULL,1,NULL,NULL,NULL,NULL,'','','',1),(64,'Sustainable Agriculture Practices and Their Effects on Soil Health','JCS-2025-07-1','Sustainable Agriculture Practices and Their Effects on Soil Health',0,NULL,NULL,NULL,0,0,0,0,0,'',0,'Sustainable Agriculture Practices and Their Effects on Soil Health','2025-07-10','2025-07-10',0,'submissions/merged_submission_64.pdf',NULL,NULL,NULL,3,3,1,2,NULL,7,2,NULL,NULL,NULL,NULL,'','','submissions/sample_CBpxrgf.pdf',3);
/*!40000 ALTER TABLE `oss_submission` ENABLE KEYS */;
UNLOCK TABLES;

--
-- Table structure for table `oss_submission_files`
--

DROP TABLE IF EXISTS `oss_submission_files`;
/*!40101 SET @saved_cs_client     = @@character_set_client */;
/*!50503 SET character_set_client = utf8mb4 */;
CREATE TABLE `oss_submission_files` (
  `id` bigint NOT NULL AUTO_INCREMENT,
  `file` varchar(100) NOT NULL,
  `file_size` double NOT NULL,
  `file_category_id` bigint NOT NULL,
  `submission_id` bigint NOT NULL,
  PRIMARY KEY (`id`),
  KEY `oss_submission_files_file_category_id_f9d5987c_fk_oss_file_` (`file_category_id`),
  KEY `oss_submission_files_submission_id_682642c2_fk_oss_submission_id` (`submission_id`),
  CONSTRAINT `oss_submission_files_file_category_id_f9d5987c_fk_oss_file_` FOREIGN KEY (`file_category_id`) REFERENCES `oss_file_category` (`id`),
  CONSTRAINT `oss_submission_files_submission_id_682642c2_fk_oss_submission_id` FOREIGN KEY (`submission_id`) REFERENCES `oss_submission` (`id`)
) ENGINE=InnoDB AUTO_INCREMENT=88 DEFAULT CHARSET=utf8mb4 COLLATE=utf8mb4_0900_ai_ci;
/*!40101 SET character_set_client = @saved_cs_client */;

--
-- Dumping data for table `oss_submission_files`
--

LOCK TABLES `oss_submission_files` WRITE;
/*!40000 ALTER TABLE `oss_submission_files` DISABLE KEYS */;
INSERT INTO `oss_submission_files` VALUES (1,'submissions/Leads_Generations.docx',33170,1,21),(2,'submissions/ring.jpg',14517,2,21),(3,'submissions/8.pdf',37979,1,27),(4,'submissions/maxresdefault.jpg',106286,2,30),(5,'submissions/7_2wEQ62h.pdf',38791,2,30),(10,'submissions/Recommender_Systems_USPAN_COPY_OWhSGL1.docx',398698,1,32),(11,'submissions/7_6pTnMJf.pdf',38791,2,32),(12,'submissions/5_o1oum12.pdf',48401,2,33),(13,'submissions/maxresdefault_zXpVepr.jpg',106286,3,33),(14,'submissions/7_KX2TGvC.pdf',38791,1,34),(15,'submissions/8_MO3iVcQ.pdf',37979,1,34),(16,'submissions/Recommender_Systems_USPAN_COPY_eG4H2tF.docx',398698,2,34),(17,'submissions/3_eVyfGpQ.pdf',37385,1,36),(18,'submissions/4_9MfWAzF.pdf',45077,2,28),(19,'submissions/Karpagam_Publication.docx',1226190,2,25),(20,'submissions/4_sInMXw0.pdf',45077,1,29),(39,'submissions/22.webp',10394,1,30),(61,'submissions/website_changes-28_MdNlzgm.10.2024_1_1.docx',639734,2,31),(62,'submissions/alumni_portal_DB_DbxPGsP.pdf',3948869,1,31),(71,'submissions/dummy-member_1.jpg',16147,1,35),(72,'submissions/website_changes-28_BmpdbAu.10.2024_1_1.docx',642512,2,35),(73,'submissions/alumini_portal_file_cnGIedH.pdf',76619,3,35),(76,'submissions/alumni_portal_DB_1.pdf',3948869,1,56),(80,'submissions/Birth_Certificate.pdf',2803,1,57),(81,'submissions/merged_submission_137.docx',63740,1,58),(82,'submissions/CERTIFICATE-FREEDOM-RUN--COIMBATORE-03.jpg',1193588,2,58),(83,'submissions/merged_submission_137_VaEGVF9.pdf',96951,1,59),(84,'submissions/sample_WyLQlcf.docx',10612102,1,60),(86,'submissions/converted_F7JhaBH.pdf',38260,1,63),(87,'submissions/converted_0YYWNFL.pdf',38260,1,64);
/*!40000 ALTER TABLE `oss_submission_files` ENABLE KEYS */;
UNLOCK TABLES;

--
-- Table structure for table `oss_submission_reviewer`
--

DROP TABLE IF EXISTS `oss_submission_reviewer`;
/*!40101 SET @saved_cs_client     = @@character_set_client */;
/*!50503 SET character_set_client = utf8mb4 */;
CREATE TABLE `oss_submission_reviewer` (
  `id` bigint NOT NULL AUTO_INCREMENT,
  `completion_on` datetime(6) DEFAULT NULL,
  `accepted_on` datetime(6) DEFAULT NULL,
  `review_recommendation` varchar(5) NOT NULL,
  `review_comments` longtext NOT NULL,
  `due_date` date DEFAULT NULL,
  `request_status_id` bigint NOT NULL,
  `reviewer_id` bigint NOT NULL,
  `submission_id` bigint NOT NULL,
  PRIMARY KEY (`id`),
  KEY `oss_submission_revie_request_status_id_a86741f7_fk_oss_reque` (`request_status_id`),
  KEY `oss_submission_revie_reviewer_id_564f7ab9_fk_account_a` (`reviewer_id`),
  KEY `oss_submission_revie_submission_id_1d431b52_fk_oss_submi` (`submission_id`),
  CONSTRAINT `oss_submission_revie_request_status_id_a86741f7_fk_oss_reque` FOREIGN KEY (`request_status_id`) REFERENCES `oss_request_status` (`id`),
  CONSTRAINT `oss_submission_revie_reviewer_id_564f7ab9_fk_account_a` FOREIGN KEY (`reviewer_id`) REFERENCES `account_author` (`id`),
  CONSTRAINT `oss_submission_revie_submission_id_1d431b52_fk_oss_submi` FOREIGN KEY (`submission_id`) REFERENCES `oss_submission` (`id`)
) ENGINE=InnoDB AUTO_INCREMENT=50 DEFAULT CHARSET=utf8mb4 COLLATE=utf8mb4_0900_ai_ci;
/*!40101 SET character_set_client = @saved_cs_client */;

--
-- Dumping data for table `oss_submission_reviewer`
--

LOCK TABLES `oss_submission_reviewer` WRITE;
/*!40000 ALTER TABLE `oss_submission_reviewer` DISABLE KEYS */;
INSERT INTO `oss_submission_reviewer` VALUES (1,'2024-07-26 10:59:59.982957','2024-07-26 10:35:45.323420','A','jhjmhbtgj',NULL,3,8,4),(2,'2024-07-27 04:10:40.283069','2024-07-27 04:10:28.218065','R','kuyfuly',NULL,3,8,6),(3,'2024-07-31 05:54:25.483477','2024-07-31 05:53:25.458900','A','Ensure',NULL,3,8,15),(4,'2024-07-31 09:40:18.938441','2024-07-31 09:39:55.593699','R','check formaqt',NULL,3,8,2),(5,'2024-07-31 09:43:37.447171','2024-07-31 09:41:19.954831','A','Ensure',NULL,3,8,17),(7,'2024-07-31 09:48:17.065494','2024-07-31 09:48:01.159214','A','i Accepted',NULL,3,8,19),(8,'2024-07-31 09:52:43.019622','2024-07-31 09:52:27.431828','A','ok',NULL,3,8,20),(9,'2024-08-01 04:49:12.527795','2024-08-01 04:48:57.226612','A','ensure',NULL,3,8,18),(11,'2024-08-01 15:23:29.109052','2024-08-01 15:20:23.033299','A','fjfhjjhgjjjjj',NULL,3,8,21),(19,NULL,'2024-08-06 06:34:18.203478','','','2024-08-20',3,6,22),(20,NULL,'2024-08-06 06:34:59.357855','','','2024-08-20',3,7,22),(23,'2024-08-06 07:26:55.391880','2024-08-06 07:26:10.834577','A','nice\n','2024-08-20',4,7,16),(24,'2024-08-06 07:26:29.582539','2024-08-06 07:26:17.989595','A','nice\n','2024-08-20',4,6,16),(28,'2024-08-08 09:03:41.545202','2024-08-08 09:03:28.289483','A','gjhg\n','2024-08-22',4,8,27),(33,'2024-08-09 15:37:23.402081','2024-08-09 15:25:41.615019','A','ok for me\n','2024-08-23',4,8,32),(34,'2024-08-09 16:27:13.047562','2024-08-09 16:17:13.522675','A','ok i think\n','2024-08-23',4,8,33),(36,'2024-08-14 09:04:31.000000','2024-08-12 03:42:52.200494','A','okkok','2024-08-26',3,8,14),(37,'2024-08-14 11:20:28.537949','2024-08-14 11:20:04.147333','A','okokoko\n','2024-08-28',4,8,29),(38,'2024-11-07 11:59:55.946706','2024-11-07 11:59:16.973359','A','ok sir\n','2024-11-21',4,8,30),(39,'2025-03-11 12:11:59.180593','2024-11-11 09:37:57.637178','A','','2024-11-25',4,8,31),(45,'2025-03-11 12:56:51.237112','2025-03-11 12:56:28.973238','A','ser\n','2025-03-25',4,8,5),(46,NULL,'2025-06-17 06:35:47.230665','','','2025-07-01',3,8,13),(47,NULL,'2025-06-18 12:42:29.453027','','','2025-07-02',3,8,56),(48,'2025-06-18 12:52:15.873752','2025-06-18 12:50:53.615262','A','The paper presents a well-structured and novel approach to solving the stated problem using AI techniques. The methodology is sound, and the experimental results support the claims effectively.\n','2025-07-02',4,8,60),(49,'2025-07-10 07:19:11.718491','2025-07-10 07:07:17.191416','A','ok to process\n','2025-07-24',4,8,58);
/*!40000 ALTER TABLE `oss_submission_reviewer` ENABLE KEYS */;
UNLOCK TABLES;
/*!40103 SET TIME_ZONE=@OLD_TIME_ZONE */;

/*!40101 SET SQL_MODE=@OLD_SQL_MODE */;
/*!40014 SET FOREIGN_KEY_CHECKS=@OLD_FOREIGN_KEY_CHECKS */;
/*!40014 SET UNIQUE_CHECKS=@OLD_UNIQUE_CHECKS */;
/*!40101 SET CHARACTER_SET_CLIENT=@OLD_CHARACTER_SET_CLIENT */;
/*!40101 SET CHARACTER_SET_RESULTS=@OLD_CHARACTER_SET_RESULTS */;
/*!40101 SET COLLATION_CONNECTION=@OLD_COLLATION_CONNECTION */;
/*!40111 SET SQL_NOTES=@OLD_SQL_NOTES */;

-- Dump completed on 2025-07-17 15:51:17
